-- phpMyAdmin SQL Dump
-- version 4.5.4.1deb2ubuntu2
-- http://www.phpmyadmin.net
--
-- Host: localhost
-- Generation Time: Jul 08, 2017 at 04:43 PM
-- Server version: 5.7.16-0ubuntu0.16.04.1
-- PHP Version: 7.0.8-0ubuntu0.16.04.3

SET SQL_MODE = "NO_AUTO_VALUE_ON_ZERO";
SET time_zone = "+00:00";


/*!40101 SET @OLD_CHARACTER_SET_CLIENT=@@CHARACTER_SET_CLIENT */;
/*!40101 SET @OLD_CHARACTER_SET_RESULTS=@@CHARACTER_SET_RESULTS */;
/*!40101 SET @OLD_COLLATION_CONNECTION=@@COLLATION_CONNECTION */;
/*!40101 SET NAMES utf8mb4 */;

--
-- Database: `source-jing`
--

-- --------------------------------------------------------

--
-- Table structure for table `address`
--

CREATE TABLE `address` (
  `id` int(11) NOT NULL,
  `company_id` int(11) NOT NULL,
  `street` text NOT NULL,
  `city` varchar(100) NOT NULL,
  `state` varchar(100) NOT NULL,
  `country_id` int(11) NOT NULL,
  `zipcode` int(11) NOT NULL,
  `delete_flag` char(1) NOT NULL DEFAULT 'n'
) ENGINE=InnoDB DEFAULT CHARSET=latin1;

--
-- Dumping data for table `address`
--

INSERT INTO `address` (`id`, `company_id`, `street`, `city`, `state`, `country_id`, `zipcode`, `delete_flag`) VALUES
(1, 3, 'address', 'city', 'state', 1, 0, 'n'),
(2, 4, 'address', 'city', 'state', 1, 0, 'n'),
(3, 5, 'address', 'city', 'state', 1, 0, 'n'),
(4, 6, 'address', 'city', 'state', 1, 0, 'n'),
(5, 7, 'address', 'city', 'state', 1, 0, 'n'),
(6, 9, 'address', 'city', 'state', 1, 0, 'n'),
(7, 10, 'address', 'city', 'state', 1, 0, 'n'),
(8, 11, 'address', 'city', 'state', 1, 0, 'n'),
(9, 12, 'address', 'city', 'state', 1, 0, 'n'),
(10, 13, 'address', 'city', 'state', 1, 0, 'n'),
(11, 14, 'address', 'city', 'state', 1, 0, 'n'),
(12, 15, 'address', 'city', 'state', 1, 0, 'n'),
(13, 16, 'address', 'city', 'state', 1, 0, 'n'),
(14, 18, 'address', 'city', 'state', 1, 0, 'n'),
(15, 19, 'address', 'city', 'state', 1, 0, 'n'),
(16, 20, 'address', 'city', 'state', 1, 0, 'n'),
(17, 21, 'address', 'city', 'state', 1, 0, 'n'),
(18, 22, 'test', 'test', 'test', 1, 0, 'n'),
(19, 23, 'test', 'test', 'test', 1, 0, 'n'),
(20, 24, 'test', 'test', 'test', 1, 0, 'n'),
(21, 25, 'test', 'test', 'test', 1, 0, 'n'),
(22, 26, 'test', 'test', 'test', 1, 0, 'n'),
(23, 27, 'customer', 'customer', 'customer', 1, 0, 'n'),
(24, 28, 'Hatford St. Cubao', 'Quezon City', 'Metro Manila', 1, 90025, 'n'),
(25, 29, 'supplier', 'supplier', 'supplier', 1, 0, 'n'),
(26, 30, 'supplier2', 'supplier2', 'supplier2', 1, 0, 'n'),
(27, 31, 'Address 2', 'City 2', 'State 2', 2, 12345, 'n'),
(28, 32, 'Address 3', 'City 3', 'State 3', 1, 1234567890, 'n'),
(29, 33, 'Unit B Ang Building Ang Street Cubao', 'Quezon City', 'METRO MANILA', 1, 1500, 'n'),
(30, 34, 'UNIT A LOT 6 BLOCK 32 STOLBERG ST., MERCEDES EXECUTIVE VILLAGE, SAN MIGUEL', 'PASIG CITY', 'METRO MANILA', 1, 1600, 'n'),
(31, 35, 'dsgdsg', 'Indore', 'MP', 1, 452001, 'n'),
(32, 36, '570 magsaysay st. manggahan  ', 'pasig city', 'metro manila', 1, 1611, 'n'),
(33, 37, '633 malvar st manggahan', 'pasig city', 'ncr', 1, 1, 'n'),
(34, 38, '570 magsaysay st manggahan', 'pasig city', 'ncr', 1, 1611, 'n'),
(35, 39, 'Address', 'City', 'State', 1, 4103, 'n');

-- --------------------------------------------------------

--
-- Table structure for table `adminuser`
--

CREATE TABLE `adminuser` (
  `id` int(11) NOT NULL,
  `username` varchar(100) NOT NULL,
  `email` varchar(150) NOT NULL,
  `password` varchar(100) NOT NULL,
  `type_id` int(11) NOT NULL,
  `name` varchar(100) DEFAULT NULL,
  `delete_flag` char(1) NOT NULL
) ENGINE=InnoDB DEFAULT CHARSET=latin1;

--
-- Dumping data for table `adminuser`
--

INSERT INTO `adminuser` (`id`, `username`, `email`, `password`, `type_id`, `name`, `delete_flag`) VALUES
(1, 'chrispinugu', 'chrispinugu@yahoo.com', '$2y$08$5Esok2qwWWBlqH3gWvZo7uqTepy3LYm4RaWn.1hBY87ib2bsD2kyO', 1, 'Christopher Pinugu', 'n'),
(2, 'kennedyang', 'kennedyang@gmail.com', '$2y$08$n0DK.36BUJnjjTM0XkJe8.38mppzsapglCN9Q15zWMQF9r9dIqgNO', 1, 'Kennedy Ang', 'n');

-- --------------------------------------------------------

--
-- Table structure for table `adminusertype`
--

CREATE TABLE `adminusertype` (
  `id` int(11) NOT NULL,
  `name` varchar(100) NOT NULL,
  `description` text,
  `delete_flag` char(1) NOT NULL DEFAULT 'n'
) ENGINE=InnoDB DEFAULT CHARSET=latin1;

-- --------------------------------------------------------

--
-- Table structure for table `blacklist`
--

CREATE TABLE `blacklist` (
  `id` int(11) NOT NULL,
  `company_id` int(11) NOT NULL,
  `reason` text NOT NULL,
  `date` datetime NOT NULL,
  `delete_flag` char(1) NOT NULL DEFAULT 'n'
) ENGINE=InnoDB DEFAULT CHARSET=latin1;

-- --------------------------------------------------------

--
-- Table structure for table `businesstype`
--

CREATE TABLE `businesstype` (
  `id` int(11) NOT NULL,
  `name` varchar(100) NOT NULL,
  `description` text,
  `delete_flag` char(1) NOT NULL DEFAULT 'n'
) ENGINE=InnoDB DEFAULT CHARSET=latin1;

--
-- Dumping data for table `businesstype`
--

INSERT INTO `businesstype` (`id`, `name`, `description`, `delete_flag`) VALUES
(1, 'Healthcare', NULL, 'n'),
(2, 'Trading', NULL, 'n');

-- --------------------------------------------------------

--
-- Table structure for table `cart`
--

CREATE TABLE `cart` (
  `id` int(11) NOT NULL,
  `contact_id` int(11) NOT NULL,
  `company_id` int(11) NOT NULL,
  `instruction` text,
  `orderdate` datetime NOT NULL,
  `deliverydate` datetime NOT NULL,
  `status_id` int(11) NOT NULL,
  `title` varchar(150) DEFAULT NULL,
  `delete_flag` char(1) NOT NULL DEFAULT 'n'
) ENGINE=InnoDB DEFAULT CHARSET=latin1;

--
-- Dumping data for table `cart`
--

INSERT INTO `cart` (`id`, `contact_id`, `company_id`, `instruction`, `orderdate`, `deliverydate`, `status_id`, `title`, `delete_flag`) VALUES
(1, 40, 28, NULL, '0000-00-00 00:00:00', '0000-00-00 00:00:00', 2, NULL, 'n'),
(2, 40, 28, NULL, '0000-00-00 00:00:00', '0000-00-00 00:00:00', 2, NULL, 'n'),
(3, 40, 28, 'This is a test', '0000-00-00 00:00:00', '2016-11-04 00:00:00', 2, NULL, 'n'),
(4, 40, 28, '', '0000-00-00 00:00:00', '0000-00-00 00:00:00', 2, NULL, 'n'),
(5, 40, 28, '', '0000-00-00 00:00:00', '2016-10-29 00:00:00', 2, NULL, 'n'),
(6, 40, 28, '', '0000-00-00 00:00:00', '2016-10-29 00:00:00', 2, NULL, 'n'),
(7, 40, 28, '', '0000-00-00 00:00:00', '2016-10-29 00:00:00', 2, NULL, 'n'),
(8, 40, 28, '', '0000-00-00 00:00:00', '2016-10-29 00:00:00', 2, NULL, 'n'),
(9, 40, 28, '', '0000-00-00 00:00:00', '2016-10-29 00:00:00', 2, NULL, 'n'),
(10, 40, 28, '', '0000-00-00 00:00:00', '2016-10-29 00:00:00', 2, NULL, 'n'),
(11, 40, 28, '', '2016-10-26 16:14:46', '2016-10-29 00:00:00', 2, NULL, 'n'),
(12, 40, 28, '', '2016-10-26 16:16:18', '2016-10-29 00:00:00', 2, NULL, 'n'),
(13, 40, 28, '', '2016-10-26 16:17:13', '2016-10-29 00:00:00', 2, NULL, 'n'),
(14, 40, 28, '', '2016-10-26 19:21:33', '2016-10-29 00:00:00', 2, NULL, 'n'),
(15, 40, 28, '', '2016-11-03 08:01:52', '0001-00-02 00:00:00', 2, NULL, 'n'),
(16, 43, 31, '', '2016-10-27 06:24:21', '2016-10-29 00:00:00', 2, NULL, 'n'),
(17, 43, 31, '', '2016-10-27 09:20:10', '2016-10-30 00:00:00', 2, NULL, 'n'),
(18, 43, 31, NULL, '2016-10-27 09:57:31', '0000-00-00 00:00:00', 1, NULL, 'n'),
(19, 40, 28, 'DELIVERY', '2016-11-03 20:01:23', '0001-00-02 00:00:00', 2, NULL, 'n'),
(20, 40, 28, 'test instructions', '2017-01-19 18:20:33', '2017-01-22 00:00:00', 2, NULL, 'n'),
(21, 45, 33, NULL, '2016-12-01 09:05:27', '0000-00-00 00:00:00', 1, NULL, 'n'),
(22, 41, 29, NULL, '2016-12-06 11:51:15', '0000-00-00 00:00:00', 1, NULL, 'n'),
(23, 47, 35, NULL, '2016-12-09 11:57:03', '0000-00-00 00:00:00', 1, NULL, 'n'),
(24, 49, 36, 'Please call me first', '2016-12-16 15:09:02', '2016-12-18 00:00:00', 1, NULL, 'n'),
(25, 42, 30, NULL, '2017-01-02 03:32:50', '0000-00-00 00:00:00', 1, NULL, 'n'),
(26, 40, 28, '', '2017-02-11 09:03:02', '2017-02-13 00:00:00', 2, NULL, 'n'),
(27, 52, 39, NULL, '2017-07-05 13:25:36', '0000-00-00 00:00:00', 1, NULL, 'n');

-- --------------------------------------------------------

--
-- Table structure for table `cartcustom`
--

CREATE TABLE `cartcustom` (
  `id` int(11) NOT NULL,
  `cart_id` int(11) NOT NULL,
  `category_id` int(11) NOT NULL,
  `quantity` int(20) NOT NULL,
  `customname` varchar(255) NOT NULL,
  `delete_flag` char(1) NOT NULL DEFAULT 'n'
) ENGINE=InnoDB DEFAULT CHARSET=latin1;

--
-- Dumping data for table `cartcustom`
--

INSERT INTO `cartcustom` (`id`, `cart_id`, `category_id`, `quantity`, `customname`, `delete_flag`) VALUES
(1, 14, 12, 1, 'Test', 'n'),
(2, 14, 9, 1, 'Test', 'n'),
(3, 15, 9, 1, 'Test', 'n'),
(4, 16, 9, 10, 'Custom 1', 'n'),
(5, 17, 9, 100, 'Hey', 'n'),
(6, 20, 10, 20, 'chris nail', 'n'),
(7, 20, 11, 30, 'chris saw', 'n');

-- --------------------------------------------------------

--
-- Table structure for table `cartdetail`
--

CREATE TABLE `cartdetail` (
  `id` int(11) NOT NULL,
  `cart_id` int(11) NOT NULL,
  `product_id` int(11) NOT NULL,
  `quantity` int(20) NOT NULL,
  `delete_flag` char(1) NOT NULL DEFAULT 'n'
) ENGINE=InnoDB DEFAULT CHARSET=latin1;

--
-- Dumping data for table `cartdetail`
--

INSERT INTO `cartdetail` (`id`, `cart_id`, `product_id`, `quantity`, `delete_flag`) VALUES
(1, 3, 1, 17, 'n'),
(2, 3, 2, 50, 'n'),
(3, 3, 9, 1222, 'n'),
(4, 3, 8, 100, 'n'),
(5, 4, 1, 2, 'n'),
(6, 10, 1, 1, 'n'),
(7, 11, 1, 1, 'n'),
(8, 12, 1, 1, 'n'),
(9, 13, 1, 10, 'n'),
(10, 16, 1, 2, 'n'),
(11, 15, 1, 1, 'n'),
(12, 15, 8, 1, 'n'),
(13, 19, 1, 1, 'n'),
(14, 20, 1, 1020, 'y'),
(15, 20, 2, 199, 'y'),
(16, 21, 1, 3, 'n'),
(17, 21, 2, 1, 'y'),
(18, 22, 1, 2, 'n'),
(19, 24, 8, 101, 'y'),
(20, 24, 8, 100, 'n'),
(21, 24, 1, 999, 'y'),
(22, 24, 1, 1000, 'n'),
(23, 20, 2, 100, 'n'),
(24, 20, 7, 50, 'y'),
(25, 20, 1, 1000, 'n'),
(26, 26, 1, 998, 'n');

-- --------------------------------------------------------

--
-- Table structure for table `cartstatus`
--

CREATE TABLE `cartstatus` (
  `id` int(11) NOT NULL,
  `name` varchar(100) NOT NULL,
  `description` text,
  `delete_flag` char(1) NOT NULL DEFAULT 'n'
) ENGINE=InnoDB DEFAULT CHARSET=latin1;

--
-- Dumping data for table `cartstatus`
--

INSERT INTO `cartstatus` (`id`, `name`, `description`, `delete_flag`) VALUES
(1, 'New', NULL, 'n'),
(2, 'Submitted as Quote', NULL, 'n');

-- --------------------------------------------------------

--
-- Table structure for table `category`
--

CREATE TABLE `category` (
  `id` int(11) NOT NULL,
  `name` text NOT NULL,
  `categorylevel_id` int(11) NOT NULL,
  `parent_id` int(11) NOT NULL DEFAULT '0',
  `description` text,
  `enable_flag` char(1) NOT NULL DEFAULT 'y',
  `delete_flag` char(1) NOT NULL DEFAULT 'n'
) ENGINE=InnoDB DEFAULT CHARSET=latin1;

--
-- Dumping data for table `category`
--

INSERT INTO `category` (`id`, `name`, `categorylevel_id`, `parent_id`, `description`, `enable_flag`, `delete_flag`) VALUES
(1, 'Hardware', 1, 0, NULL, 'y', 'n'),
(2, 'Office Furniture', 1, 0, NULL, 'y', 'n'),
(3, 'Food', 1, 0, NULL, 'y', 'n'),
(4, 'Home Furniture', 1, 0, NULL, 'y', 'n'),
(5, 'Vehicle Parts', 1, 0, NULL, 'y', 'n'),
(6, 'PC Supplies', 1, 0, NULL, 'y', 'n'),
(7, 'Electronics', 1, 0, NULL, 'y', 'n'),
(8, 'On Sale', 1, 0, NULL, 'y', 'n'),
(9, 'Hammer', 2, 1, NULL, 'y', 'n'),
(10, 'Nail', 2, 1, NULL, 'y', 'n'),
(11, 'Saw', 2, 1, NULL, 'y', 'n'),
(12, 'Screw', 2, 1, NULL, 'y', 'n'),
(13, 'Drill', 2, 1, NULL, 'y', 'n'),
(14, 'Crescent', 3, 9, NULL, 'y', 'n'),
(15, 'Fein', 3, 9, NULL, 'y', 'n'),
(16, 'Freud', 3, 9, NULL, 'y', 'n'),
(17, 'Fuller', 3, 9, NULL, 'y', 'n'),
(18, 'Hilti', 3, 9, NULL, 'y', 'n'),
(19, 'Mafell', 3, 9, NULL, 'y', 'n'),
(20, 'Makita', 3, 9, NULL, 'y', 'n'),
(21, 'WORX', 3, 9, NULL, 'y', 'n'),
(22, 'Bosch', 3, 9, NULL, 'y', 'n'),
(23, 'Sandvik', 3, 9, NULL, 'y', 'n'),
(25, 'Crescent', 3, 10, NULL, 'y', 'n'),
(26, 'Fein', 3, 10, NULL, 'y', 'n'),
(27, 'Freud', 3, 10, NULL, 'y', 'n'),
(28, 'Fuller', 3, 10, NULL, 'y', 'n'),
(29, 'Hilti', 3, 10, NULL, 'y', 'n'),
(30, 'Mafell', 3, 10, NULL, 'y', 'n'),
(31, 'Makita', 3, 10, NULL, 'y', 'n'),
(32, 'WORX', 3, 10, NULL, 'y', 'n'),
(33, 'Bosch', 3, 10, NULL, 'y', 'n'),
(34, 'Sandvik', 3, 10, NULL, 'y', 'n'),
(35, 'Crescent', 3, 11, NULL, 'y', 'n'),
(36, 'Fein', 3, 11, NULL, 'y', 'n'),
(37, 'Freud', 3, 11, NULL, 'y', 'n'),
(38, 'Fuller', 3, 11, NULL, 'y', 'n'),
(39, 'Hilti', 3, 11, NULL, 'y', 'n'),
(40, 'Mafell', 3, 11, NULL, 'y', 'n'),
(41, 'Makita', 3, 11, NULL, 'y', 'n'),
(42, 'WORX', 3, 11, NULL, 'y', 'n'),
(43, 'Bosch', 3, 11, NULL, 'y', 'n'),
(44, 'Sandvik', 3, 11, NULL, 'y', 'n'),
(45, 'Crescent', 3, 12, NULL, 'y', 'n'),
(46, 'Fein', 3, 12, NULL, 'y', 'n'),
(47, 'Freud', 3, 12, NULL, 'y', 'n'),
(48, 'Fuller', 3, 12, NULL, 'y', 'n'),
(49, 'Hilti', 3, 12, NULL, 'y', 'n'),
(50, 'Mafell', 3, 12, NULL, 'y', 'n'),
(51, 'Makita', 3, 12, NULL, 'y', 'n'),
(52, 'WORX', 3, 12, NULL, 'y', 'n'),
(53, 'Bosch', 3, 12, NULL, 'y', 'n'),
(54, 'Sandvik', 3, 12, NULL, 'y', 'n');

-- --------------------------------------------------------

--
-- Table structure for table `categoryimage`
--

CREATE TABLE `categoryimage` (
  `id` int(11) NOT NULL,
  `category_id` int(11) NOT NULL,
  `filename` varchar(100) NOT NULL,
  `domain` varchar(100) NOT NULL,
  `filelocation` varchar(150) NOT NULL,
  `imagetype_id` int(11) NOT NULL,
  `primaryimage_flag` char(1) NOT NULL DEFAULT 'n',
  `delete_flag` char(1) NOT NULL DEFAULT 'n'
) ENGINE=InnoDB DEFAULT CHARSET=latin1;

-- --------------------------------------------------------

--
-- Table structure for table `categorylevel`
--

CREATE TABLE `categorylevel` (
  `id` int(11) NOT NULL,
  `name` varchar(100) NOT NULL,
  `description` text,
  `delete_flag` char(1) NOT NULL DEFAULT 'n'
) ENGINE=InnoDB DEFAULT CHARSET=latin1;

--
-- Dumping data for table `categorylevel`
--

INSERT INTO `categorylevel` (`id`, `name`, `description`, `delete_flag`) VALUES
(1, 'Test', '', 'n'),
(2, 'Category 1', '', 'n'),
(3, 'Test 2', '', 'n'),
(4, 'Test 3', '', 'n'),
(5, 'Test 4', '', 'n'),
(6, 'Test 5', '', 'n'),
(7, 'Test 6', '', 'n'),
(8, 'Test 7', '', 'n'),
(9, 'Test 8', '', 'n'),
(10, 'Test 9', '', 'n'),
(11, 'Test 10', '', 'n');

-- --------------------------------------------------------

--
-- Table structure for table `city`
--

CREATE TABLE `city` (
  `id` int(11) NOT NULL,
  `name` varchar(100) NOT NULL,
  `description` text,
  `state_id` int(11) NOT NULL,
  `delete_flag` char(1) NOT NULL DEFAULT 'n'
) ENGINE=InnoDB DEFAULT CHARSET=latin1;

-- --------------------------------------------------------

--
-- Table structure for table `ci_sessions`
--

CREATE TABLE `ci_sessions` (
  `id` varchar(40) NOT NULL,
  `ip_address` varchar(45) NOT NULL,
  `timestamp` int(10) UNSIGNED NOT NULL DEFAULT '0',
  `data` blob NOT NULL
) ENGINE=InnoDB DEFAULT CHARSET=latin1;

--
-- Dumping data for table `ci_sessions`
--

INSERT INTO `ci_sessions` (`id`, `ip_address`, `timestamp`, `data`) VALUES
('08c9ff00d3eec77d74d5de5a35e24d4bd5de90e0', '127.0.0.1', 1478657397, 0x5f5f63695f6c6173745f726567656e65726174657c693a313437383635373339373b69735f6c6f676765645f696e7c623a303b),
('85c4bb76160f0ae732f0d739343ea67859edb13d', '127.0.0.1', 1478657637, 0x5f5f63695f6c6173745f726567656e65726174657c693a313437383635373430313b69735f6c6f676765645f696e7c623a303b6964656e746974797c733a383a22737570706c696572223b757365726e616d657c733a383a22737570706c696572223b656d61696c7c733a303a22223b757365725f69647c733a323a223135223b6f6c645f6c6173745f6c6f67696e7c733a31303a2231343738363537343131223b636f6d70616e795f69647c733a323a223239223b737570706c6965727c623a313b67726f7570737c613a313a7b693a303b733a313a2233223b7d636f6e746163745f69647c733a323a223431223b),
('03ebec0c882ba7c156fa612afcca88ed1fadf202', '127.0.0.1', 1478658150, 0x5f5f63695f6c6173745f726567656e65726174657c693a313437383635383131333b69735f6c6f676765645f696e7c623a303b6964656e746974797c733a383a22737570706c696572223b757365726e616d657c733a383a22737570706c696572223b656d61696c7c733a303a22223b757365725f69647c733a323a223135223b6f6c645f6c6173745f6c6f67696e7c733a31303a2231343738363537343131223b636f6d70616e795f69647c733a323a223239223b737570706c6965727c623a313b67726f7570737c613a313a7b693a303b733a313a2233223b7d636f6e746163745f69647c733a323a223431223b),
('e7b81856036a32038c1fb69d946f25a48811504a', '127.0.0.1', 1478658793, 0x5f5f63695f6c6173745f726567656e65726174657c693a313437383635383439393b69735f6c6f676765645f696e7c623a303b6964656e746974797c733a383a22737570706c696572223b757365726e616d657c733a383a22737570706c696572223b656d61696c7c733a303a22223b757365725f69647c733a323a223135223b6f6c645f6c6173745f6c6f67696e7c733a31303a2231343738363537343131223b636f6d70616e795f69647c733a323a223239223b737570706c6965727c623a313b67726f7570737c613a313a7b693a303b733a313a2233223b7d636f6e746163745f69647c733a323a223431223b),
('0be6190bef5262213bb935894fe6e7a0a5de2472', '127.0.0.1', 1478658961, 0x5f5f63695f6c6173745f726567656e65726174657c693a313437383635383831303b69735f6c6f676765645f696e7c623a303b6964656e746974797c733a383a22737570706c696572223b757365726e616d657c733a383a22737570706c696572223b656d61696c7c733a303a22223b757365725f69647c733a323a223135223b6f6c645f6c6173745f6c6f67696e7c733a31303a2231343738363537343131223b636f6d70616e795f69647c733a323a223239223b737570706c6965727c623a313b67726f7570737c613a313a7b693a303b733a313a2233223b7d636f6e746163745f69647c733a323a223431223b),
('86265bc74c82e6b01b00cfe4a12fac441a06df93', '127.0.0.1', 1478659289, 0x5f5f63695f6c6173745f726567656e65726174657c693a313437383635393132383b69735f6c6f676765645f696e7c623a303b6964656e746974797c733a383a22737570706c696572223b757365726e616d657c733a383a22737570706c696572223b656d61696c7c733a303a22223b757365725f69647c733a323a223135223b6f6c645f6c6173745f6c6f67696e7c733a31303a2231343738363537343131223b636f6d70616e795f69647c733a323a223239223b737570706c6965727c623a313b67726f7570737c613a313a7b693a303b733a313a2233223b7d636f6e746163745f69647c733a323a223431223b),
('a1d59fdd32d8fb533a747b41fce955ddc7727eab', '127.0.0.1', 1478659618, 0x5f5f63695f6c6173745f726567656e65726174657c693a313437383635393435323b69735f6c6f676765645f696e7c623a303b6964656e746974797c733a383a22737570706c696572223b757365726e616d657c733a383a22737570706c696572223b656d61696c7c733a303a22223b757365725f69647c733a323a223135223b6f6c645f6c6173745f6c6f67696e7c733a31303a2231343738363537343131223b636f6d70616e795f69647c733a323a223239223b737570706c6965727c623a313b67726f7570737c613a313a7b693a303b733a313a2233223b7d636f6e746163745f69647c733a323a223431223b),
('ad29f9e7c77ae62b5db83c0305384a883e92cd4a', '127.0.0.1', 1478659846, 0x5f5f63695f6c6173745f726567656e65726174657c693a313437383635393834363b69735f6c6f676765645f696e7c623a303b6964656e746974797c733a383a22737570706c696572223b757365726e616d657c733a383a22737570706c696572223b656d61696c7c733a303a22223b757365725f69647c733a323a223135223b6f6c645f6c6173745f6c6f67696e7c733a31303a2231343738363537343131223b636f6d70616e795f69647c733a323a223239223b737570706c6965727c623a313b67726f7570737c613a313a7b693a303b733a313a2233223b7d636f6e746163745f69647c733a323a223431223b),
('1ee1b4098e2aa34be8fa7a4895f3cdb26ad6c01a', '127.0.0.1', 1478662731, 0x5f5f63695f6c6173745f726567656e65726174657c693a313437383636323730333b69735f6c6f676765645f696e7c623a303b6964656e746974797c733a383a22737570706c696572223b757365726e616d657c733a383a22737570706c696572223b656d61696c7c733a303a22223b757365725f69647c733a323a223135223b6f6c645f6c6173745f6c6f67696e7c733a31303a2231343738363537343131223b636f6d70616e795f69647c733a323a223239223b737570706c6965727c623a313b67726f7570737c613a313a7b693a303b733a313a2233223b7d636f6e746163745f69647c733a323a223431223b),
('19514ccbd6713c8c418e572ebcaa65e2706d8936', '127.0.0.1', 1478663521, 0x5f5f63695f6c6173745f726567656e65726174657c693a313437383636333231393b69735f6c6f676765645f696e7c623a303b6964656e746974797c733a383a22737570706c696572223b757365726e616d657c733a383a22737570706c696572223b656d61696c7c733a303a22223b757365725f69647c733a323a223135223b6f6c645f6c6173745f6c6f67696e7c733a31303a2231343738363537343131223b636f6d70616e795f69647c733a323a223239223b737570706c6965727c623a313b67726f7570737c613a313a7b693a303b733a313a2233223b7d636f6e746163745f69647c733a323a223431223b),
('a7422544bf90f1c3cde5e1531ff45d2c1f71fd54', '127.0.0.1', 1478664125, 0x5f5f63695f6c6173745f726567656e65726174657c693a313437383636333835363b69735f6c6f676765645f696e7c623a303b6964656e746974797c733a383a22737570706c696572223b757365726e616d657c733a383a22737570706c696572223b656d61696c7c733a303a22223b757365725f69647c733a323a223135223b6f6c645f6c6173745f6c6f67696e7c733a31303a2231343738363537343131223b636f6d70616e795f69647c733a323a223239223b737570706c6965727c623a313b67726f7570737c613a313a7b693a303b733a313a2233223b7d636f6e746163745f69647c733a323a223431223b),
('c042a3cb74dbc85bdf28d67f261afc1088712812', '127.0.0.1', 1478670582, 0x5f5f63695f6c6173745f726567656e65726174657c693a313437383636393934313b69735f6c6f676765645f696e7c623a303b6964656e746974797c733a383a22737570706c696572223b757365726e616d657c733a383a22737570706c696572223b656d61696c7c733a303a22223b757365725f69647c733a323a223135223b6f6c645f6c6173745f6c6f67696e7c733a31303a2231343738363537343131223b636f6d70616e795f69647c733a323a223239223b737570706c6965727c623a313b67726f7570737c613a313a7b693a303b733a313a2233223b7d636f6e746163745f69647c733a323a223431223b),
('1a63dcce121091a10786e8fe6d7d50372c28c5a9', '180.190.90.190', 1478844454, 0x5f5f63695f6c6173745f726567656e65726174657c693a313437383834343435343b69735f6c6f676765645f696e7c623a303b6964656e746974797c733a31313a22636872697370696e756775223b757365726e616d657c733a31313a22636872697370696e756775223b656d61696c7c733a32313a22636872697370696e756775407961686f6f2e636f6d223b757365725f69647c733a323a223134223b6f6c645f6c6173745f6c6f67696e7c733a31303a2231343738383432363936223b636f6d70616e795f69647c733a323a223238223b737570706c6965727c623a303b67726f7570737c613a313a7b693a303b733a313a2232223b7d636f6e746163745f69647c733a323a223430223b63617465676f72795f69647c733a313a2231223b),
('1a8fad031263856ddea6e0e48ddad2aafbe039e6', '180.190.90.190', 1478844529, 0x5f5f63695f6c6173745f726567656e65726174657c693a313437383834343531393b69735f6c6f676765645f696e7c623a303b6964656e746974797c733a31303a226b656e6e656479616e67223b757365726e616d657c733a31303a226b656e6e656479616e67223b656d61696c7c733a32313a22636872697370696e756775407961686f6f2e636f6d223b757365725f69647c733a323a223134223b6f6c645f6c6173745f6c6f67696e7c733a31303a2231343738383434353238223b636f6d70616e795f69647c733a323a223238223b737570706c6965727c623a303b67726f7570737c613a313a7b693a303b733a313a2232223b7d636f6e746163745f69647c733a323a223430223b),
('3371a8db8c245e276d187a529bd2e826631ce346', '180.190.90.242', 1479124330, 0x5f5f63695f6c6173745f726567656e65726174657c693a313437393132343333303b69735f6c6f676765645f696e7c623a303b),
('462dc578bff8d9b0141dde8b6cbb1fdb91683ad0', '180.190.90.242', 1479141751, 0x5f5f63695f6c6173745f726567656e65726174657c693a313437393134313630323b69735f6c6f676765645f696e7c623a303b6964656e746974797c733a31303a226b656e6e656479616e67223b757365726e616d657c733a31303a226b656e6e656479616e67223b656d61696c7c733a32313a22636872697370696e756775407961686f6f2e636f6d223b757365725f69647c733a323a223134223b6f6c645f6c6173745f6c6f67696e7c733a31303a2231343739313431373338223b636f6d70616e795f69647c733a323a223238223b737570706c6965727c623a303b67726f7570737c613a313a7b693a303b733a313a2232223b7d636f6e746163745f69647c733a323a223430223b63617465676f72795f69647c733a313a2231223b),
('d20bae4d5d6065c4b0559547785e0eeb34bacbc9', '180.190.90.242', 1479141602, 0x5f5f63695f6c6173745f726567656e65726174657c693a313437393134313630323b69735f6c6f676765645f696e7c623a303b),
('894e5f3c77c68b57231f7270e41b591d3ccb03ec', '106.10.128.185', 1479141845, 0x5f5f63695f6c6173745f726567656e65726174657c693a313437393134313834353b69735f6c6f676765645f696e7c623a303b),
('d4aea8607cde27c1c174cbb7f2d116fcaf38fb55', '173.252.90.235', 1479142073, 0x5f5f63695f6c6173745f726567656e65726174657c693a313437393134323037333b69735f6c6f676765645f696e7c623a303b),
('5433b33421a460ec5e4c37aa3475c6a913289b48', '173.252.90.244', 1479142074, 0x5f5f63695f6c6173745f726567656e65726174657c693a313437393134323037343b69735f6c6f676765645f696e7c623a303b),
('871a36ea053386c677470863d8745722e981d00e', '88.202.188.2', 1479158357, 0x5f5f63695f6c6173745f726567656e65726174657c693a313437393135383335373b69735f6c6f676765645f696e7c623a303b),
('e5f971ac42cb93fe1e91e91f6e71690533b8006b', '180.190.90.242', 1479176618, 0x5f5f63695f6c6173745f726567656e65726174657c693a313437393137363631363b69735f6c6f676765645f696e7c623a303b),
('e92fe1c324826cb89ee406a114fa26f46d6d031b', '120.28.124.6', 1479183745, 0x5f5f63695f6c6173745f726567656e65726174657c693a313437393138333734353b69735f6c6f676765645f696e7c623a303b),
('b3eb71ba5c8f44ce439d2f64ce734e1777d26075', '213.229.65.185', 1479184567, 0x5f5f63695f6c6173745f726567656e65726174657c693a313437393138343536373b69735f6c6f676765645f696e7c623a303b),
('508d5b53396890739110be73af9e031f6234a37a', '37.229.44.84', 1479234547, 0x5f5f63695f6c6173745f726567656e65726174657c693a313437393233343534363b69735f6c6f676765645f696e7c623a303b),
('c9888f27d844129bf3308e3fe4e6ced4198b670a', '139.59.166.6', 1479247132, 0x5f5f63695f6c6173745f726567656e65726174657c693a313437393234373133313b69735f6c6f676765645f696e7c623a303b),
('ec7beb50836ee60ddd771246362b67cfc73e3a28', '64.79.100.33', 1479250800, 0x5f5f63695f6c6173745f726567656e65726174657c693a313437393235303739393b69735f6c6f676765645f696e7c623a303b),
('9155ced462c941f3999e305108559d2c2a395924', '64.79.100.33', 1479250800, 0x5f5f63695f6c6173745f726567656e65726174657c693a313437393235303830303b69735f6c6f676765645f696e7c623a303b),
('ec5af756b6c5ef7ac0804b845782ecce4ea8629b', '64.79.100.33', 1479250804, 0x5f5f63695f6c6173745f726567656e65726174657c693a313437393235303830343b69735f6c6f676765645f696e7c623a303b),
('330b731986aee53ac8409ba8726cec6630014f2d', '64.79.100.33', 1479250804, 0x5f5f63695f6c6173745f726567656e65726174657c693a313437393235303830343b69735f6c6f676765645f696e7c623a303b),
('02e6aa1523413a3e261f548fad6a6919aa59770c', '64.79.100.33', 1479250804, 0x5f5f63695f6c6173745f726567656e65726174657c693a313437393235303830343b69735f6c6f676765645f696e7c623a303b),
('d2f25d9092425f2fef0b71777b7c95e1ae252b57', '64.79.100.33', 1479250805, 0x5f5f63695f6c6173745f726567656e65726174657c693a313437393235303830353b69735f6c6f676765645f696e7c623a303b),
('37b9daf4ec28fac081ef3ada64a12afe5403f363', '37.220.35.202', 1479300178, 0x5f5f63695f6c6173745f726567656e65726174657c693a313437393330303137383b69735f6c6f676765645f696e7c623a303b),
('07ed2817ed18727fac9f82f0d722f6194b9175cf', '54.161.240.64', 1479358774, 0x5f5f63695f6c6173745f726567656e65726174657c693a313437393335383737343b69735f6c6f676765645f696e7c623a303b),
('ae53d3b82449a1143f3869711967b2c337ea8901', '54.161.240.64', 1479358774, 0x5f5f63695f6c6173745f726567656e65726174657c693a313437393335383737343b69735f6c6f676765645f696e7c623a303b),
('d8dc959e0955828444dc9f3f020a8f9509888aac', '52.87.160.159', 1479379550, 0x5f5f63695f6c6173745f726567656e65726174657c693a313437393337393535303b69735f6c6f676765645f696e7c623a303b),
('9f3c1ac2d02a31559f80b492d59511a6cc4ea866', '91.210.147.0', 1479400167, 0x5f5f63695f6c6173745f726567656e65726174657c693a313437393430303136373b69735f6c6f676765645f696e7c623a303b),
('b6d504e5c53484cb94841d52f2dadf82aaee3df5', '91.210.147.0', 1479400168, 0x5f5f63695f6c6173745f726567656e65726174657c693a313437393430303136383b69735f6c6f676765645f696e7c623a303b),
('b688a6614844ec558731c200a63496acaddb7b57', '139.59.170.241', 1479445808, 0x5f5f63695f6c6173745f726567656e65726174657c693a313437393434353830383b69735f6c6f676765645f696e7c623a303b),
('2a279d150819ebd5931e7e340777297e347a1b10', '180.190.90.194', 1479524745, 0x5f5f63695f6c6173745f726567656e65726174657c693a313437393532343734353b69735f6c6f676765645f696e7c623a303b6964656e746974797c733a31303a226b656e6e656479616e67223b757365726e616d657c733a31303a226b656e6e656479616e67223b656d61696c7c733a32313a22636872697370696e756775407961686f6f2e636f6d223b757365725f69647c733a323a223134223b6f6c645f6c6173745f6c6f67696e7c733a31303a2231343739353234333732223b636f6d70616e795f69647c733a323a223238223b737570706c6965727c623a303b67726f7570737c613a313a7b693a303b733a313a2232223b7d636f6e746163745f69647c733a323a223430223b63617465676f72795f69647c733a313a2231223b),
('15a41948005b44b559efabe8535abade120aab77', '180.190.90.194', 1479525201, 0x5f5f63695f6c6173745f726567656e65726174657c693a313437393532353230313b69735f6c6f676765645f696e7c623a303b),
('5519ac8083d4c9a4a5ea2e8f1a40b99fc12f89b6', '180.190.90.194', 1479525716, 0x5f5f63695f6c6173745f726567656e65726174657c693a313437393532353731363b69735f6c6f676765645f696e7c623a303b617574685f6d6573736167657c733a34383a22546865206163636f756e7420686173206265656e20637265617465642e20596f75206d6179206e6f77206c6f67696e2e223b5f5f63695f766172737c613a313a7b733a31323a22617574685f6d657373616765223b733a333a226f6c64223b7d),
('8d5e28f51bc89f065c81ad29eb49c199cfaa309d', '180.190.90.194', 1479525888, 0x5f5f63695f6c6173745f726567656e65726174657c693a313437393532353838383b69735f6c6f676765645f696e7c623a303b),
('0a18ed4239eb6dc3d2c8db9e5303b4ef53240691', '31.13.114.64', 1479526064, 0x5f5f63695f6c6173745f726567656e65726174657c693a313437393532363036343b69735f6c6f676765645f696e7c623a303b),
('4a7d58de4f88bc8215bc49df7651c86750113d60', '31.13.113.128', 1479526068, 0x5f5f63695f6c6173745f726567656e65726174657c693a313437393532363036383b69735f6c6f676765645f696e7c623a303b),
('c50d2310bfa08640d30ee2790460076cfed83689', '31.13.113.196', 1479526068, 0x5f5f63695f6c6173745f726567656e65726174657c693a313437393532363036383b69735f6c6f676765645f696e7c623a303b),
('0a9ad0dd00e77ce655ff1181b3314413cfeec25f', '31.13.100.119', 1479526069, 0x5f5f63695f6c6173745f726567656e65726174657c693a313437393532363036393b69735f6c6f676765645f696e7c623a303b),
('738243e2bf8f35c2899b74a276afa41aa061dc77', '31.13.114.8', 1479526141, 0x5f5f63695f6c6173745f726567656e65726174657c693a313437393532363134313b69735f6c6f676765645f696e7c623a303b),
('db80996562e8267d4ba486c556d0aef26657925d', '120.29.114.108', 1479535474, 0x5f5f63695f6c6173745f726567656e65726174657c693a313437393533353437343b69735f6c6f676765645f696e7c623a303b6964656e746974797c733a31303a226b656e6e656479616e67223b757365726e616d657c733a31303a226b656e6e656479616e67223b656d61696c7c733a32313a22636872697370696e756775407961686f6f2e636f6d223b757365725f69647c733a323a223134223b6f6c645f6c6173745f6c6f67696e7c733a31303a2231343739353334363030223b636f6d70616e795f69647c733a323a223238223b737570706c6965727c623a303b67726f7570737c613a313a7b693a303b733a313a2232223b7d636f6e746163745f69647c733a323a223430223b63617465676f72795f69647c733a313a2233223b636172745f69647c733a323a223230223b),
('a0124f35cf82af562d3e64eea8d20ce6d63c8683', '120.29.114.108', 1479535474, 0x5f5f63695f6c6173745f726567656e65726174657c693a313437393533353437343b69735f6c6f676765645f696e7c623a303b6964656e746974797c733a31303a226b656e6e656479616e67223b757365726e616d657c733a31303a226b656e6e656479616e67223b656d61696c7c733a32313a22636872697370696e756775407961686f6f2e636f6d223b757365725f69647c733a323a223134223b6f6c645f6c6173745f6c6f67696e7c733a31303a2231343739353334363030223b636f6d70616e795f69647c733a323a223238223b737570706c6965727c623a303b67726f7570737c613a313a7b693a303b733a313a2232223b7d636f6e746163745f69647c733a323a223430223b63617465676f72795f69647c733a313a2233223b636172745f69647c733a323a223230223b),
('84cadd4b53238ad8f29f6558e5fb9bd251f1020c', '79.134.218.13', 1479667508, 0x5f5f63695f6c6173745f726567656e65726174657c693a313437393636373530383b69735f6c6f676765645f696e7c623a303b),
('d37af3285bc95f54ff74c6fb785e318e531962ca', '37.1.218.125', 1479738809, 0x5f5f63695f6c6173745f726567656e65726174657c693a313437393733383830393b69735f6c6f676765645f696e7c623a303b),
('a1995f2d0b8e9eb98e5c8c234ac54929ee544a53', '139.59.170.166', 1479739034, 0x5f5f63695f6c6173745f726567656e65726174657c693a313437393733393033343b69735f6c6f676765645f696e7c623a303b),
('ce08f5225b070e6ac774f1b52391392622a76f27', '80.78.76.58', 1479837068, 0x5f5f63695f6c6173745f726567656e65726174657c693a313437393833373036373b69735f6c6f676765645f696e7c623a303b),
('298da630ca98bfff0c81db31bad033444534deee', '180.190.90.194', 1479849047, 0x5f5f63695f6c6173745f726567656e65726174657c693a313437393834393034373b69735f6c6f676765645f696e7c623a303b6964656e746974797c733a31303a226b656e6e656479616e67223b757365726e616d657c733a31303a226b656e6e656479616e67223b656d61696c7c733a32313a22636872697370696e756775407961686f6f2e636f6d223b757365725f69647c733a323a223134223b6f6c645f6c6173745f6c6f67696e7c733a31303a2231343739383438363837223b636f6d70616e795f69647c733a323a223238223b737570706c6965727c623a303b67726f7570737c613a313a7b693a303b733a313a2232223b7d636f6e746163745f69647c733a323a223430223b63617465676f72795f69647c733a313a2231223b636172745f69647c733a323a223230223b),
('7bfdbf94f87797d247098edcd1cc74663410325a', '180.190.90.194', 1479850062, 0x5f5f63695f6c6173745f726567656e65726174657c693a313437393835303036323b69735f6c6f676765645f696e7c623a303b6964656e746974797c733a31303a226b656e6e656479616e67223b757365726e616d657c733a31303a226b656e6e656479616e67223b656d61696c7c733a32313a22636872697370696e756775407961686f6f2e636f6d223b757365725f69647c733a323a223134223b6f6c645f6c6173745f6c6f67696e7c733a31303a2231343739383438363837223b636f6d70616e795f69647c733a323a223238223b737570706c6965727c623a303b67726f7570737c613a313a7b693a303b733a313a2232223b7d636f6e746163745f69647c733a323a223430223b63617465676f72795f69647c733a313a2231223b636172745f69647c733a323a223230223b),
('0038ba3452543b739a2adc634e28e409c9b241e9', '180.190.90.194', 1479850074, 0x5f5f63695f6c6173745f726567656e65726174657c693a313437393835303036323b69735f6c6f676765645f696e7c623a303b6964656e746974797c733a31303a226b656e6e656479616e67223b757365726e616d657c733a31303a226b656e6e656479616e67223b656d61696c7c733a32313a22636872697370696e756775407961686f6f2e636f6d223b757365725f69647c733a323a223134223b6f6c645f6c6173745f6c6f67696e7c733a31303a2231343739383438363837223b636f6d70616e795f69647c733a323a223238223b737570706c6965727c623a303b67726f7570737c613a313a7b693a303b733a313a2232223b7d636f6e746163745f69647c733a323a223430223b63617465676f72795f69647c733a313a2231223b636172745f69647c733a323a223230223b),
('fbd382afa14be1e1e27d098759e24b68c909acc4', '180.190.90.194', 1479874689, 0x5f5f63695f6c6173745f726567656e65726174657c693a313437393837343638393b69735f6c6f676765645f696e7c623a303b),
('e942dcec0a404e363cca50dd82075f2eca77895c', '180.190.90.194', 1479875038, 0x5f5f63695f6c6173745f726567656e65726174657c693a313437393837353033383b69735f6c6f676765645f696e7c623a303b6964656e746974797c733a31303a226b656e6e656479616e67223b757365726e616d657c733a31303a226b656e6e656479616e67223b656d61696c7c733a32313a22636872697370696e756775407961686f6f2e636f6d223b757365725f69647c733a323a223134223b6f6c645f6c6173745f6c6f67696e7c733a31303a2231343739383734373139223b636f6d70616e795f69647c733a323a223238223b737570706c6965727c623a303b67726f7570737c613a313a7b693a303b733a313a2232223b7d636f6e746163745f69647c733a323a223430223b63617465676f72795f69647c733a313a2231223b636172745f69647c733a323a223230223b),
('39f2a17135624ce72802b4f5254e88a8f8cf1dbd', '180.190.90.194', 1479875128, 0x5f5f63695f6c6173745f726567656e65726174657c693a313437393837353033383b69735f6c6f676765645f696e7c623a303b6964656e746974797c733a31303a226b656e6e656479616e67223b757365726e616d657c733a31303a226b656e6e656479616e67223b656d61696c7c733a32313a22636872697370696e756775407961686f6f2e636f6d223b757365725f69647c733a323a223134223b6f6c645f6c6173745f6c6f67696e7c733a31303a2231343739383734373139223b636f6d70616e795f69647c733a323a223238223b737570706c6965727c623a303b67726f7570737c613a313a7b693a303b733a313a2232223b7d636f6e746163745f69647c733a323a223430223b63617465676f72795f69647c733a313a2231223b636172745f69647c733a323a223230223b),
('2b8608b83376af98e014cb46e6e060d9a80b8377', '167.114.65.240', 1479961057, 0x5f5f63695f6c6173745f726567656e65726174657c693a313437393936313035373b69735f6c6f676765645f696e7c623a303b),
('795ee4cb0250b9d811152d22c6c1332e400d2a53', '167.114.65.240', 1479961068, 0x5f5f63695f6c6173745f726567656e65726174657c693a313437393936313035383b69735f6c6f676765645f696e7c623a303b),
('c884c3942fbfdf69a91ad71198cf6bdba6c78afa', '167.114.65.240', 1479961069, 0x5f5f63695f6c6173745f726567656e65726174657c693a313437393936313036393b69735f6c6f676765645f696e7c623a303b),
('4dcaa23539c68d28d9d09b0f77fc1fba829e9ac4', '139.59.170.233', 1480008266, 0x5f5f63695f6c6173745f726567656e65726174657c693a313438303030383236363b69735f6c6f676765645f696e7c623a303b),
('dae3adc03a3e201ab480d739f525bdd2bac1242f', '82.80.230.228', 1480111444, 0x5f5f63695f6c6173745f726567656e65726174657c693a313438303131313434333b69735f6c6f676765645f696e7c623a303b),
('e13d492bb6322aa517b7af3bfa0bb66720ebe880', '82.80.230.228', 1480111444, 0x5f5f63695f6c6173745f726567656e65726174657c693a313438303131313434343b69735f6c6f676765645f696e7c623a303b),
('180d0660b587e8ef412c7a742f8ea0b5800e7122', '159.203.160.162', 1480137981, 0x5f5f63695f6c6173745f726567656e65726174657c693a313438303133373938313b69735f6c6f676765645f696e7c623a303b),
('3c327c038b33677c63364075ae85f4ae671ae6a7', '159.203.160.162', 1480137981, 0x5f5f63695f6c6173745f726567656e65726174657c693a313438303133373938313b69735f6c6f676765645f696e7c623a303b),
('b5552881ad28f3359cc2b8a6a3419637dfc02e4d', '82.80.230.228', 1480274430, 0x5f5f63695f6c6173745f726567656e65726174657c693a313438303237343433303b69735f6c6f676765645f696e7c623a303b),
('af55387e2421441b9c86a4533f6d1638da49f727', '82.80.230.228', 1480274431, 0x5f5f63695f6c6173745f726567656e65726174657c693a313438303237343433313b69735f6c6f676765645f696e7c623a303b),
('a70aa98ac5cbe532b4f821cb5200fe6a949cf4c7', '176.126.244.224', 1480414718, 0x5f5f63695f6c6173745f726567656e65726174657c693a313438303431343731373b69735f6c6f676765645f696e7c623a303b),
('633cec00a42881b5596f3718d2cc468dd72a5a53', '52.91.194.79', 1480427257, 0x5f5f63695f6c6173745f726567656e65726174657c693a313438303432373235363b69735f6c6f676765645f696e7c623a303b),
('6a5685edcdc952f9d9bc2eca811be9dc2a93901f', '157.55.39.33', 1480452418, 0x5f5f63695f6c6173745f726567656e65726174657c693a313438303435323431383b69735f6c6f676765645f696e7c623a303b),
('ebe37c56946b438745b87eb9838cd5629917f916', '157.55.39.33', 1480452426, 0x5f5f63695f6c6173745f726567656e65726174657c693a313438303435323432363b69735f6c6f676765645f696e7c623a303b),
('22c9a905e81fda23a95124e38d233182196efd03', '216.69.191.98', 1480460208, 0x5f5f63695f6c6173745f726567656e65726174657c693a313438303436303230383b69735f6c6f676765645f696e7c623a303b),
('26429b9bb1a1ad4f0d70b5029e5a59b4f8780738', '216.69.191.98', 1480460211, 0x5f5f63695f6c6173745f726567656e65726174657c693a313438303436303231313b69735f6c6f676765645f696e7c623a303b),
('8187afa6dc0ac4e2f1978d96417cd35db30cd416', '178.217.187.39', 1480527436, 0x5f5f63695f6c6173745f726567656e65726174657c693a313438303532373433363b69735f6c6f676765645f696e7c623a303b),
('493a1e39f18c13352c79a724ab3fa2e3c765393e', '178.217.187.39', 1480527437, 0x5f5f63695f6c6173745f726567656e65726174657c693a313438303532373433373b69735f6c6f676765645f696e7c623a303b),
('d5938c61cd0fd576381881b7c13e705c963c7e5f', '54.225.32.233', 1480533871, 0x5f5f63695f6c6173745f726567656e65726174657c693a313438303533333837303b69735f6c6f676765645f696e7c623a303b),
('007165539e69d0617c2a1729578e7aacadcb2bec', '54.225.32.233', 1480533874, 0x5f5f63695f6c6173745f726567656e65726174657c693a313438303533333837343b69735f6c6f676765645f696e7c623a303b),
('f0642919f25d0640fa05d2acbb98f8404c05baae', '180.190.90.165', 1480565840, 0x5f5f63695f6c6173745f726567656e65726174657c693a313438303536343235363b69735f6c6f676765645f696e7c623a303b6964656e746974797c733a31393a226b656e6e656479616e672d737570706c696572223b757365726e616d657c733a31393a226b656e6e656479616e672d737570706c696572223b656d61696c7c733a303a22223b757365725f69647c733a323a223139223b6f6c645f6c6173745f6c6f67696e7c733a31303a2231343830353634323832223b636f6d70616e795f69647c733a323a223333223b737570706c6965727c623a313b67726f7570737c613a313a7b693a303b733a313a2232223b7d636f6e746163745f69647c733a323a223435223b),
('f0c4bbe8ab58ce2b3a5f94ebebcedfa2c6a01b69', '13.76.241.210', 1480564721, 0x5f5f63695f6c6173745f726567656e65726174657c693a313438303536343732313b69735f6c6f676765645f696e7c623a303b),
('7ec75c124b3c4d61a9ba47ffb3135f2a9d9474d5', '13.76.241.210', 1480564721, 0x5f5f63695f6c6173745f726567656e65726174657c693a313438303536343732313b69735f6c6f676765645f696e7c623a303b),
('75c271bf951b9cc4a6146a64b1ebe9b6821e004b', '40.78.146.128', 1480564987, 0x5f5f63695f6c6173745f726567656e65726174657c693a313438303536343938373b69735f6c6f676765645f696e7c623a303b),
('752080e7a5f523e9a3a600a0961ade4cbcef583d', '40.78.146.128', 1480564987, 0x5f5f63695f6c6173745f726567656e65726174657c693a313438303536343938373b69735f6c6f676765645f696e7c623a303b),
('092ed4f772a9bbabcb57723a6d6d5f935f7beceb', '116.50.172.232', 1480571707, 0x5f5f63695f6c6173745f726567656e65726174657c693a313438303537313730373b69735f6c6f676765645f696e7c623a303b6964656e746974797c733a393a22737570706c69657232223b757365726e616d657c733a393a22737570706c69657232223b656d61696c7c733a303a22223b757365725f69647c733a323a223136223b6f6c645f6c6173745f6c6f67696e7c733a31303a2231343830353635313635223b636f6d70616e795f69647c733a323a223330223b737570706c6965727c623a313b67726f7570737c613a313a7b693a303b733a313a2233223b7d636f6e746163745f69647c733a323a223432223b),
('784f0c2017a7587ebf69a570b6b071934aa9b40d', '116.50.172.232', 1480571709, 0x5f5f63695f6c6173745f726567656e65726174657c693a313438303537313730373b69735f6c6f676765645f696e7c623a303b6964656e746974797c733a393a22737570706c69657232223b757365726e616d657c733a393a22737570706c69657232223b656d61696c7c733a303a22223b757365725f69647c733a323a223136223b6f6c645f6c6173745f6c6f67696e7c733a31303a2231343830353635313635223b636f6d70616e795f69647c733a323a223330223b737570706c6965727c623a313b67726f7570737c613a313a7b693a303b733a313a2233223b7d636f6e746163745f69647c733a323a223432223b),
('2939d885245748557f9d23be6e3be4eed7d380f6', '180.190.90.165', 1480583341, 0x5f5f63695f6c6173745f726567656e65726174657c693a313438303538333038363b69735f6c6f676765645f696e7c623a303b6964656e746974797c733a31393a226b656e6e656479616e672d737570706c696572223b757365726e616d657c733a31393a226b656e6e656479616e672d737570706c696572223b656d61696c7c733a303a22223b757365725f69647c733a323a223139223b6f6c645f6c6173745f6c6f67696e7c733a31303a2231343830353833313135223b636f6d70616e795f69647c733a323a223333223b737570706c6965727c623a303b67726f7570737c613a313a7b693a303b733a313a2232223b7d636f6e746163745f69647c733a323a223435223b63617465676f72795f69647c733a313a2231223b636172745f69647c693a32313b),
('90630030f0b02f3728dba15c0842bf5c22f394b1', '108.170.8.171', 1480611877, 0x5f5f63695f6c6173745f726567656e65726174657c693a313438303631313837363b69735f6c6f676765645f696e7c623a303b),
('e0c5202917f0b2bbed84b80dd27db8a11b4fd438', '139.59.170.243', 1480613975, 0x5f5f63695f6c6173745f726567656e65726174657c693a313438303631333937353b69735f6c6f676765645f696e7c623a303b),
('ffb01873efaecf47f80dc55e1e1525b943df50cf', '180.190.90.165', 1480732662, 0x5f5f63695f6c6173745f726567656e65726174657c693a313438303733323636323b69735f6c6f676765645f696e7c623a303b),
('91178cb18f45d7c2186224a4e372cf32e232d37c', '180.190.90.165', 1480733112, 0x5f5f63695f6c6173745f726567656e65726174657c693a313438303733333131323b69735f6c6f676765645f696e7c623a303b6964656e746974797c733a31393a226b656e6e656479616e672d737570706c696572223b757365726e616d657c733a31393a226b656e6e656479616e672d737570706c696572223b656d61696c7c733a303a22223b757365725f69647c733a323a223139223b6f6c645f6c6173745f6c6f67696e7c733a31303a2231343830373332363835223b636f6d70616e795f69647c733a323a223333223b737570706c6965727c623a313b67726f7570737c613a313a7b693a303b733a313a2232223b7d636f6e746163745f69647c733a323a223435223b),
('dce7f5ff4ddcb1f2b67f10d6bb98e5ddd36b074f', '180.190.90.165', 1480733113, 0x5f5f63695f6c6173745f726567656e65726174657c693a313438303733333131323b69735f6c6f676765645f696e7c623a303b6964656e746974797c733a31393a226b656e6e656479616e672d737570706c696572223b757365726e616d657c733a31393a226b656e6e656479616e672d737570706c696572223b656d61696c7c733a303a22223b757365725f69647c733a323a223139223b6f6c645f6c6173745f6c6f67696e7c733a31303a2231343830373332363835223b636f6d70616e795f69647c733a323a223333223b737570706c6965727c623a313b67726f7570737c613a313a7b693a303b733a313a2232223b7d636f6e746163745f69647c733a323a223435223b),
('8d9ba0e4ef89b707e5a9d55bb59c25f09b09065d', '79.134.218.13', 1480785576, 0x5f5f63695f6c6173745f726567656e65726174657c693a313438303738353537363b69735f6c6f676765645f696e7c623a303b),
('d160130044a0b39a401c399ed5077bc229cb5762', '38.100.21.61', 1480856126, 0x5f5f63695f6c6173745f726567656e65726174657c693a313438303835363132363b69735f6c6f676765645f696e7c623a303b),
('aa57345d98b97b051e6953a5ab4cc882073013b1', '69.58.178.56', 1480889950, 0x5f5f63695f6c6173745f726567656e65726174657c693a313438303838393935303b69735f6c6f676765645f696e7c623a303b),
('85488f323d21adecee610da4a927456e74d48a3d', '69.58.178.56', 1480889955, 0x5f5f63695f6c6173745f726567656e65726174657c693a313438303838393935353b69735f6c6f676765645f696e7c623a303b),
('fcd0cebd9ce11ab36ad80c87885a201bbced01eb', '69.58.178.56', 1480889958, 0x5f5f63695f6c6173745f726567656e65726174657c693a313438303838393935383b69735f6c6f676765645f696e7c623a303b),
('339a0b4a6f0ebaf5d0786c6afe5300611f31c9f4', '109.236.86.17', 1480945998, 0x5f5f63695f6c6173745f726567656e65726174657c693a313438303934353939373b69735f6c6f676765645f696e7c623a303b),
('e351e2a00433f66b8a3d2df8a1681f6cf4536a89', '109.236.86.17', 1480945999, 0x5f5f63695f6c6173745f726567656e65726174657c693a313438303934353939393b),
('bb4126948120d99f7036f2e1e43af5b793990833', '5.150.232.53', 1480957091, 0x5f5f63695f6c6173745f726567656e65726174657c693a313438303935373039313b69735f6c6f676765645f696e7c623a303b),
('567866fd7d799d4a5d348bb2b5a90143b5869baa', '5.150.232.53', 1480957096, 0x5f5f63695f6c6173745f726567656e65726174657c693a313438303935373039363b69735f6c6f676765645f696e7c623a303b),
('6b81ea516385a3c63d2e4fc7ef83129ab31a49f9', '54.145.156.123', 1480958826, 0x5f5f63695f6c6173745f726567656e65726174657c693a313438303935383832363b69735f6c6f676765645f696e7c623a303b),
('90ff915cdf744d47016e02f36966bc47da783e8b', '54.145.156.123', 1480958827, 0x5f5f63695f6c6173745f726567656e65726174657c693a313438303935383832373b69735f6c6f676765645f696e7c623a303b),
('713ea8e32667398acfb86c69ccbda2e9ca7c5268', '120.28.191.14', 1481023798, 0x5f5f63695f6c6173745f726567656e65726174657c693a313438313032333739383b69735f6c6f676765645f696e7c623a303b),
('230fdcedd5d6952e012ac267f91327bc0c532947', '120.28.191.4', 1481024267, 0x5f5f63695f6c6173745f726567656e65726174657c693a313438313032343236373b69735f6c6f676765645f696e7c623a303b6964656e746974797c733a31393a226b656e6e656479616e672d737570706c696572223b757365726e616d657c733a31393a226b656e6e656479616e672d737570706c696572223b656d61696c7c733a303a22223b757365725f69647c733a323a223139223b6f6c645f6c6173745f6c6f67696e7c733a31303a2231343831303233383435223b636f6d70616e795f69647c733a323a223333223b737570706c6965727c623a303b67726f7570737c613a313a7b693a303b733a313a2232223b7d636f6e746163745f69647c733a323a223435223b63617465676f72795f69647c733a313a2231223b636172745f69647c733a323a223231223b),
('b56272f3da38aee209714821ed70afa18d30f601', '120.28.191.7', 1481025085, 0x5f5f63695f6c6173745f726567656e65726174657c693a313438313032343236373b69735f6c6f676765645f696e7c623a303b6964656e746974797c733a31393a226b656e6e656479616e672d737570706c696572223b757365726e616d657c733a31393a226b656e6e656479616e672d737570706c696572223b656d61696c7c733a303a22223b757365725f69647c733a323a223139223b6f6c645f6c6173745f6c6f67696e7c733a31303a2231343831303233383435223b636f6d70616e795f69647c733a323a223333223b737570706c6965727c623a303b67726f7570737c613a313a7b693a303b733a313a2232223b7d636f6e746163745f69647c733a323a223435223b63617465676f72795f69647c733a313a2231223b636172745f69647c733a323a223231223b),
('26200e0e6db7f723e75db50d71fa0a290e11dd5f', '116.50.172.232', 1481025178, 0x5f5f63695f6c6173745f726567656e65726174657c693a313438313032353134303b69735f6c6f676765645f696e7c623a303b6964656e746974797c733a383a22737570706c696572223b757365726e616d657c733a383a22737570706c696572223b656d61696c7c733a303a22223b757365725f69647c733a323a223135223b6f6c645f6c6173745f6c6f67696e7c733a31303a2231343831303235313638223b636f6d70616e795f69647c733a323a223239223b737570706c6965727c623a303b67726f7570737c613a313a7b693a303b733a313a2233223b7d636f6e746163745f69647c733a323a223431223b63617465676f72795f69647c733a313a2231223b636172745f69647c733a323a223232223b),
('7ea5d5f5787581935f641144a5a95694b4aae770', '104.45.18.178', 1481025231, 0x5f5f63695f6c6173745f726567656e65726174657c693a313438313032353233313b69735f6c6f676765645f696e7c623a303b),
('f7612dfb826e8526b6a523583be7655449ae19c0', '104.45.18.178', 1481025231, 0x5f5f63695f6c6173745f726567656e65726174657c693a313438313032353233313b69735f6c6f676765645f696e7c623a303b),
('63146e50178b36c7616e4b907a337bd9cec447ba', '104.236.51.147', 1481049847, 0x5f5f63695f6c6173745f726567656e65726174657c693a313438313034393834373b69735f6c6f676765645f696e7c623a303b),
('9bd912b87259aca3190c7556f340b012950b4c64', '116.50.172.232', 1481074197, 0x5f5f63695f6c6173745f726567656e65726174657c693a313438313037343139373b69735f6c6f676765645f696e7c623a303b),
('e8711d610b91312b2a210943fd6a15364b7f8900', '104.131.75.43', 1481077987, 0x5f5f63695f6c6173745f726567656e65726174657c693a313438313037373938373b69735f6c6f676765645f696e7c623a303b),
('eeb0a2d7b2fb528eb0b300cb525c0309b33b966c', '157.55.39.139', 1481158818, 0x5f5f63695f6c6173745f726567656e65726174657c693a313438313135383831383b69735f6c6f676765645f696e7c623a303b),
('16956bfaa950b03a0f5705ae131ef14dbccf1d0c', '157.55.39.139', 1481158821, 0x5f5f63695f6c6173745f726567656e65726174657c693a313438313135383832313b69735f6c6f676765645f696e7c623a303b),
('a3a0c14b7128f263bb2c91fc47ac8f220c9661d6', '138.197.35.146', 1481173869, 0x5f5f63695f6c6173745f726567656e65726174657c693a313438313137333836393b69735f6c6f676765645f696e7c623a303b),
('084de8c358c07f84c3ef85dfe79eb88d3009676e', '64.246.165.210', 1481203887, 0x5f5f63695f6c6173745f726567656e65726174657c693a313438313230333838373b69735f6c6f676765645f696e7c623a303b),
('3c651e00d7bad568064194485616ba5d84d7488a', '64.246.165.210', 1481203887, 0x5f5f63695f6c6173745f726567656e65726174657c693a313438313230333838373b69735f6c6f676765645f696e7c623a303b),
('082fd0c1e1184bb6e03dc2becce8f7068dc7d6f8', '159.203.94.210', 1481208332, 0x5f5f63695f6c6173745f726567656e65726174657c693a313438313230383333323b69735f6c6f676765645f696e7c623a303b),
('ac53e1188da7d5b44f38ec47274f85badb74b601', '176.31.149.121', 1481210488, 0x5f5f63695f6c6173745f726567656e65726174657c693a313438313231303438383b69735f6c6f676765645f696e7c623a303b),
('ef4f20f2ae1df8ff5dd4fbaa064c1a10497178f9', '176.31.149.121', 1481210488, 0x5f5f63695f6c6173745f726567656e65726174657c693a313438313231303438383b69735f6c6f676765645f696e7c623a303b),
('392d2ae7797880d087de8bdf4ffbc2c762177dce', '176.9.50.43', 1481234223, 0x5f5f63695f6c6173745f726567656e65726174657c693a313438313233343232333b69735f6c6f676765645f696e7c623a303b),
('7d0041ccc31c1df955b845f5b7b0e0ce859358c8', '176.9.50.43', 1481234223, 0x5f5f63695f6c6173745f726567656e65726174657c693a313438313233343232333b69735f6c6f676765645f696e7c623a303b),
('48873fccf3190a25ce26f0c63dbb60f5eed56bf6', '159.203.91.79', 1481251697, 0x5f5f63695f6c6173745f726567656e65726174657c693a313438313235313639363b69735f6c6f676765645f696e7c623a303b),
('df85be82b7ec54d9ae30d694bbd011c30ff1f0d0', '157.55.39.191', 1481269221, 0x5f5f63695f6c6173745f726567656e65726174657c693a313438313236393232313b69735f6c6f676765645f696e7c623a303b),
('c68f3977af823208252d02975788a6513ff39c2f', '157.55.39.191', 1481269232, 0x5f5f63695f6c6173745f726567656e65726174657c693a313438313236393233323b69735f6c6f676765645f696e7c623a303b),
('b43503a5cb071f76562d04b29ed2a6ade58dc836', '157.55.39.191', 1481275367, 0x5f5f63695f6c6173745f726567656e65726174657c693a313438313237353336373b69735f6c6f676765645f696e7c623a303b),
('cd9d5704061bb53c13d71e32a9dde3bc2746801d', '157.55.39.191', 1481275372, 0x5f5f63695f6c6173745f726567656e65726174657c693a313438313237353337323b69735f6c6f676765645f696e7c623a303b),
('746871dadf60f255846493bb8c8d043eecf7915e', '88.202.190.99', 1481278931, 0x5f5f63695f6c6173745f726567656e65726174657c693a313438313237383933313b69735f6c6f676765645f696e7c623a303b),
('33f42bd937bdd0cf3313be5e753c768cdb4bdf78', '180.191.138.64', 1481283062, 0x5f5f63695f6c6173745f726567656e65726174657c693a313438313238333036323b69735f6c6f676765645f696e7c623a303b),
('3f3f5fe5c796db13fec0ee3fd3eb0c54301df0a0', '23.99.101.118', 1481283069, 0x5f5f63695f6c6173745f726567656e65726174657c693a313438313238333036393b69735f6c6f676765645f696e7c623a303b),
('4b4a38ab2e84f6846305600e361c12824496f6c4', '23.99.101.118', 1481283070, 0x5f5f63695f6c6173745f726567656e65726174657c693a313438313238333037303b69735f6c6f676765645f696e7c623a303b),
('45e0f95b91120b6badaf46358329bce2b69140f6', '23.99.101.118', 1481283070, 0x5f5f63695f6c6173745f726567656e65726174657c693a313438313238333037303b69735f6c6f676765645f696e7c623a303b),
('bb1d03e8a5262f69cdee348618b161d93fd17076', '115.166.141.126', 1481284124, 0x5f5f63695f6c6173745f726567656e65726174657c693a313438313238343132343b69735f6c6f676765645f696e7c623a303b),
('139b67f3c6c571a224c813e1a5df6e6d2f213d26', '115.166.141.126', 1481284620, 0x5f5f63695f6c6173745f726567656e65726174657c693a313438313238343632303b69735f6c6f676765645f696e7c623a303b6964656e746974797c733a353a22706f6f6a61223b757365726e616d657c733a353a22706f6f6a61223b656d61696c7c733a303a22223b757365725f69647c733a323a223231223b6f6c645f6c6173745f6c6f67696e7c733a31303a2231343831323834333238223b636f6d70616e795f69647c733a323a223335223b737570706c6965727c623a303b67726f7570737c613a313a7b693a303b733a313a2233223b7d636f6e746163745f69647c733a323a223437223b),
('a73f3963499e958faee2a81d1b3f8469a9388ca6', '115.166.141.126', 1481284715, 0x5f5f63695f6c6173745f726567656e65726174657c693a313438313238343632303b69735f6c6f676765645f696e7c623a303b6964656e746974797c733a353a22706f6f6a61223b757365726e616d657c733a353a22706f6f6a61223b656d61696c7c733a303a22223b757365725f69647c733a323a223231223b6f6c645f6c6173745f6c6f67696e7c733a31303a2231343831323834333238223b636f6d70616e795f69647c733a323a223335223b737570706c6965727c623a303b67726f7570737c613a313a7b693a303b733a313a2233223b7d636f6e746163745f69647c733a323a223437223b63617465676f72795f69647c733a313a2234223b636172745f69647c693a32333b),
('47e3d91cdf9a3831333d9df27597a3a06a20d3ef', '159.203.90.41', 1481307567, 0x5f5f63695f6c6173745f726567656e65726174657c693a313438313330373536373b69735f6c6f676765645f696e7c623a303b),
('81e2ff0582cdc49b5848a96187ef2147f8f20aa0', '159.203.90.41', 1481307570, 0x5f5f63695f6c6173745f726567656e65726174657c693a313438313330373537303b69735f6c6f676765645f696e7c623a303b),
('91a62c80d13f04d49cdcb6ee3f9c1876745bff74', '62.102.148.67', 1481318037, 0x5f5f63695f6c6173745f726567656e65726174657c693a313438313331383033373b69735f6c6f676765645f696e7c623a303b),
('23d4ae5f340026f9e3235456d4562b42cc42f38d', '158.69.225.37', 1481384633, 0x5f5f63695f6c6173745f726567656e65726174657c693a313438313338343633333b69735f6c6f676765645f696e7c623a303b),
('f195262e1fbac4c318775390fdb6458e2ee1af84', '158.69.225.37', 1481384644, 0x5f5f63695f6c6173745f726567656e65726174657c693a313438313338343633343b69735f6c6f676765645f696e7c623a303b),
('f39b278975623e032fcd5ea2205c2980f0a130e0', '158.69.225.37', 1481384645, 0x5f5f63695f6c6173745f726567656e65726174657c693a313438313338343634353b69735f6c6f676765645f696e7c623a303b),
('cf89a38953745f9c434b9264379879773ee32b95', '176.126.244.204', 1481450820, 0x5f5f63695f6c6173745f726567656e65726174657c693a313438313435303831393b69735f6c6f676765645f696e7c623a303b),
('663778f5c31996caf6f6c0a63daffdb5095137ea', '180.191.138.122', 1481615570, 0x5f5f63695f6c6173745f726567656e65726174657c693a313438313631353532313b69735f6c6f676765645f696e7c623a303b6964656e746974797c733a31393a226b656e6e656479616e672d737570706c696572223b757365726e616d657c733a31393a226b656e6e656479616e672d737570706c696572223b656d61696c7c733a303a22223b757365725f69647c733a323a223139223b6f6c645f6c6173745f6c6f67696e7c733a31303a2231343831363135353633223b636f6d70616e795f69647c733a323a223333223b737570706c6965727c623a303b67726f7570737c613a313a7b693a303b733a313a2232223b7d636f6e746163745f69647c733a323a223435223b63617465676f72795f69647c733a313a2231223b636172745f69647c733a323a223231223b),
('c4a397b84726b16ab58f216a8a51880d70377e0a', '37.59.51.116', 1481628951, 0x5f5f63695f6c6173745f726567656e65726174657c693a313438313632383935313b69735f6c6f676765645f696e7c623a303b),
('81f24e4e987bdbd7bf07bd04caa26d83b39d0db1', '79.134.218.13', 1481630748, 0x5f5f63695f6c6173745f726567656e65726174657c693a313438313633303734383b69735f6c6f676765645f696e7c623a303b),
('b41fc6d57a5c062b9736aa3056d00c31b9d21a30', '45.32.217.244', 1481662129, 0x5f5f63695f6c6173745f726567656e65726174657c693a313438313636323132393b69735f6c6f676765645f696e7c623a303b),
('8db0c6be923634c6cbf429c942234145db8a4034', '45.32.217.244', 1481662129, 0x5f5f63695f6c6173745f726567656e65726174657c693a313438313636323132393b69735f6c6f676765645f696e7c623a303b),
('d3d559d862b5069756aefc6eed6fd7346b50c462', '116.50.172.232', 1481680119, 0x5f5f63695f6c6173745f726567656e65726174657c693a313438313638303131393b69735f6c6f676765645f696e7c623a303b6964656e746974797c733a383a22737570706c696572223b757365726e616d657c733a383a22737570706c696572223b656d61696c7c733a303a22223b757365725f69647c733a323a223135223b6f6c645f6c6173745f6c6f67696e7c733a31303a2231343831363739303437223b636f6d70616e795f69647c733a323a223239223b737570706c6965727c623a313b67726f7570737c613a313a7b693a303b733a313a2233223b7d636f6e746163745f69647c733a323a223431223b),
('18dc56261636748f94797e068b10482a65fa4bd7', '180.191.138.122', 1481680896, 0x5f5f63695f6c6173745f726567656e65726174657c693a313438313638303839363b69735f6c6f676765645f696e7c623a303b6964656e746974797c733a31393a226b656e6e656479616e672d737570706c696572223b757365726e616d657c733a31393a226b656e6e656479616e672d737570706c696572223b656d61696c7c733a303a22223b757365725f69647c733a323a223139223b6f6c645f6c6173745f6c6f67696e7c733a31303a2231343831363830303836223b636f6d70616e795f69647c733a323a223333223b737570706c6965727c623a303b67726f7570737c613a313a7b693a303b733a313a2232223b7d636f6e746163745f69647c733a323a223435223b63617465676f72795f69647c733a313a2231223b636172745f69647c733a323a223231223b),
('5071dca9f075e066a9fc31eb93cf7fb1d5936a81', '116.50.172.232', 1481684985, 0x5f5f63695f6c6173745f726567656e65726174657c693a313438313638343938353b69735f6c6f676765645f696e7c623a303b6964656e746974797c733a383a22737570706c696572223b757365726e616d657c733a383a22737570706c696572223b656d61696c7c733a303a22223b757365725f69647c733a323a223135223b6f6c645f6c6173745f6c6f67696e7c733a31303a2231343831363830323134223b636f6d70616e795f69647c733a323a223239223b737570706c6965727c623a303b67726f7570737c613a313a7b693a303b733a313a2233223b7d636f6e746163745f69647c733a323a223431223b63617465676f72795f69647c733a313a2231223b636172745f69647c733a323a223232223b),
('ede107b57652808f599ff156fdf043bfb9f8d5b9', '180.191.138.122', 1481681366, 0x5f5f63695f6c6173745f726567656e65726174657c693a313438313638313336363b69735f6c6f676765645f696e7c623a303b6964656e746974797c733a31393a226b656e6e656479616e672d737570706c696572223b757365726e616d657c733a31393a226b656e6e656479616e672d737570706c696572223b656d61696c7c733a303a22223b757365725f69647c733a323a223139223b6f6c645f6c6173745f6c6f67696e7c733a31303a2231343831363830303836223b636f6d70616e795f69647c733a323a223333223b737570706c6965727c623a303b67726f7570737c613a313a7b693a303b733a313a2232223b7d636f6e746163745f69647c733a323a223435223b63617465676f72795f69647c733a313a2233223b636172745f69647c733a323a223231223b),
('209ffa0d0f2488576639a44f85ae352b14e4ee68', '180.191.138.122', 1481682975, 0x5f5f63695f6c6173745f726567656e65726174657c693a313438313638323934323b69735f6c6f676765645f696e7c623a303b6964656e746974797c733a31393a226b656e6e656479616e672d737570706c696572223b757365726e616d657c733a31393a226b656e6e656479616e672d737570706c696572223b656d61696c7c733a303a22223b757365725f69647c733a323a223139223b6f6c645f6c6173745f6c6f67696e7c733a31303a2231343831363832393631223b636f6d70616e795f69647c733a323a223333223b737570706c6965727c623a313b67726f7570737c613a313a7b693a303b733a313a2232223b7d636f6e746163745f69647c733a323a223435223b),
('a00ac24fc28f22153694ec6e196af431d7370ffe', '116.50.172.232', 1481685010, 0x5f5f63695f6c6173745f726567656e65726174657c693a313438313638343938353b69735f6c6f676765645f696e7c623a303b6964656e746974797c733a383a22737570706c696572223b757365726e616d657c733a383a22737570706c696572223b656d61696c7c733a303a22223b757365725f69647c733a323a223135223b6f6c645f6c6173745f6c6f67696e7c733a31303a2231343831363830323134223b636f6d70616e795f69647c733a323a223239223b737570706c6965727c623a303b67726f7570737c613a313a7b693a303b733a313a2233223b7d636f6e746163745f69647c733a323a223431223b63617465676f72795f69647c733a313a2231223b636172745f69647c733a323a223232223b),
('8a800e90854cb5ff2af2e828cb2f70d941aa7c96', '13.76.241.210', 1481690164, 0x5f5f63695f6c6173745f726567656e65726174657c693a313438313639303136343b69735f6c6f676765645f696e7c623a303b),
('4e612a0e1e24e83be6dd18340cdca2529d4c3852', '216.69.191.98', 1481704347, 0x5f5f63695f6c6173745f726567656e65726174657c693a313438313730343334373b69735f6c6f676765645f696e7c623a303b),
('ec31e4fca34078fc524f649db5b15c4284c31be3', '216.69.191.98', 1481704365, 0x5f5f63695f6c6173745f726567656e65726174657c693a313438313730343336353b69735f6c6f676765645f696e7c623a303b),
('9e2e9f0b3965e095fecdc4bf295ab34c07b38854', '180.191.138.122', 1481715831, 0x5f5f63695f6c6173745f726567656e65726174657c693a313438313731353833303b69735f6c6f676765645f696e7c623a303b),
('3e25534c3b0dfd6048e5129b61d34531b1b30d79', '80.82.78.92', 1481841057, 0x5f5f63695f6c6173745f726567656e65726174657c693a313438313834313035363b69735f6c6f676765645f696e7c623a303b),
('852e632a68a47fa77494c7f3bd1bfc72ced22a0b', '180.191.139.154', 1481896113, 0x5f5f63695f6c6173745f726567656e65726174657c693a313438313839363131333b69735f6c6f676765645f696e7c623a303b),
('e0a5dd955595bafb3005bf0040296ccf4db7c7a7', '180.191.139.154', 1481896849, 0x5f5f63695f6c6173745f726567656e65726174657c693a313438313839363834393b69735f6c6f676765645f696e7c623a303b),
('04d143b30aa87e28ed68d3817406f0e8f832ff77', '180.191.139.154', 1481897953, 0x5f5f63695f6c6173745f726567656e65726174657c693a313438313839373935333b69735f6c6f676765645f696e7c623a303b),
('7ca0a63730dbc1baac8a51a288501bacf82feb92', '180.191.139.154', 1481898740, 0x5f5f63695f6c6173745f726567656e65726174657c693a313438313839383734303b69735f6c6f676765645f696e7c623a303b617574685f6d6573736167657c733a37303a223c703e4964656e7469747920416c72656164792055736564206f7220496e76616c69643c2f703e3c703e556e61626c6520746f20437265617465204163636f756e743c2f703e223b5f5f63695f766172737c613a313a7b733a31323a22617574685f6d657373616765223b733a333a226f6c64223b7d),
('2ff3b0833c2e8acddfaf05b0e4f32f638c39fe54', '180.191.139.154', 1481899364, 0x5f5f63695f6c6173745f726567656e65726174657c693a313438313839393336343b69735f6c6f676765645f696e7c623a303b617574685f6d6573736167657c733a34383a22546865206163636f756e7420686173206265656e20637265617465642e20596f75206d6179206e6f77206c6f67696e2e223b5f5f63695f766172737c613a313a7b733a31323a22617574685f6d657373616765223b733a333a226f6c64223b7d),
('0f4de8ec73a157c2f1e70099e71ef6f8b8a5d246', '180.191.139.154', 1481899756, 0x5f5f63695f6c6173745f726567656e65726174657c693a313438313839393735363b69735f6c6f676765645f696e7c623a303b6964656e746974797c733a31313a22636872697370696e756775223b757365726e616d657c733a31313a22636872697370696e756775223b656d61696c7c733a303a22223b757365725f69647c733a323a223232223b6f6c645f6c6173745f6c6f67696e7c733a31303a2231343831383939333634223b636f6d70616e795f69647c733a323a223336223b737570706c6965727c623a303b67726f7570737c613a313a7b693a303b733a313a2232223b7d636f6e746163745f69647c733a323a223439223b63617465676f72795f69647c733a313a2231223b636172745f69647c693a32343b),
('cd9362b2f546cbf365f34b2e816b442894c5f733', '180.191.139.154', 1481900784, 0x5f5f63695f6c6173745f726567656e65726174657c693a313438313930303738343b69735f6c6f676765645f696e7c623a303b6964656e746974797c733a31313a22636872697370696e756775223b757365726e616d657c733a31313a22636872697370696e756775223b656d61696c7c733a303a22223b757365725f69647c733a323a223232223b6f6c645f6c6173745f6c6f67696e7c733a31303a2231343831383939333634223b636f6d70616e795f69647c733a323a223336223b737570706c6965727c623a303b67726f7570737c613a313a7b693a303b733a313a2232223b7d636f6e746163745f69647c733a323a223439223b63617465676f72795f69647c733a313a2231223b636172745f69647c693a32343b),
('032b85af53fc0b2666399f27f220cbe3cf902d49', '180.191.139.154', 1481900942, 0x5f5f63695f6c6173745f726567656e65726174657c693a313438313930303738343b69735f6c6f676765645f696e7c623a303b6964656e746974797c733a31313a22636872697370696e756775223b757365726e616d657c733a31313a22636872697370696e756775223b656d61696c7c733a303a22223b757365725f69647c733a323a223232223b6f6c645f6c6173745f6c6f67696e7c733a31303a2231343831383939333634223b636f6d70616e795f69647c733a323a223336223b737570706c6965727c623a303b67726f7570737c613a313a7b693a303b733a313a2232223b7d636f6e746163745f69647c733a323a223439223b63617465676f72795f69647c733a313a2231223b636172745f69647c693a32343b),
('73267ecf475234202b8032a1699e955b1ab50590', '136.243.36.164', 1481903451, 0x5f5f63695f6c6173745f726567656e65726174657c693a313438313930333435313b69735f6c6f676765645f696e7c623a303b),
('f594380f958af0c2f7e5d8c1829a5ed1d27a0527', '64.79.100.17', 1481986477, 0x5f5f63695f6c6173745f726567656e65726174657c693a313438313938363437373b69735f6c6f676765645f696e7c623a303b);
INSERT INTO `ci_sessions` (`id`, `ip_address`, `timestamp`, `data`) VALUES
('bd89e53d4c6cd01e0be3722451f85ad05436014a', '64.79.100.17', 1481986478, 0x5f5f63695f6c6173745f726567656e65726174657c693a313438313938363437383b69735f6c6f676765645f696e7c623a303b),
('902a3da657ddbdd4736b4de17dda5f26a2fb272a', '64.79.100.17', 1481986479, 0x5f5f63695f6c6173745f726567656e65726174657c693a313438313938363437393b69735f6c6f676765645f696e7c623a303b),
('521a09449461f0e6022fb46f9e0efb0864e90031', '64.79.100.17', 1481986479, 0x5f5f63695f6c6173745f726567656e65726174657c693a313438313938363437393b69735f6c6f676765645f696e7c623a303b),
('0bf61faa8d4bf4676daf0b552daeed6fa95c6f53', '157.55.39.98', 1482079047, 0x5f5f63695f6c6173745f726567656e65726174657c693a313438323037393034373b69735f6c6f676765645f696e7c623a303b),
('33c1bbb9ede8b1c5826ca76758207a7c74f89661', '157.55.39.98', 1482079049, 0x5f5f63695f6c6173745f726567656e65726174657c693a313438323037393034393b69735f6c6f676765645f696e7c623a303b),
('f43d7f7e465ca67abc61aa48ba588e654ad3fa26', '64.79.100.29', 1482090729, 0x5f5f63695f6c6173745f726567656e65726174657c693a313438323039303732393b69735f6c6f676765645f696e7c623a303b),
('c2d1a53720d63309698cab5e04cf893999f0934e', '64.79.100.29', 1482090730, 0x5f5f63695f6c6173745f726567656e65726174657c693a313438323039303733303b69735f6c6f676765645f696e7c623a303b),
('f867a1b0204a982daeaf574cb86b2639ece40a19', '64.79.100.29', 1482090731, 0x5f5f63695f6c6173745f726567656e65726174657c693a313438323039303733313b69735f6c6f676765645f696e7c623a303b),
('8817b3487b70b01f4ce4fe8a9af4e39e3aab70d9', '64.79.100.29', 1482090731, 0x5f5f63695f6c6173745f726567656e65726174657c693a313438323039303733313b69735f6c6f676765645f696e7c623a303b),
('bb1072f18b7994f30082fe7dff9f8e565d11ae9e', '64.79.100.44', 1482150861, 0x5f5f63695f6c6173745f726567656e65726174657c693a313438323135303836303b69735f6c6f676765645f696e7c623a303b),
('5db43fee3afa50be6f4ff2cb1fa32e61f8fa6fcb', '64.79.100.44', 1482150861, 0x5f5f63695f6c6173745f726567656e65726174657c693a313438323135303836313b69735f6c6f676765645f696e7c623a303b),
('922a6d9c0aea065505e89b3bfe67a9d563059bb1', '64.79.100.44', 1482150862, 0x5f5f63695f6c6173745f726567656e65726174657c693a313438323135303836323b69735f6c6f676765645f696e7c623a303b),
('9a25dd26bdc542b37bd51a1589143e31f182f008', '64.79.100.44', 1482150862, 0x5f5f63695f6c6173745f726567656e65726174657c693a313438323135303836323b69735f6c6f676765645f696e7c623a303b),
('60f4fe1c7d06abf197d4fe04cd68abc3f7227296', '79.134.218.13', 1482181745, 0x5f5f63695f6c6173745f726567656e65726174657c693a313438323138313734353b69735f6c6f676765645f696e7c623a303b),
('d852fdd4d784cf05c26bfed2ff63ae781b5da626', '64.79.100.17', 1482227853, 0x5f5f63695f6c6173745f726567656e65726174657c693a313438323232373835333b69735f6c6f676765645f696e7c623a303b),
('eb6991d5fa21e4bd5b5871790f8c5994a288b784', '64.79.100.17', 1482227854, 0x5f5f63695f6c6173745f726567656e65726174657c693a313438323232373835343b69735f6c6f676765645f696e7c623a303b),
('5e820ea35d7a44b084b7b863abcbe47e181b27f7', '64.79.100.17', 1482227855, 0x5f5f63695f6c6173745f726567656e65726174657c693a313438323232373835353b69735f6c6f676765645f696e7c623a303b),
('6ab4356fb8f75b1fe83320d3a161fed939853c1e', '64.79.100.17', 1482227855, 0x5f5f63695f6c6173745f726567656e65726174657c693a313438323232373835353b69735f6c6f676765645f696e7c623a303b),
('faef0233e04ef3108a75710ddc2178fed9b8a1fc', '40.77.167.1', 1482239087, 0x5f5f63695f6c6173745f726567656e65726174657c693a313438323233393038373b69735f6c6f676765645f696e7c623a303b),
('d91d384c389e44c908f5ee91c19f20d67ef1d71c', '40.77.167.1', 1482239088, 0x5f5f63695f6c6173745f726567656e65726174657c693a313438323233393038383b69735f6c6f676765645f696e7c623a303b),
('c1771da97d1eccf1a1d9206dc4e0f793491b485c', '54.210.127.140', 1482335146, 0x5f5f63695f6c6173745f726567656e65726174657c693a313438323333353134363b69735f6c6f676765645f696e7c623a303b),
('2d8612a70ba106f1c85574dc961a485e978cd209', '54.210.127.140', 1482335147, 0x5f5f63695f6c6173745f726567656e65726174657c693a313438323333353134373b69735f6c6f676765645f696e7c623a303b),
('7170a748d3bee28803a689498b5ab3914c6c1317', '64.79.100.42', 1482353540, 0x5f5f63695f6c6173745f726567656e65726174657c693a313438323335333534303b69735f6c6f676765645f696e7c623a303b),
('3be73be68f0f85943c53992c92f7c72a7e15f3fe', '64.79.100.42', 1482353541, 0x5f5f63695f6c6173745f726567656e65726174657c693a313438323335333534313b69735f6c6f676765645f696e7c623a303b),
('c0d1a28609737466b6c5e7b2c22466878cb2ae70', '64.79.100.42', 1482353542, 0x5f5f63695f6c6173745f726567656e65726174657c693a313438323335333534323b69735f6c6f676765645f696e7c623a303b),
('d99a9a1aad12c801501c608ff3d79877959d0e09', '64.79.100.42', 1482353542, 0x5f5f63695f6c6173745f726567656e65726174657c693a313438323335333534323b69735f6c6f676765645f696e7c623a303b),
('bd95353a9b658a9599bb4a9da3b101c616c7f026', '94.23.75.242', 1482356177, 0x5f5f63695f6c6173745f726567656e65726174657c693a313438323335363137373b69735f6c6f676765645f696e7c623a303b),
('48e8f3a056d41ad400b4587a1bddb41b74052104', '64.79.100.47', 1482396211, 0x5f5f63695f6c6173745f726567656e65726174657c693a313438323339363231303b69735f6c6f676765645f696e7c623a303b),
('2698afbfb854098b35bbf7f427bdcefc41c512cb', '64.79.100.47', 1482396211, 0x5f5f63695f6c6173745f726567656e65726174657c693a313438323339363231313b69735f6c6f676765645f696e7c623a303b),
('8f7a8710ae90f3b6869e5ab8a67b6722558383c3', '64.79.100.47', 1482396212, 0x5f5f63695f6c6173745f726567656e65726174657c693a313438323339363231323b69735f6c6f676765645f696e7c623a303b),
('07c17b3335d9337f831a485bd61150b7ea9c43b4', '64.79.100.47', 1482396213, 0x5f5f63695f6c6173745f726567656e65726174657c693a313438323339363231333b69735f6c6f676765645f696e7c623a303b),
('272aab869644fdf8e9524dcfa84cce4ffd61eebf', '64.79.100.34', 1482514301, 0x5f5f63695f6c6173745f726567656e65726174657c693a313438323531343330313b69735f6c6f676765645f696e7c623a303b),
('fe1d9d0d97e92fc333ee026eae7c2c8503c17107', '64.79.100.34', 1482514302, 0x5f5f63695f6c6173745f726567656e65726174657c693a313438323531343330323b69735f6c6f676765645f696e7c623a303b),
('8a6d93c548f362a26427c8fde46680337357fde8', '64.79.100.34', 1482514303, 0x5f5f63695f6c6173745f726567656e65726174657c693a313438323531343330333b69735f6c6f676765645f696e7c623a303b),
('1a3952977c17168408a064604fe8ecf827a4f25a', '64.79.100.34', 1482514303, 0x5f5f63695f6c6173745f726567656e65726174657c693a313438323531343330333b69735f6c6f676765645f696e7c623a303b),
('17f4c39faf124e0fa754674e11db6d02e06a259b', '54.152.231.33', 1482536520, 0x5f5f63695f6c6173745f726567656e65726174657c693a313438323533363532303b69735f6c6f676765645f696e7c623a303b),
('2d635f46817b74acc4be4cc932293c2f1e07a681', '51.254.80.207', 1482545003, 0x5f5f63695f6c6173745f726567656e65726174657c693a313438323534353030333b69735f6c6f676765645f696e7c623a303b),
('ff2dbdc11c30de9110963155f64db82ceca00f4e', '64.79.100.29', 1482588283, 0x5f5f63695f6c6173745f726567656e65726174657c693a313438323538383238323b69735f6c6f676765645f696e7c623a303b),
('58c0db1714e5338e800f2409b309e4b25f2a0b6b', '64.79.100.29', 1482588283, 0x5f5f63695f6c6173745f726567656e65726174657c693a313438323538383238333b69735f6c6f676765645f696e7c623a303b),
('6fa2c047f75d417f939933187b1f7a3d1798c83e', '64.79.100.29', 1482588284, 0x5f5f63695f6c6173745f726567656e65726174657c693a313438323538383238343b69735f6c6f676765645f696e7c623a303b),
('ad38add5c808d201bcc40eb790df7d8996aebaa7', '64.79.100.29', 1482588284, 0x5f5f63695f6c6173745f726567656e65726174657c693a313438323538383238343b69735f6c6f676765645f696e7c623a303b),
('044049c61f8d8d78b180a1f055cd30dfa259f3ec', '162.243.163.144', 1482613230, 0x5f5f63695f6c6173745f726567656e65726174657c693a313438323631333232393b69735f6c6f676765645f696e7c623a303b),
('a016bd14073dd2a07e133e699dbcbb58f43432d6', '158.69.225.37', 1482655590, 0x5f5f63695f6c6173745f726567656e65726174657c693a313438323635353538393b69735f6c6f676765645f696e7c623a303b),
('20d8b995da57d450641ac0aa7cb7ec1a84fd17e5', '158.69.225.37', 1482655600, 0x5f5f63695f6c6173745f726567656e65726174657c693a313438323635353539303b69735f6c6f676765645f696e7c623a303b),
('25d2a0e822004d244a750b120d18dad4b337cf11', '158.69.225.37', 1482655601, 0x5f5f63695f6c6173745f726567656e65726174657c693a313438323635353630313b69735f6c6f676765645f696e7c623a303b),
('a05890459fc3cd33a2a044d07d41db43f169fba3', '64.246.165.160', 1482680741, 0x5f5f63695f6c6173745f726567656e65726174657c693a313438323638303734313b69735f6c6f676765645f696e7c623a303b),
('44564a4c2c4c571fb56a4496d2aefcd1cf5e4e83', '64.246.165.160', 1482680741, 0x5f5f63695f6c6173745f726567656e65726174657c693a313438323638303734313b69735f6c6f676765645f696e7c623a303b),
('04053517cb5f8f8534a09f0892d50f85f682818b', '64.79.100.32', 1482686657, 0x5f5f63695f6c6173745f726567656e65726174657c693a313438323638363635363b69735f6c6f676765645f696e7c623a303b),
('563db86d7c4427e5fe3999580dfa39a7ef6399c4', '64.79.100.32', 1482686657, 0x5f5f63695f6c6173745f726567656e65726174657c693a313438323638363635373b69735f6c6f676765645f696e7c623a303b),
('5d2afa93b786903783047f2d188a3334e4f7f08d', '64.79.100.32', 1482686658, 0x5f5f63695f6c6173745f726567656e65726174657c693a313438323638363635383b69735f6c6f676765645f696e7c623a303b),
('b59a8209c5d5b5bb326d4767e4371ceb8775b42e', '64.79.100.32', 1482686658, 0x5f5f63695f6c6173745f726567656e65726174657c693a313438323638363635383b69735f6c6f676765645f696e7c623a303b),
('0f411805e5e52b6b9551dbfecfc681a31b0bbca5', '64.79.100.36', 1482736208, 0x5f5f63695f6c6173745f726567656e65726174657c693a313438323733363230383b69735f6c6f676765645f696e7c623a303b),
('d0637f86980e738932f57d6bba2620e46e587ea7', '64.79.100.36', 1482736209, 0x5f5f63695f6c6173745f726567656e65726174657c693a313438323733363230393b69735f6c6f676765645f696e7c623a303b),
('027383b5ae3a31e8f23feedd727d38eaa3266995', '64.79.100.36', 1482736209, 0x5f5f63695f6c6173745f726567656e65726174657c693a313438323733363230393b69735f6c6f676765645f696e7c623a303b),
('cabbcea921afce4af834fd0449aeb3ffadbca043', '64.79.100.36', 1482736210, 0x5f5f63695f6c6173745f726567656e65726174657c693a313438323733363231303b69735f6c6f676765645f696e7c623a303b),
('ebf4ac5832072dd04570c3a635de909e248540a6', '134.249.159.113', 1482780075, 0x5f5f63695f6c6173745f726567656e65726174657c693a313438323738303037353b69735f6c6f676765645f696e7c623a303b),
('5b0041fddf7b80b0929ee54c6b3fa134e9cd9363', '64.79.100.47', 1482828438, 0x5f5f63695f6c6173745f726567656e65726174657c693a313438323832383433373b69735f6c6f676765645f696e7c623a303b),
('644b23a5d6c63deffc6f5d0ee430045393af0206', '64.79.100.47', 1482828438, 0x5f5f63695f6c6173745f726567656e65726174657c693a313438323832383433383b69735f6c6f676765645f696e7c623a303b),
('5a74e923c2f96cb8bc8035388c4eadfee653a800', '64.79.100.47', 1482828439, 0x5f5f63695f6c6173745f726567656e65726174657c693a313438323832383433393b69735f6c6f676765645f696e7c623a303b),
('554203e2a5d64cd0e398eda4a7f676ca6b3a0944', '64.79.100.47', 1482828439, 0x5f5f63695f6c6173745f726567656e65726174657c693a313438323832383433393b69735f6c6f676765645f696e7c623a303b),
('9b7a02cbc411a8650e0f6879fd3a9f1d0597dcc4', '94.23.3.152', 1482896780, 0x5f5f63695f6c6173745f726567656e65726174657c693a313438323839363738303b69735f6c6f676765645f696e7c623a303b),
('f4c3d30696e291ce3b3cf35e0aa34efde0b61bdc', '93.92.217.228', 1482920641, 0x5f5f63695f6c6173745f726567656e65726174657c693a313438323932303634313b69735f6c6f676765645f696e7c623a303b),
('186eb00dadae1d1a4d66c60071c63a6aa8edee1a', '64.79.100.34', 1482932541, 0x5f5f63695f6c6173745f726567656e65726174657c693a313438323933323534303b69735f6c6f676765645f696e7c623a303b),
('66d77b6e45fb2e9c8afc84a5e649941d7191ef68', '64.79.100.34', 1482932541, 0x5f5f63695f6c6173745f726567656e65726174657c693a313438323933323534313b69735f6c6f676765645f696e7c623a303b),
('a4b8f1f50eff60e02e9c9ed0ba75bbc85b8befe6', '64.79.100.34', 1482932542, 0x5f5f63695f6c6173745f726567656e65726174657c693a313438323933323534323b69735f6c6f676765645f696e7c623a303b),
('cd2377e53f3b3bc010ecb4389cc21ef9003b390b', '64.79.100.34', 1482932542, 0x5f5f63695f6c6173745f726567656e65726174657c693a313438323933323534323b69735f6c6f676765645f696e7c623a303b),
('f5cb09db21121cc314d826cb0dd918b97a3d4d3b', '64.79.100.38', 1483019232, 0x5f5f63695f6c6173745f726567656e65726174657c693a313438333031393233313b69735f6c6f676765645f696e7c623a303b),
('35113aae1e6f68bf17e67b6ab09d0285c4fd8b70', '64.79.100.38', 1483019232, 0x5f5f63695f6c6173745f726567656e65726174657c693a313438333031393233323b69735f6c6f676765645f696e7c623a303b),
('e0c6848d1a27f86a981c299922207ce06ce3aa24', '64.79.100.38', 1483019233, 0x5f5f63695f6c6173745f726567656e65726174657c693a313438333031393233333b69735f6c6f676765645f696e7c623a303b),
('b79bd6f747ec1ca7abf68045f6d65e1ad5d09d43', '64.79.100.38', 1483019233, 0x5f5f63695f6c6173745f726567656e65726174657c693a313438333031393233333b69735f6c6f676765645f696e7c623a303b),
('eeb07f95b9c1242ba4f4face04a79ce2ea7b0228', '79.134.218.13', 1483040003, 0x5f5f63695f6c6173745f726567656e65726174657c693a313438333034303030333b69735f6c6f676765645f696e7c623a303b),
('ed57af29af87c8dc5d2080bfa269454f9abbaf4f', '157.55.39.189', 1483062414, 0x5f5f63695f6c6173745f726567656e65726174657c693a313438333036323431343b69735f6c6f676765645f696e7c623a303b),
('50fd6dd97275400964822cbe830a7e0f18046d7b', '157.55.39.189', 1483062415, 0x5f5f63695f6c6173745f726567656e65726174657c693a313438333036323431353b69735f6c6f676765645f696e7c623a303b),
('1e51442ef731a65cf3a1bb57a228f79fe50bb553', '173.236.168.104', 1483083114, 0x5f5f63695f6c6173745f726567656e65726174657c693a313438333038333131343b69735f6c6f676765645f696e7c623a303b),
('ec67cdc1e3c4979179867af52612e2b47acc853d', '173.236.168.104', 1483083114, 0x5f5f63695f6c6173745f726567656e65726174657c693a313438333038333131343b69735f6c6f676765645f696e7c623a303b),
('dc96575b2f00dec745c0d865e88dffef203679b1', '64.79.100.29', 1483087064, 0x5f5f63695f6c6173745f726567656e65726174657c693a313438333038373036343b69735f6c6f676765645f696e7c623a303b),
('04c58fe84b9304c8cc35d1b12337775a7ba033d8', '64.79.100.29', 1483087065, 0x5f5f63695f6c6173745f726567656e65726174657c693a313438333038373036353b69735f6c6f676765645f696e7c623a303b),
('2a6a4b4e9fd7360d219d5cf34c18eccc1234a023', '64.79.100.29', 1483087065, 0x5f5f63695f6c6173745f726567656e65726174657c693a313438333038373036353b69735f6c6f676765645f696e7c623a303b),
('922e9006a137b475ea166cef0030d76956be09a0', '64.79.100.29', 1483087066, 0x5f5f63695f6c6173745f726567656e65726174657c693a313438333038373036363b69735f6c6f676765645f696e7c623a303b),
('9fd4c328f7fd0aba5958b65fd3bec02e729ac278', '207.46.13.120', 1483116744, 0x5f5f63695f6c6173745f726567656e65726174657c693a313438333131363734343b69735f6c6f676765645f696e7c623a303b),
('36112a5bcf829a7a74aeb072afa01d05035086e6', '207.46.13.120', 1483116780, 0x5f5f63695f6c6173745f726567656e65726174657c693a313438333131363738303b69735f6c6f676765645f696e7c623a303b),
('f02860391c8fe87b9b1d31d61eb226d903767d4d', '64.79.100.23', 1483192303, 0x5f5f63695f6c6173745f726567656e65726174657c693a313438333139323330333b69735f6c6f676765645f696e7c623a303b),
('28663f7dae7d38289a6f23df656b1cabc98381f4', '64.79.100.23', 1483192304, 0x5f5f63695f6c6173745f726567656e65726174657c693a313438333139323330343b69735f6c6f676765645f696e7c623a303b),
('ed7879e35f421f9963de13e1cf9559688004e3d9', '64.79.100.23', 1483192304, 0x5f5f63695f6c6173745f726567656e65726174657c693a313438333139323330343b69735f6c6f676765645f696e7c623a303b),
('83e3edb86425776b6d9a9ffc465cb63ad0de7041', '64.79.100.23', 1483192305, 0x5f5f63695f6c6173745f726567656e65726174657c693a313438333139323330353b69735f6c6f676765645f696e7c623a303b),
('fe892636d8c08bf28af0106544ab47184748cc4b', '46.101.79.148', 1483267080, 0x5f5f63695f6c6173745f726567656e65726174657c693a313438333236373038303b69735f6c6f676765645f696e7c623a303b),
('c4ccdfee3a0f3e3640a5e32d6c172ae08ed2d62b', '64.79.100.16', 1483299670, 0x5f5f63695f6c6173745f726567656e65726174657c693a313438333239393636393b69735f6c6f676765645f696e7c623a303b),
('a681279fb11f891bfbc9afa4c0197f5797a9aeee', '64.79.100.16', 1483299670, 0x5f5f63695f6c6173745f726567656e65726174657c693a313438333239393637303b69735f6c6f676765645f696e7c623a303b),
('6829fe1e67a58834b89a621d52022bde514f8dca', '64.79.100.16', 1483299671, 0x5f5f63695f6c6173745f726567656e65726174657c693a313438333239393637313b69735f6c6f676765645f696e7c623a303b),
('af2722a9c3355b6609864eed1a86851f2496f52c', '64.79.100.16', 1483299671, 0x5f5f63695f6c6173745f726567656e65726174657c693a313438333239393637313b69735f6c6f676765645f696e7c623a303b),
('1386f497ac0469c4322a9bffbf71aa9db9305ad5', '23.119.147.177', 1483327990, 0x5f5f63695f6c6173745f726567656e65726174657c693a313438333332373836393b69735f6c6f676765645f696e7c623a303b6964656e746974797c733a393a22737570706c69657232223b757365726e616d657c733a393a22737570706c69657232223b656d61696c7c733a303a22223b757365725f69647c733a323a223136223b6f6c645f6c6173745f6c6f67696e7c733a31303a2231343833333237393635223b636f6d70616e795f69647c733a323a223330223b737570706c6965727c623a303b67726f7570737c613a313a7b693a303b733a313a2233223b7d636f6e746163745f69647c733a323a223432223b63617465676f72795f69647c733a313a2231223b636172745f69647c693a32353b),
('8210edff01bf4d1e4959d950006a50e619816248', '23.119.147.177', 1483337251, 0x5f5f63695f6c6173745f726567656e65726174657c693a313438333333373233353b69735f6c6f676765645f696e7c623a303b6964656e746974797c733a393a22637573746f6d657232223b757365726e616d657c733a393a22637573746f6d657232223b656d61696c7c733a303a22223b757365725f69647c733a323a223137223b6f6c645f6c6173745f6c6f67696e7c733a31303a2231343833333337323436223b636f6d70616e795f69647c733a323a223331223b737570706c6965727c623a303b67726f7570737c613a313a7b693a303b733a313a2232223b7d636f6e746163745f69647c733a323a223433223b63617465676f72795f69647c733a313a2231223b636172745f69647c733a323a223138223b),
('82b078b92c54cc8e2173fa4c48eb73df21727fab', '64.79.100.42', 1483392260, 0x5f5f63695f6c6173745f726567656e65726174657c693a313438333339323235393b69735f6c6f676765645f696e7c623a303b),
('a1b1594de5c6a7158157923b736d780171e5d0a3', '64.79.100.42', 1483392260, 0x5f5f63695f6c6173745f726567656e65726174657c693a313438333339323236303b69735f6c6f676765645f696e7c623a303b),
('de7380fde7d43fede212bae603ae9065048c45b6', '64.79.100.42', 1483392261, 0x5f5f63695f6c6173745f726567656e65726174657c693a313438333339323236313b69735f6c6f676765645f696e7c623a303b),
('3a9ec308985457e71b9e3dc2e4f041914e928737', '64.79.100.42', 1483392262, 0x5f5f63695f6c6173745f726567656e65726174657c693a313438333339323236323b69735f6c6f676765645f696e7c623a303b),
('47a0607607862ec1f1b6fe54fcd563e8629c2bf9', '188.165.29.82', 1483417095, 0x5f5f63695f6c6173745f726567656e65726174657c693a313438333431373039353b69735f6c6f676765645f696e7c623a303b),
('7019d4035cc9608582bfeba239c580ed9b6fb40e', '64.79.100.35', 1483469791, 0x5f5f63695f6c6173745f726567656e65726174657c693a313438333436393739313b69735f6c6f676765645f696e7c623a303b),
('966fd4752d4a1e0a3c81b45e312ef4b673811315', '64.79.100.35', 1483469792, 0x5f5f63695f6c6173745f726567656e65726174657c693a313438333436393739323b69735f6c6f676765645f696e7c623a303b),
('df5311f56206a6496adfc27995dd8bf6adfefcfc', '64.79.100.35', 1483469793, 0x5f5f63695f6c6173745f726567656e65726174657c693a313438333436393739333b69735f6c6f676765645f696e7c623a303b),
('cfb53a1f5f368de35c6fcc0c8631cf2230c8c417', '64.79.100.35', 1483469793, 0x5f5f63695f6c6173745f726567656e65726174657c693a313438333436393739333b69735f6c6f676765645f696e7c623a303b),
('becb9345fdb568ae0f0caedcc779e7b99869e8a5', '180.191.95.234', 1483510118, 0x5f5f63695f6c6173745f726567656e65726174657c693a313438333531303131383b69735f6c6f676765645f696e7c623a303b),
('ec893bf9f0e86f95618bccfccab41acdd16de9f6', '64.79.100.23', 1483529024, 0x5f5f63695f6c6173745f726567656e65726174657c693a313438333532393032343b69735f6c6f676765645f696e7c623a303b),
('8147af7bd51b1990e36c703f659fcfbc4b8b5a82', '64.79.100.23', 1483529025, 0x5f5f63695f6c6173745f726567656e65726174657c693a313438333532393032353b69735f6c6f676765645f696e7c623a303b),
('b3830c5abb15f08f94e2ea16373a83f3f09d6621', '64.79.100.23', 1483529026, 0x5f5f63695f6c6173745f726567656e65726174657c693a313438333532393032363b69735f6c6f676765645f696e7c623a303b),
('20b37e9933a945330b02318fc001a5610aa158a1', '64.79.100.23', 1483529026, 0x5f5f63695f6c6173745f726567656e65726174657c693a313438333532393032363b69735f6c6f676765645f696e7c623a303b),
('8522e6383998292a0c007d1082ccb92f9750cba0', '104.236.141.156', 1483556119, 0x5f5f63695f6c6173745f726567656e65726174657c693a313438333535363131393b69735f6c6f676765645f696e7c623a303b),
('7f5dfc25c406b3f60aa241695a83dcbd1acd9973', '46.165.230.5', 1483556125, 0x5f5f63695f6c6173745f726567656e65726174657c693a313438333535363132353b69735f6c6f676765645f696e7c623a303b),
('83803c2bf295a39f696ad15fc247d4291be75869', '38.100.21.63', 1483558909, 0x5f5f63695f6c6173745f726567656e65726174657c693a313438333535383930393b69735f6c6f676765645f696e7c623a303b),
('d28798e65571269f27d92bf34afeccafae1e1fce', '69.58.178.56', 1483568117, 0x5f5f63695f6c6173745f726567656e65726174657c693a313438333536383131373b69735f6c6f676765645f696e7c623a303b),
('7c728fb070371330c868ee219e4a7127c4919fb5', '69.58.178.56', 1483568120, 0x5f5f63695f6c6173745f726567656e65726174657c693a313438333536383132303b69735f6c6f676765645f696e7c623a303b),
('c744683df67fbb18bc18b60d5cb7f955cca7cab3', '69.58.178.56', 1483568122, 0x5f5f63695f6c6173745f726567656e65726174657c693a313438333536383132323b69735f6c6f676765645f696e7c623a303b),
('8af80653ce0ba540b776ff767f3314c93733ab0f', '64.79.100.40', 1483614161, 0x5f5f63695f6c6173745f726567656e65726174657c693a313438333631343136313b69735f6c6f676765645f696e7c623a303b),
('20be09a767776d3b9b1657b36eca28f5a3b955d7', '64.79.100.40', 1483614162, 0x5f5f63695f6c6173745f726567656e65726174657c693a313438333631343136323b69735f6c6f676765645f696e7c623a303b),
('aeacde62e7a627f9a0f300403f87051a6fff3760', '64.79.100.40', 1483614163, 0x5f5f63695f6c6173745f726567656e65726174657c693a313438333631343136333b69735f6c6f676765645f696e7c623a303b),
('20fd15ef133113ec9586a8a64319f46ec4edfada', '64.79.100.40', 1483614163, 0x5f5f63695f6c6173745f726567656e65726174657c693a313438333631343136333b69735f6c6f676765645f696e7c623a303b),
('25de7b9f71b34eefbba47f50e2efbd3cbfc30f64', '64.79.100.22', 1483723821, 0x5f5f63695f6c6173745f726567656e65726174657c693a313438333732333832303b69735f6c6f676765645f696e7c623a303b),
('8af56e4c258167e2455c91383e61618e562cea65', '64.79.100.22', 1483723821, 0x5f5f63695f6c6173745f726567656e65726174657c693a313438333732333832313b69735f6c6f676765645f696e7c623a303b),
('486e033a38547d8a3d0e58733b9e4d5639346ab2', '64.79.100.22', 1483723822, 0x5f5f63695f6c6173745f726567656e65726174657c693a313438333732333832323b69735f6c6f676765645f696e7c623a303b),
('63fc2fcd4df2482c033a0fe2e7e5b53f944c970d', '64.79.100.22', 1483723822, 0x5f5f63695f6c6173745f726567656e65726174657c693a313438333732333832323b69735f6c6f676765645f696e7c623a303b),
('0defc486ee8a97f749d43db8b5863919e99fe7a3', '178.137.83.79', 1483744695, 0x5f5f63695f6c6173745f726567656e65726174657c693a313438333734343639353b69735f6c6f676765645f696e7c623a303b),
('b18e5ff319265330bf33b1138cdc836d7975fb9c', '207.46.13.13', 1483774615, 0x5f5f63695f6c6173745f726567656e65726174657c693a313438333737343631353b69735f6c6f676765645f696e7c623a303b),
('fe3fa1bcb1415b6ec74a12bdd6c91620a7d218b5', '207.46.13.13', 1483774618, 0x5f5f63695f6c6173745f726567656e65726174657c693a313438333737343631383b69735f6c6f676765645f696e7c623a303b),
('7eea4d4fd26aa95980f7827ae81a4e960f57fb9f', '64.79.100.33', 1483777434, 0x5f5f63695f6c6173745f726567656e65726174657c693a313438333737373433343b69735f6c6f676765645f696e7c623a303b),
('72a0f5f9321e7235f31decb478bb2a49f9364a2d', '64.79.100.33', 1483777435, 0x5f5f63695f6c6173745f726567656e65726174657c693a313438333737373433353b69735f6c6f676765645f696e7c623a303b),
('cfa532120ea60b0b2ed21ae635c1a4c86abe56ec', '64.79.100.33', 1483777435, 0x5f5f63695f6c6173745f726567656e65726174657c693a313438333737373433353b69735f6c6f676765645f696e7c623a303b),
('28aa16ff6d2baf4f026d1696cb7bf9e3b9ee975b', '64.79.100.33', 1483777436, 0x5f5f63695f6c6173745f726567656e65726174657c693a313438333737373433363b69735f6c6f676765645f696e7c623a303b),
('35925d2d0a2d59b8ed454bbf05ae29e631cec958', '92.222.81.196', 1483777671, 0x5f5f63695f6c6173745f726567656e65726174657c693a313438333737373637313b69735f6c6f676765645f696e7c623a303b),
('d379f4be9920d68b9f70a1c2142cb7a11f134f3d', '92.222.81.196', 1483777672, 0x5f5f63695f6c6173745f726567656e65726174657c693a313438333737373637323b69735f6c6f676765645f696e7c623a303b),
('66966f8bbe742ceddaed9ce1b50a8fb150ac0057', '88.99.132.125', 1483786301, 0x5f5f63695f6c6173745f726567656e65726174657c693a313438333738363330313b69735f6c6f676765645f696e7c623a303b),
('0d085ebc1f187ca1e8f946cd92dc2e921f143056', '159.203.89.168', 1483804701, 0x5f5f63695f6c6173745f726567656e65726174657c693a313438333830343730313b69735f6c6f676765645f696e7c623a303b),
('a13be49b1f11739cdae883fcb2c8edcfe61fabed', '104.236.15.135', 1483805795, 0x5f5f63695f6c6173745f726567656e65726174657c693a313438333830353739353b69735f6c6f676765645f696e7c623a303b),
('853146a6c4d1b03f75737c24a5f20263606f1fb7', '52.3.243.99', 1483830683, 0x5f5f63695f6c6173745f726567656e65726174657c693a313438333833303638333b69735f6c6f676765645f696e7c623a303b),
('88aa3a289d6d1dd7d09355bab2d858697365f183', '52.3.243.99', 1483830683, 0x5f5f63695f6c6173745f726567656e65726174657c693a313438333833303638333b69735f6c6f676765645f696e7c623a303b),
('e98b06be6523d561b145d17106bed646e094c4ae', '64.79.100.21', 1483877402, 0x5f5f63695f6c6173745f726567656e65726174657c693a313438333837373430313b69735f6c6f676765645f696e7c623a303b),
('28e78aef8121f26cacf08673da38f353d19ce2f8', '64.79.100.21', 1483877402, 0x5f5f63695f6c6173745f726567656e65726174657c693a313438333837373430323b69735f6c6f676765645f696e7c623a303b),
('3dc1fdf1b1448810469935a5769eae43e0d78ffb', '64.79.100.21', 1483877403, 0x5f5f63695f6c6173745f726567656e65726174657c693a313438333837373430333b69735f6c6f676765645f696e7c623a303b),
('1dca76e447bc44d1b9c7f3292f6aece998579afa', '64.79.100.21', 1483877404, 0x5f5f63695f6c6173745f726567656e65726174657c693a313438333837373430343b69735f6c6f676765645f696e7c623a303b),
('0290b3646aabd5158710087ee94f98b956857ea3', '176.9.50.43', 1483880722, 0x5f5f63695f6c6173745f726567656e65726174657c693a313438333838303732323b69735f6c6f676765645f696e7c623a303b),
('27cfed67937bd0a60afe10aac9d20bb379f1147b', '176.9.50.43', 1483880723, 0x5f5f63695f6c6173745f726567656e65726174657c693a313438333838303732333b69735f6c6f676765645f696e7c623a303b),
('3ec2b166a40762e28bcbc38b6e72d8f8f30278f3', '179.61.255.66', 1483900276, 0x5f5f63695f6c6173745f726567656e65726174657c693a313438333930303237333b69735f6c6f676765645f696e7c623a303b),
('4b269ba196a1ea0ead1b349034e523968d1a4220', '157.55.39.222', 1483962012, 0x5f5f63695f6c6173745f726567656e65726174657c693a313438333936323031323b69735f6c6f676765645f696e7c623a303b),
('f7b002ad17a94cc914877efc0d7362d1299d079d', '157.55.39.222', 1483962019, 0x5f5f63695f6c6173745f726567656e65726174657c693a313438333936323031393b69735f6c6f676765645f696e7c623a303b),
('d142eb1ba8e86429b10b1cf982514d8fa02c929b', '167.114.172.224', 1483977689, 0x5f5f63695f6c6173745f726567656e65726174657c693a313438333937373638393b69735f6c6f676765645f696e7c623a303b),
('111b43de957f111c49cde8fdd610251fc4ce8161', '167.114.172.224', 1483977699, 0x5f5f63695f6c6173745f726567656e65726174657c693a313438333937373638393b69735f6c6f676765645f696e7c623a303b),
('74d1ce7495143cef3513dd9a16253080f6ba7eab', '167.114.172.224', 1483977700, 0x5f5f63695f6c6173745f726567656e65726174657c693a313438333937373730303b69735f6c6f676765645f696e7c623a303b),
('5174bee4425c0c2924e2ec5c7c9336d5f2d224d4', '64.79.100.13', 1483980750, 0x5f5f63695f6c6173745f726567656e65726174657c693a313438333938303734393b69735f6c6f676765645f696e7c623a303b),
('e23db6162cee9dd0379ca993bb3e5f5aa1f7c861', '64.79.100.13', 1483980750, 0x5f5f63695f6c6173745f726567656e65726174657c693a313438333938303735303b69735f6c6f676765645f696e7c623a303b),
('7e4cc0f4e779b25c55900084c81e39135291056f', '64.79.100.13', 1483980751, 0x5f5f63695f6c6173745f726567656e65726174657c693a313438333938303735313b69735f6c6f676765645f696e7c623a303b),
('affdb1b1e0eea90c3cf9d131435a033d2b6e0e42', '64.79.100.13', 1483980751, 0x5f5f63695f6c6173745f726567656e65726174657c693a313438333938303735313b69735f6c6f676765645f696e7c623a303b),
('e09667c67f387cc08b6d9f4c9c5e4e0a0ec7d48e', '64.79.100.12', 1484072159, 0x5f5f63695f6c6173745f726567656e65726174657c693a313438343037323135383b69735f6c6f676765645f696e7c623a303b),
('103218b211995c5ab6dd2618e18253e98a105cd2', '64.79.100.12', 1484072159, 0x5f5f63695f6c6173745f726567656e65726174657c693a313438343037323135393b69735f6c6f676765645f696e7c623a303b),
('72df6f9538b6ec6573b4e8a538b166d6094c681e', '64.79.100.12', 1484072160, 0x5f5f63695f6c6173745f726567656e65726174657c693a313438343037323136303b69735f6c6f676765645f696e7c623a303b),
('a43dd308097387b58802527ca55fa0ad3cf6d40c', '64.79.100.12', 1484072160, 0x5f5f63695f6c6173745f726567656e65726174657c693a313438343037323136303b69735f6c6f676765645f696e7c623a303b),
('42ccfc646f766633958148e7b2a99b72e144edd8', '159.203.92.6', 1484079142, 0x5f5f63695f6c6173745f726567656e65726174657c693a313438343037393134323b69735f6c6f676765645f696e7c623a303b),
('7e7a0916d5dfd263b2f0bcdeb1ba4cb4ff4ca7f0', '159.203.92.6', 1484079144, 0x5f5f63695f6c6173745f726567656e65726174657c693a313438343037393134343b69735f6c6f676765645f696e7c623a303b),
('9682912587d598216c829510f16f3c4ab91e126f', '64.79.100.36', 1484134824, 0x5f5f63695f6c6173745f726567656e65726174657c693a313438343133343832343b69735f6c6f676765645f696e7c623a303b),
('070ceaa7519401cc1ddcf3240b323200ad73a09b', '64.79.100.36', 1484134825, 0x5f5f63695f6c6173745f726567656e65726174657c693a313438343133343832353b69735f6c6f676765645f696e7c623a303b),
('4ef6337ee9fcaaafdba961c9ed1d52dbb854b30e', '64.79.100.36', 1484134826, 0x5f5f63695f6c6173745f726567656e65726174657c693a313438343133343832363b69735f6c6f676765645f696e7c623a303b),
('1b60abf23ac1f4656461a38bfd64ff6024322f8e', '64.79.100.36', 1484134826, 0x5f5f63695f6c6173745f726567656e65726174657c693a313438343133343832363b69735f6c6f676765645f696e7c623a303b),
('a5ef2be17f20c85310b9d92d5dc834cf36e35ba9', '216.69.191.97', 1484203693, 0x5f5f63695f6c6173745f726567656e65726174657c693a313438343230333639333b69735f6c6f676765645f696e7c623a303b),
('7f117b1a6cd1f29cd48b5045326b27cf79caedab', '216.69.191.97', 1484203715, 0x5f5f63695f6c6173745f726567656e65726174657c693a313438343230333731353b69735f6c6f676765645f696e7c623a303b),
('808d302860bd78098fc6cc9ebafd4369b9d1477d', '64.79.100.11', 1484242072, 0x5f5f63695f6c6173745f726567656e65726174657c693a313438343234323037313b69735f6c6f676765645f696e7c623a303b),
('07a44d06b55e475b92522eacbabaaf3d2a675ada', '64.79.100.11', 1484242072, 0x5f5f63695f6c6173745f726567656e65726174657c693a313438343234323037323b69735f6c6f676765645f696e7c623a303b),
('ff95080fb24e61e5259c46d774a36548d2076e5d', '64.79.100.11', 1484242073, 0x5f5f63695f6c6173745f726567656e65726174657c693a313438343234323037333b69735f6c6f676765645f696e7c623a303b),
('81791e6159d55db849d4d36028a7c86347cd3729', '64.79.100.11', 1484242074, 0x5f5f63695f6c6173745f726567656e65726174657c693a313438343234323037343b69735f6c6f676765645f696e7c623a303b),
('b99a4d658d45ce65777022a7d3cb12c63779d7ee', '64.246.187.42', 1484242756, 0x5f5f63695f6c6173745f726567656e65726174657c693a313438343234323735363b69735f6c6f676765645f696e7c623a303b),
('005c8c211e72ad02305a57e3c56ec5aae9019209', '64.246.187.42', 1484242756, 0x5f5f63695f6c6173745f726567656e65726174657c693a313438343234323735363b69735f6c6f676765645f696e7c623a303b),
('0722049e9aa33e5686e5b98268b5480df7eba54f', '45.32.229.228', 1484301525, 0x5f5f63695f6c6173745f726567656e65726174657c693a313438343330313532353b69735f6c6f676765645f696e7c623a303b),
('7fde7161a49f08c392beb88b92d8a572d4e74b46', '45.32.229.228', 1484301526, 0x5f5f63695f6c6173745f726567656e65726174657c693a313438343330313532363b69735f6c6f676765645f696e7c623a303b),
('f3d4f035239acea21505b0b2a155560fcaec6169', '64.79.100.29', 1484304135, 0x5f5f63695f6c6173745f726567656e65726174657c693a313438343330343133353b69735f6c6f676765645f696e7c623a303b),
('49a726198bc297227e538874a81d941d00c126fd', '64.79.100.29', 1484304136, 0x5f5f63695f6c6173745f726567656e65726174657c693a313438343330343133363b69735f6c6f676765645f696e7c623a303b),
('690cfd2cfc9c6153c6b7c773354ca0a08fb57141', '64.79.100.29', 1484304136, 0x5f5f63695f6c6173745f726567656e65726174657c693a313438343330343133363b69735f6c6f676765645f696e7c623a303b),
('c119cfb1119f2511379520580f2885ebadc884c2', '64.79.100.29', 1484304137, 0x5f5f63695f6c6173745f726567656e65726174657c693a313438343330343133373b69735f6c6f676765645f696e7c623a303b),
('4602072f3f5806472439306eaf3d2d12200e0709', '64.79.100.23', 1484417081, 0x5f5f63695f6c6173745f726567656e65726174657c693a313438343431373038313b69735f6c6f676765645f696e7c623a303b),
('e7acc5fee11ecce26f95bbaa767485ffb5e240ce', '64.79.100.23', 1484417082, 0x5f5f63695f6c6173745f726567656e65726174657c693a313438343431373038323b69735f6c6f676765645f696e7c623a303b),
('aa290755915644a598d7242ee2d30361241b0bce', '64.79.100.23', 1484417083, 0x5f5f63695f6c6173745f726567656e65726174657c693a313438343431373038333b69735f6c6f676765645f696e7c623a303b),
('0d3ad0b48d101225960e4b65c5a5c8a0ec713783', '64.79.100.23', 1484417083, 0x5f5f63695f6c6173745f726567656e65726174657c693a313438343431373038333b69735f6c6f676765645f696e7c623a303b),
('39ab2c732c571380092af9165a21cb8f5f95b0f1', '64.79.100.45', 1484465132, 0x5f5f63695f6c6173745f726567656e65726174657c693a313438343436353133313b69735f6c6f676765645f696e7c623a303b),
('c4c21b0ffb4cb7b16b361f2b5ff4e4470eee5760', '64.79.100.45', 1484465132, 0x5f5f63695f6c6173745f726567656e65726174657c693a313438343436353133323b69735f6c6f676765645f696e7c623a303b),
('644b7517d5a3d5c107ffb7c394ff9d37f509d9cd', '64.79.100.45', 1484465133, 0x5f5f63695f6c6173745f726567656e65726174657c693a313438343436353133333b69735f6c6f676765645f696e7c623a303b),
('d3b27462cf8ee50f7c9c67f607df62c9f55de8ad', '64.79.100.45', 1484465133, 0x5f5f63695f6c6173745f726567656e65726174657c693a313438343436353133333b69735f6c6f676765645f696e7c623a303b),
('cc46d462ccd0d4b348bf11eaeb732f14230e70eb', '64.79.100.34', 1484556813, 0x5f5f63695f6c6173745f726567656e65726174657c693a313438343535363831323b69735f6c6f676765645f696e7c623a303b),
('bf5024a4dc33d9ded3df6f78f22450a8f6213f4a', '64.79.100.34', 1484556814, 0x5f5f63695f6c6173745f726567656e65726174657c693a313438343535363831343b69735f6c6f676765645f696e7c623a303b),
('036f53a0e155e79bc0e0e48d3941133bf7c90a06', '64.79.100.34', 1484556814, 0x5f5f63695f6c6173745f726567656e65726174657c693a313438343535363831343b69735f6c6f676765645f696e7c623a303b),
('40026b2622cf9f38d35ca6e090eb26eea1ef4e00', '64.79.100.34', 1484556815, 0x5f5f63695f6c6173745f726567656e65726174657c693a313438343535363831353b69735f6c6f676765645f696e7c623a303b),
('f66bd66de13e470ca6b9730ff798638a83c3e8d7', '109.86.71.234', 1484593606, 0x5f5f63695f6c6173745f726567656e65726174657c693a313438343539333630363b69735f6c6f676765645f696e7c623a303b),
('3653016272167ec53a66dded6d02131fe90e16c5', '109.86.71.234', 1484593607, 0x5f5f63695f6c6173745f726567656e65726174657c693a313438343539333630373b69735f6c6f676765645f696e7c623a303b),
('bb1104dd9185e790111af67d2192284805a2d0df', '107.181.187.51', 1484617505, 0x5f5f63695f6c6173745f726567656e65726174657c693a313438343631373530343b69735f6c6f676765645f696e7c623a303b),
('ba48f119480f92f7dabea53fe2442254da9bd46c', '109.86.71.185', 1484623226, 0x5f5f63695f6c6173745f726567656e65726174657c693a313438343632333232363b69735f6c6f676765645f696e7c623a303b),
('f38cb5fa9e101a64d002a4914227decc2d39a104', '109.86.71.185', 1484623227, 0x5f5f63695f6c6173745f726567656e65726174657c693a313438343632333232373b69735f6c6f676765645f696e7c623a303b),
('5a767bd60720fec67b72eebb3b51301f2f882d8e', '64.79.100.34', 1484642080, 0x5f5f63695f6c6173745f726567656e65726174657c693a313438343634323038303b69735f6c6f676765645f696e7c623a303b),
('e9ae259bcfc26a22b158d433fe77d539ba16da7c', '64.79.100.34', 1484642081, 0x5f5f63695f6c6173745f726567656e65726174657c693a313438343634323038313b69735f6c6f676765645f696e7c623a303b),
('df22bbb339aea871f23d3a1ac1974b2745e47f9e', '64.79.100.34', 1484642082, 0x5f5f63695f6c6173745f726567656e65726174657c693a313438343634323038323b69735f6c6f676765645f696e7c623a303b),
('52a67d1697d43da981ea7a061b825ad9642eb481', '64.79.100.34', 1484642082, 0x5f5f63695f6c6173745f726567656e65726174657c693a313438343634323038323b69735f6c6f676765645f696e7c623a303b),
('6385cfdfa9dd6358d0761f20ce7257f02673e2f8', '185.125.216.38', 1484694043, 0x5f5f63695f6c6173745f726567656e65726174657c693a313438343639343034333b69735f6c6f676765645f696e7c623a303b),
('f29c3682d9e58f59f6c436de1158d2d4db70672a', '193.124.179.85', 1484694044, 0x5f5f63695f6c6173745f726567656e65726174657c693a313438343639343034343b69735f6c6f676765645f696e7c623a303b),
('56392a03e4cec420950a184e9bea3b1dadd896ae', '185.125.216.38', 1484694046, 0x5f5f63695f6c6173745f726567656e65726174657c693a313438343639343034363b),
('7f47a115488b592e6662b6b03bf7ba826161d557', '79.134.218.13', 1484715068, 0x5f5f63695f6c6173745f726567656e65726174657c693a313438343731353036383b69735f6c6f676765645f696e7c623a303b),
('2c97360a6431257842076ea94a01eeb918dec0da', '64.79.100.48', 1484741302, 0x5f5f63695f6c6173745f726567656e65726174657c693a313438343734313330313b69735f6c6f676765645f696e7c623a303b),
('5d671c1b121ae1054082a00ef025714ff7a267b1', '64.79.100.48', 1484741302, 0x5f5f63695f6c6173745f726567656e65726174657c693a313438343734313330323b69735f6c6f676765645f696e7c623a303b),
('ab59bebccd14ff70771e386718f376dfda2b2fee', '64.79.100.48', 1484741303, 0x5f5f63695f6c6173745f726567656e65726174657c693a313438343734313330333b69735f6c6f676765645f696e7c623a303b),
('f649231f533e354e55581d7dacda2d30f3fbe141', '64.79.100.48', 1484741303, 0x5f5f63695f6c6173745f726567656e65726174657c693a313438343734313330333b69735f6c6f676765645f696e7c623a303b),
('d341358660bc3cdeb44cb7799373b43d43724e93', '157.55.39.198', 1484815738, 0x5f5f63695f6c6173745f726567656e65726174657c693a313438343831353733383b69735f6c6f676765645f696e7c623a303b),
('fdab221830b9420ac52c819cea7a581c7059a276', '157.55.39.198', 1484815747, 0x5f5f63695f6c6173745f726567656e65726174657c693a313438343831353734373b69735f6c6f676765645f696e7c623a303b),
('9df1a0da15ce21953d9c1a59b48ad19a95233a07', '5.2.75.25', 1484824322, 0x5f5f63695f6c6173745f726567656e65726174657c693a313438343832343332323b69735f6c6f676765645f696e7c623a303b),
('f66f9675ad3bb279c6239b1ea884662f3d1d86be', '5.2.75.25', 1484824324, 0x5f5f63695f6c6173745f726567656e65726174657c693a313438343832343332343b69735f6c6f676765645f696e7c623a303b),
('4a588cb9e1268b4c8604a8369b5dbf2f10b2cb74', '192.36.27.7', 1484824359, 0x5f5f63695f6c6173745f726567656e65726174657c693a313438343832343335393b69735f6c6f676765645f696e7c623a303b),
('ed1d1e459aeeee518e50caf9db75e9c8a818329b', '197.231.221.211', 1484824371, 0x5f5f63695f6c6173745f726567656e65726174657c693a313438343832343337313b69735f6c6f676765645f696e7c623a303b),
('0ee7bdd303fbb1148710b96ee6d33290515a1d4f', '197.231.221.211', 1484824372, 0x5f5f63695f6c6173745f726567656e65726174657c693a313438343832343337323b69735f6c6f676765645f696e7c623a303b),
('d2cdb3e7b33ee71ebfb5c01f2c46342f0367ab00', '87.118.115.176', 1484824379, 0x5f5f63695f6c6173745f726567656e65726174657c693a313438343832343337393b69735f6c6f676765645f696e7c623a303b),
('0c7bda02f15db0776c3e69f750e7041b5091d9aa', '87.118.115.176', 1484824380, 0x5f5f63695f6c6173745f726567656e65726174657c693a313438343832343338303b69735f6c6f676765645f696e7c623a303b),
('c79c346bf4f46e0d9d52ae57e3499a6365e2dd0e', '87.118.115.176', 1484824380, 0x5f5f63695f6c6173745f726567656e65726174657c693a313438343832343338303b69735f6c6f676765645f696e7c623a303b),
('f51360a028ce96a563c1a46e41339afd407ff4e8', '87.118.115.176', 1484824381, 0x5f5f63695f6c6173745f726567656e65726174657c693a313438343832343338313b69735f6c6f676765645f696e7c623a303b),
('ade3ead098aa5d49f57f16c96c8fb0c4ab348327', '176.126.252.11', 1484824488, 0x5f5f63695f6c6173745f726567656e65726174657c693a313438343832343438383b69735f6c6f676765645f696e7c623a303b),
('13287f776aff9195fa0524ddc0ea549368010637', '176.126.252.11', 1484824488, 0x5f5f63695f6c6173745f726567656e65726174657c693a313438343832343438383b69735f6c6f676765645f696e7c623a303b),
('400b64a5412e50e4883d36abef32419b3b529a80', '176.126.252.11', 1484824489, 0x5f5f63695f6c6173745f726567656e65726174657c693a313438343832343438393b69735f6c6f676765645f696e7c623a303b),
('f18c7ec67e686694287ce9c8b6681adbff9aa9e3', '176.126.252.11', 1484824490, 0x5f5f63695f6c6173745f726567656e65726174657c693a313438343832343439303b69735f6c6f676765645f696e7c623a303b),
('98bf4298976d04c60b69605ebcc53aca89e8e322', '216.218.222.13', 1484824496, 0x5f5f63695f6c6173745f726567656e65726174657c693a313438343832343439363b69735f6c6f676765645f696e7c623a303b),
('5334a47f614a4527d573a15345ab5c8e03cf4ba4', '216.218.222.13', 1484824497, 0x5f5f63695f6c6173745f726567656e65726174657c693a313438343832343439373b69735f6c6f676765645f696e7c623a303b),
('f7c1a97e999ce87e9d2f99ade7080410da156ec4', '216.218.222.13', 1484824498, 0x5f5f63695f6c6173745f726567656e65726174657c693a313438343832343439383b69735f6c6f676765645f696e7c623a303b),
('3d16a221ab70ebb7c0ccfaf833c5b0a14af1d4ce', '216.218.222.13', 1484824498, 0x5f5f63695f6c6173745f726567656e65726174657c693a313438343832343439383b69735f6c6f676765645f696e7c623a303b),
('0a9edf663b7f94d4633b4588b3580d007139c48b', '93.115.95.216', 1484824563, 0x5f5f63695f6c6173745f726567656e65726174657c693a313438343832343536333b69735f6c6f676765645f696e7c623a303b),
('146d71d76c836e75128ca8212b4c0375875dccdc', '93.115.95.216', 1484824564, 0x5f5f63695f6c6173745f726567656e65726174657c693a313438343832343536343b69735f6c6f676765645f696e7c623a303b),
('833aafe3ea8291f55590fc03d34ae217c1e6ae2f', '77.247.181.165', 1484824566, 0x5f5f63695f6c6173745f726567656e65726174657c693a313438343832343536363b69735f6c6f676765645f696e7c623a303b),
('361e9b3bae320a6888a0fcf3c8ddcfd5c89306d8', '77.247.181.165', 1484824568, 0x5f5f63695f6c6173745f726567656e65726174657c693a313438343832343536383b69735f6c6f676765645f696e7c623a303b),
('56e8d3d392d4b3a046fee7634b385fdc23179443', '163.172.217.50', 1484824673, 0x5f5f63695f6c6173745f726567656e65726174657c693a313438343832343637333b69735f6c6f676765645f696e7c623a303b),
('42918444fcfc09e1c5961bbd6e7f8ccf6cbdf422', '163.172.217.50', 1484824674, 0x5f5f63695f6c6173745f726567656e65726174657c693a313438343832343637343b69735f6c6f676765645f696e7c623a303b),
('646c2ca2da338d6880ce7bb10edc57410d14dc6a', '109.163.234.7', 1484824926, 0x5f5f63695f6c6173745f726567656e65726174657c693a313438343832343932363b69735f6c6f676765645f696e7c623a303b),
('172defdcf2680eb2c91ab0a97f939d9ca4c92541', '109.163.234.7', 1484824927, 0x5f5f63695f6c6173745f726567656e65726174657c693a313438343832343932373b69735f6c6f676765645f696e7c623a303b),
('595e33c10698c21fe2bbf0b00c4283180915caef', '46.166.148.142', 1484825727, 0x5f5f63695f6c6173745f726567656e65726174657c693a313438343832353732373b69735f6c6f676765645f696e7c623a303b),
('686a34876981b28622ee7743cebd42e243e07d8b', '46.166.148.142', 1484825728, 0x5f5f63695f6c6173745f726567656e65726174657c693a313438343832353732383b69735f6c6f676765645f696e7c623a303b),
('a29ed61dd375c8723b25c5fc05f462ef3553a265', '35.167.138.68', 1484833263, 0x5f5f63695f6c6173745f726567656e65726174657c693a313438343833333236333b69735f6c6f676765645f696e7c623a303b),
('57b4c9dabd7c6839cff2f755ca78fbce41848127', '35.167.138.68', 1484833264, 0x5f5f63695f6c6173745f726567656e65726174657c693a313438343833333236343b69735f6c6f676765645f696e7c623a303b),
('a348bc7edc552e3b83c2f00138a6304d71af747e', '64.79.100.50', 1484835828, 0x5f5f63695f6c6173745f726567656e65726174657c693a313438343833353832373b69735f6c6f676765645f696e7c623a303b),
('e284a52de12e26c79023e58e15eab5d206c4eca7', '64.79.100.50', 1484835828, 0x5f5f63695f6c6173745f726567656e65726174657c693a313438343833353832383b69735f6c6f676765645f696e7c623a303b),
('cc3cd70ad82ae954e33e40e73532caf22b5cda44', '64.79.100.50', 1484835829, 0x5f5f63695f6c6173745f726567656e65726174657c693a313438343833353832393b69735f6c6f676765645f696e7c623a303b),
('1590b1737a5dfa411e213ea54f334919bab8100e', '64.79.100.50', 1484835829, 0x5f5f63695f6c6173745f726567656e65726174657c693a313438343833353832393b69735f6c6f676765645f696e7c623a303b),
('074191b783db4e004579a43648e58a63d334cf4c', '157.55.39.198', 1484840291, 0x5f5f63695f6c6173745f726567656e65726174657c693a313438343834303239313b69735f6c6f676765645f696e7c623a303b),
('e96fbdefa2fd10ec57f2a25e51f2e2da3ec6e802', '157.55.39.198', 1484840297, 0x5f5f63695f6c6173745f726567656e65726174657c693a313438343834303239373b69735f6c6f676765645f696e7c623a303b),
('326ae3472809f475f42cb1b5b5f83fc63ab29077', '180.191.138.62', 1484849307, 0x5f5f63695f6c6173745f726567656e65726174657c693a313438343834393330373b69735f6c6f676765645f696e7c623a303b6964656e746974797c733a31303a226b656e6e656479616e67223b757365726e616d657c733a31303a226b656e6e656479616e67223b656d61696c7c733a32313a22636872697370696e756775407961686f6f2e636f6d223b757365725f69647c733a323a223134223b6f6c645f6c6173745f6c6f67696e7c733a31303a2231343834383438303139223b636f6d70616e795f69647c733a323a223238223b737570706c6965727c623a303b67726f7570737c613a313a7b693a303b733a313a2232223b7d636f6e746163745f69647c733a323a223430223b63617465676f72795f69647c733a313a2231223b636172745f69647c733a323a223230223b),
('3bec4260fe6801f9ebf528ce47e69ec39c7904e6', '180.191.138.62', 1484850033, 0x5f5f63695f6c6173745f726567656e65726174657c693a313438343835303033333b69735f6c6f676765645f696e7c623a303b6964656e746974797c733a31303a226b656e6e656479616e67223b757365726e616d657c733a31303a226b656e6e656479616e67223b656d61696c7c733a32313a22636872697370696e756775407961686f6f2e636f6d223b757365725f69647c733a323a223134223b6f6c645f6c6173745f6c6f67696e7c733a31303a2231343834383438303139223b636f6d70616e795f69647c733a323a223238223b737570706c6965727c623a303b67726f7570737c613a313a7b693a303b733a313a2232223b7d636f6e746163745f69647c733a323a223430223b63617465676f72795f69647c733a313a2231223b636172745f69647c733a323a223230223b),
('08a105ee0e244f64fd5e30007242e2bd50c8a665', '180.191.138.62', 1484851633, 0x5f5f63695f6c6173745f726567656e65726174657c693a313438343835313633323b69735f6c6f676765645f696e7c623a303b6964656e746974797c733a31303a226b656e6e656479616e67223b757365726e616d657c733a31303a226b656e6e656479616e67223b656d61696c7c733a32313a22636872697370696e756775407961686f6f2e636f6d223b757365725f69647c733a323a223134223b6f6c645f6c6173745f6c6f67696e7c733a31303a2231343834383438303139223b636f6d70616e795f69647c733a323a223238223b737570706c6965727c623a303b67726f7570737c613a313a7b693a303b733a313a2232223b7d636f6e746163745f69647c733a323a223430223b63617465676f72795f69647c733a313a2231223b),
('9f688fd001b8dd57efedcd2155643c19abe9adf1', '180.191.138.62', 1484851935, 0x5f5f63695f6c6173745f726567656e65726174657c693a313438343835313933353b69735f6c6f676765645f696e7c623a303b6964656e746974797c733a31303a226b656e6e656479616e67223b757365726e616d657c733a31303a226b656e6e656479616e67223b656d61696c7c733a32313a22636872697370696e756775407961686f6f2e636f6d223b757365725f69647c733a323a223134223b6f6c645f6c6173745f6c6f67696e7c733a31303a2231343834383438303139223b636f6d70616e795f69647c733a323a223238223b737570706c6965727c623a303b67726f7570737c613a313a7b693a303b733a313a2232223b7d636f6e746163745f69647c733a323a223430223b63617465676f72795f69647c733a313a2231223b),
('5f56d986cc82d578076065635d4ce65ec8f8723b', '180.191.138.62', 1484852248, 0x5f5f63695f6c6173745f726567656e65726174657c693a313438343835323234383b69735f6c6f676765645f696e7c623a303b6964656e746974797c733a31303a226b656e6e656479616e67223b757365726e616d657c733a31303a226b656e6e656479616e67223b656d61696c7c733a32313a22636872697370696e756775407961686f6f2e636f6d223b757365725f69647c733a323a223134223b6f6c645f6c6173745f6c6f67696e7c733a31303a2231343834383438303139223b636f6d70616e795f69647c733a323a223238223b737570706c6965727c623a303b67726f7570737c613a313a7b693a303b733a313a2232223b7d636f6e746163745f69647c733a323a223430223b63617465676f72795f69647c733a313a2231223b),
('c80fec11b2a40caf51679c17510e778fe10d4e8a', '180.191.138.62', 1484852571, 0x5f5f63695f6c6173745f726567656e65726174657c693a313438343835323537313b69735f6c6f676765645f696e7c623a303b6964656e746974797c733a31303a226b656e6e656479616e67223b757365726e616d657c733a31303a226b656e6e656479616e67223b656d61696c7c733a32313a22636872697370696e756775407961686f6f2e636f6d223b757365725f69647c733a323a223134223b6f6c645f6c6173745f6c6f67696e7c733a31303a2231343834383438303139223b636f6d70616e795f69647c733a323a223238223b737570706c6965727c623a303b67726f7570737c613a313a7b693a303b733a313a2232223b7d636f6e746163745f69647c733a323a223430223b63617465676f72795f69647c733a313a2231223b),
('e591618a0a208f8f4c8bee853a0db50af613781e', '180.191.138.62', 1484852571, 0x5f5f63695f6c6173745f726567656e65726174657c693a313438343835323537313b69735f6c6f676765645f696e7c623a303b6964656e746974797c733a31303a226b656e6e656479616e67223b757365726e616d657c733a31303a226b656e6e656479616e67223b656d61696c7c733a32313a22636872697370696e756775407961686f6f2e636f6d223b757365725f69647c733a323a223134223b6f6c645f6c6173745f6c6f67696e7c733a31303a2231343834383438303139223b636f6d70616e795f69647c733a323a223238223b737570706c6965727c623a303b67726f7570737c613a313a7b693a303b733a313a2232223b7d636f6e746163745f69647c733a323a223430223b63617465676f72795f69647c733a313a2231223b),
('d5d87197ac651fbb8fe462a19776823ae0a686df', '52.205.219.245', 1484885079, 0x5f5f63695f6c6173745f726567656e65726174657c693a313438343838353037393b69735f6c6f676765645f696e7c623a303b),
('cb592009ae3cc475d075c1934874912e6cf1dad5', '12.227.44.34', 1484888776, 0x5f5f63695f6c6173745f726567656e65726174657c693a313438343838383737363b69735f6c6f676765645f696e7c623a303b),
('5d7fc105d7f5355ab9f2cdcbc746ce04746e569c', '64.79.100.57', 1484911650, 0x5f5f63695f6c6173745f726567656e65726174657c693a313438343931313634393b69735f6c6f676765645f696e7c623a303b),
('9e0edf7fa32cad981fae7f2c6bd4e1b6ab8cfe6e', '64.79.100.57', 1484911651, 0x5f5f63695f6c6173745f726567656e65726174657c693a313438343931313635313b69735f6c6f676765645f696e7c623a303b),
('3aab13bae9ffb4f8a2aad9da90248e11cb71d726', '64.79.100.57', 1484911651, 0x5f5f63695f6c6173745f726567656e65726174657c693a313438343931313635313b69735f6c6f676765645f696e7c623a303b),
('524669647cc94234dcd1d69b783d60c5aa7382b5', '64.79.100.57', 1484911652, 0x5f5f63695f6c6173745f726567656e65726174657c693a313438343931313635323b69735f6c6f676765645f696e7c623a303b),
('e29040cec1d52bd3179c9d725e2fc91864f6a640', '157.55.39.66', 1484932122, 0x5f5f63695f6c6173745f726567656e65726174657c693a313438343933323132323b69735f6c6f676765645f696e7c623a303b),
('2c863424f058e83a8666a9f041b56e937afeea71', '157.55.39.66', 1484932123, 0x5f5f63695f6c6173745f726567656e65726174657c693a313438343933323132333b69735f6c6f676765645f696e7c623a303b);
INSERT INTO `ci_sessions` (`id`, `ip_address`, `timestamp`, `data`) VALUES
('7925f44627b34143f6bee4f628503db1b7d6d709', '64.79.100.11', 1485003715, 0x5f5f63695f6c6173745f726567656e65726174657c693a313438353030333731353b69735f6c6f676765645f696e7c623a303b),
('09c7cb99c445d21ba60c7b95282cd34ee689cdba', '64.79.100.11', 1485003716, 0x5f5f63695f6c6173745f726567656e65726174657c693a313438353030333731363b69735f6c6f676765645f696e7c623a303b),
('dab2ac00c4f246ca2eb12da9e58ed9a20d239e7a', '64.79.100.11', 1485003717, 0x5f5f63695f6c6173745f726567656e65726174657c693a313438353030333731373b69735f6c6f676765645f696e7c623a303b),
('a0189afdf88bfadd705dfc47b032a954e52e2d13', '64.79.100.11', 1485003717, 0x5f5f63695f6c6173745f726567656e65726174657c693a313438353030333731373b69735f6c6f676765645f696e7c623a303b),
('e60ea48b411068c98e2fe498e8255def87a290e7', '158.69.225.36', 1485066964, 0x5f5f63695f6c6173745f726567656e65726174657c693a313438353036363936343b69735f6c6f676765645f696e7c623a303b),
('276baa9300f0db64b6bbcabe46455703851010f9', '158.69.225.36', 1485066975, 0x5f5f63695f6c6173745f726567656e65726174657c693a313438353036363936353b69735f6c6f676765645f696e7c623a303b),
('480cef2872e84920d1da30252edeb82b1546ce66', '158.69.225.36', 1485066976, 0x5f5f63695f6c6173745f726567656e65726174657c693a313438353036363937363b69735f6c6f676765645f696e7c623a303b),
('bf2b62cb91428516b9ab4ed9907d5136a3e98ded', '64.79.100.47', 1485108056, 0x5f5f63695f6c6173745f726567656e65726174657c693a313438353130383035353b69735f6c6f676765645f696e7c623a303b),
('666c472436d9515dd420fbf7418abd71fcbf7ded', '64.79.100.47', 1485108056, 0x5f5f63695f6c6173745f726567656e65726174657c693a313438353130383035363b69735f6c6f676765645f696e7c623a303b),
('944028deab8c5b9d5a7f1488e487c7079ba96093', '64.79.100.47', 1485108057, 0x5f5f63695f6c6173745f726567656e65726174657c693a313438353130383035373b69735f6c6f676765645f696e7c623a303b),
('f5accf4bb599a67ed8f2e7666da430df53e90196', '64.79.100.47', 1485108057, 0x5f5f63695f6c6173745f726567656e65726174657c693a313438353130383035373b69735f6c6f676765645f696e7c623a303b),
('0220f3c3e9d83a16f425ad22e08770ff726fc648', '64.79.100.40', 1485194741, 0x5f5f63695f6c6173745f726567656e65726174657c693a313438353139343734303b69735f6c6f676765645f696e7c623a303b),
('97240946d3a566402f3327665912085198f8648d', '64.79.100.40', 1485194742, 0x5f5f63695f6c6173745f726567656e65726174657c693a313438353139343734323b69735f6c6f676765645f696e7c623a303b),
('54abd7ac180a1d89a0554242533a98e81ccf2a5c', '64.79.100.40', 1485194742, 0x5f5f63695f6c6173745f726567656e65726174657c693a313438353139343734323b69735f6c6f676765645f696e7c623a303b),
('216c944c6a8f66be794f9b670a154b36a4b06cd6', '64.79.100.40', 1485194743, 0x5f5f63695f6c6173745f726567656e65726174657c693a313438353139343734333b69735f6c6f676765645f696e7c623a303b),
('afebb596fd6d7e664b6962caa33646c80274be19', '136.243.8.27', 1485201927, 0x5f5f63695f6c6173745f726567656e65726174657c693a313438353230313932363b69735f6c6f676765645f696e7c623a303b),
('631b940104e4c3a3d8157f666c1e965f7c05bfeb', '88.99.62.95', 1485242496, 0x5f5f63695f6c6173745f726567656e65726174657c693a313438353234323439363b69735f6c6f676765645f696e7c623a303b),
('5da2802a5800261f96d1d766c31205ee0014a0b2', '64.79.100.20', 1485243348, 0x5f5f63695f6c6173745f726567656e65726174657c693a313438353234333334373b69735f6c6f676765645f696e7c623a303b),
('a824bb398797e68aef3168489f82730210e8cff9', '64.79.100.20', 1485243348, 0x5f5f63695f6c6173745f726567656e65726174657c693a313438353234333334383b69735f6c6f676765645f696e7c623a303b),
('b4db02c7f4f44b5bb2c39ea68d8238ef1cafa1a1', '64.79.100.20', 1485243349, 0x5f5f63695f6c6173745f726567656e65726174657c693a313438353234333334393b69735f6c6f676765645f696e7c623a303b),
('514af8736e8077fcc9faaa979f4f2816da2a3280', '64.79.100.20', 1485243351, 0x5f5f63695f6c6173745f726567656e65726174657c693a313438353234333335313b69735f6c6f676765645f696e7c623a303b),
('14473ad0ad13a0291e496cb6364d1b2a22a677e3', '64.79.100.40', 1485338724, 0x5f5f63695f6c6173745f726567656e65726174657c693a313438353333383732343b69735f6c6f676765645f696e7c623a303b),
('6fa568478b583e267df7572908e5a879dab52f01', '64.79.100.40', 1485338725, 0x5f5f63695f6c6173745f726567656e65726174657c693a313438353333383732353b69735f6c6f676765645f696e7c623a303b),
('0e3cd47b2beb5e917040b68ea9d5901436800ba3', '64.79.100.40', 1485338725, 0x5f5f63695f6c6173745f726567656e65726174657c693a313438353333383732353b69735f6c6f676765645f696e7c623a303b),
('9deb260259e5d7cded10e3a2964ffff41e5457e8', '64.79.100.40', 1485338726, 0x5f5f63695f6c6173745f726567656e65726174657c693a313438353333383732363b69735f6c6f676765645f696e7c623a303b),
('7bf59e8f73e4048e9c6bc3446d0e9218cf1551b3', '95.211.216.24', 1485399272, 0x5f5f63695f6c6173745f726567656e65726174657c693a313438353339393237313b69735f6c6f676765645f696e7c623a303b),
('ac094a33907b5d970e633b7346224db58b990d9d', '64.79.100.42', 1485426206, 0x5f5f63695f6c6173745f726567656e65726174657c693a313438353432363230363b69735f6c6f676765645f696e7c623a303b),
('03cb70139c66a34a1ae529fe22dc486c04e582c2', '64.79.100.42', 1485426207, 0x5f5f63695f6c6173745f726567656e65726174657c693a313438353432363230373b69735f6c6f676765645f696e7c623a303b),
('5b7ed8b5eea02c329faa28815d836febe62e5a69', '64.79.100.42', 1485426208, 0x5f5f63695f6c6173745f726567656e65726174657c693a313438353432363230383b69735f6c6f676765645f696e7c623a303b),
('3b3d4103e1efb274ce3cb167adeaedb87e3d2c60', '64.79.100.42', 1485426208, 0x5f5f63695f6c6173745f726567656e65726174657c693a313438353432363230383b69735f6c6f676765645f696e7c623a303b),
('b8269f1e656d206f72796b1d693f30de2f9dddf2', '88.99.62.11', 1485434525, 0x5f5f63695f6c6173745f726567656e65726174657c693a313438353433343532353b69735f6c6f676765645f696e7c623a303b),
('86b479da673497087ab3c370c9282f195de32da6', '52.87.162.173', 1485473607, 0x5f5f63695f6c6173745f726567656e65726174657c693a313438353437333630363b69735f6c6f676765645f696e7c623a303b),
('bad958e971a55d3b236c48c2c069e08f9e2cae06', '134.249.159.113', 1485508109, 0x5f5f63695f6c6173745f726567656e65726174657c693a313438353530383130393b69735f6c6f676765645f696e7c623a303b),
('2ac64dc25654555e3c78159d75771d6bdee8cacf', '94.247.187.201', 1485530542, 0x5f5f63695f6c6173745f726567656e65726174657c693a313438353533303534323b),
('b5f39aeb738ed37393b34e45c72679128ed82d7d', '5.141.122.30', 1485531217, 0x5f5f63695f6c6173745f726567656e65726174657c693a313438353533313231373b),
('676856d9fa3239fec93f3929ec22149dbc04b053', '64.79.100.34', 1485531621, 0x5f5f63695f6c6173745f726567656e65726174657c693a313438353533313632303b69735f6c6f676765645f696e7c623a303b),
('dc96ff826129fdb646550c75c24ffc52a4ec35ee', '64.79.100.34', 1485531621, 0x5f5f63695f6c6173745f726567656e65726174657c693a313438353533313632313b69735f6c6f676765645f696e7c623a303b),
('090074a593df1101c2a2ec0b47e87a1f22751ed7', '64.79.100.34', 1485531622, 0x5f5f63695f6c6173745f726567656e65726174657c693a313438353533313632323b69735f6c6f676765645f696e7c623a303b),
('d7430229dc2c8e22adf1861ffca442c9a9d3ef6d', '64.79.100.34', 1485531623, 0x5f5f63695f6c6173745f726567656e65726174657c693a313438353533313632333b69735f6c6f676765645f696e7c623a303b),
('2490af0a491ce23c6050f409ec5d23684bf5066f', '188.123.230.206', 1485531805, 0x5f5f63695f6c6173745f726567656e65726174657c693a313438353533313830353b),
('7e359f719cd3d3e4d85e57a4269cd723e14551fc', '37.1.41.105', 1485532920, 0x5f5f63695f6c6173745f726567656e65726174657c693a313438353533323932303b),
('f80859ffa96bafea673bb0e3979e2fd8474104ed', '91.224.81.110', 1485533743, 0x5f5f63695f6c6173745f726567656e65726174657c693a313438353533333734333b),
('23d3b49e10b40dfad13abe2d3da8312a6f8f4281', '63.143.53.142', 1485565903, 0x5f5f63695f6c6173745f726567656e65726174657c693a313438353536353930323b69735f6c6f676765645f696e7c623a303b),
('37989e62d90bc15e622ae162c9b3dc2ab4331e70', '64.79.100.52', 1485590515, 0x5f5f63695f6c6173745f726567656e65726174657c693a313438353539303531343b69735f6c6f676765645f696e7c623a303b),
('6626f366c5cf96c4f5973499b0143fa5c185513f', '64.79.100.52', 1485590515, 0x5f5f63695f6c6173745f726567656e65726174657c693a313438353539303531353b69735f6c6f676765645f696e7c623a303b),
('5b82011121cfbef1dc8bcd80f0489c3abcefed1c', '64.79.100.52', 1485590516, 0x5f5f63695f6c6173745f726567656e65726174657c693a313438353539303531363b69735f6c6f676765645f696e7c623a303b),
('ddc39e82e0dba78174509618630bd41b9afa04fe', '64.79.100.52', 1485590516, 0x5f5f63695f6c6173745f726567656e65726174657c693a313438353539303531363b69735f6c6f676765645f696e7c623a303b),
('9e90eba3ac2832ac350da018e43e6c179472d39f', '136.243.32.106', 1485593240, 0x5f5f63695f6c6173745f726567656e65726174657c693a313438353539333233393b69735f6c6f676765645f696e7c623a303b),
('310e5e121e11a7e8b5fcfc6a5bc99e8b77253205', '64.79.100.43', 1485686509, 0x5f5f63695f6c6173745f726567656e65726174657c693a313438353638363530383b69735f6c6f676765645f696e7c623a303b),
('0edaad636baa94cf1c46b6a40d803ec861b72075', '64.79.100.43', 1485686510, 0x5f5f63695f6c6173745f726567656e65726174657c693a313438353638363531303b69735f6c6f676765645f696e7c623a303b),
('659ef6b34353fb8ffd905136e2b650d693362ea5', '64.79.100.43', 1485686510, 0x5f5f63695f6c6173745f726567656e65726174657c693a313438353638363531303b69735f6c6f676765645f696e7c623a303b),
('37392101d3d6187862e75909a17279e908d4820f', '64.79.100.43', 1485686511, 0x5f5f63695f6c6173745f726567656e65726174657c693a313438353638363531313b69735f6c6f676765645f696e7c623a303b),
('ae5cc0b7b51c802adf25d3b1b576d1a12d6f7af5', '207.46.13.84', 1485703673, 0x5f5f63695f6c6173745f726567656e65726174657c693a313438353730333637333b69735f6c6f676765645f696e7c623a303b),
('e714b8f8afb731198e7bda4d084f45e6f5c9019b', '207.46.13.84', 1485703674, 0x5f5f63695f6c6173745f726567656e65726174657c693a313438353730333637343b69735f6c6f676765645f696e7c623a303b),
('f37065e4c8356db8e37182ea4542aaea0e2b612d', '88.99.65.205', 1485759545, 0x5f5f63695f6c6173745f726567656e65726174657c693a313438353735393534343b69735f6c6f676765645f696e7c623a303b),
('5ef56f268e88d0d5a0483063d6b1018bbe5e9164', '64.79.100.52', 1485785356, 0x5f5f63695f6c6173745f726567656e65726174657c693a313438353738353335353b69735f6c6f676765645f696e7c623a303b),
('bacaf382696858df0435c959b8c8cf670a7deb15', '64.79.100.52', 1485785356, 0x5f5f63695f6c6173745f726567656e65726174657c693a313438353738353335363b69735f6c6f676765645f696e7c623a303b),
('5a7ae024ffd212e0b2ee5b91402a7f789e82da99', '64.79.100.52', 1485785357, 0x5f5f63695f6c6173745f726567656e65726174657c693a313438353738353335373b69735f6c6f676765645f696e7c623a303b),
('f98ee747860308960eadf08102e571e5b358117a', '64.79.100.52', 1485785358, 0x5f5f63695f6c6173745f726567656e65726174657c693a313438353738353335383b69735f6c6f676765645f696e7c623a303b),
('d38731e829ece5fc8ab13bbf5fa7df01a72f0de2', '216.145.17.190', 1485796166, 0x5f5f63695f6c6173745f726567656e65726174657c693a313438353739363136363b69735f6c6f676765645f696e7c623a303b),
('77866896a4ba5ee95005686f5db25e38bb4e55b5', '216.145.17.190', 1485796167, 0x5f5f63695f6c6173745f726567656e65726174657c693a313438353739363136373b69735f6c6f676765645f696e7c623a303b),
('775d1d0ca77c23f9318bc7deff7941c573aece3b', '79.134.218.13', 1485823199, 0x5f5f63695f6c6173745f726567656e65726174657c693a313438353832333139393b69735f6c6f676765645f696e7c623a303b),
('e5d2892561809044491511a3605987dd820e7245', '136.243.148.17', 1485847342, 0x5f5f63695f6c6173745f726567656e65726174657c693a313438353834373334313b69735f6c6f676765645f696e7c623a303b),
('9ffe4c5b69bc5677430065c382a2fe1b00346e80', '157.55.39.99', 1485852576, 0x5f5f63695f6c6173745f726567656e65726174657c693a313438353835323537363b69735f6c6f676765645f696e7c623a303b),
('96dae3730784e692824c4e5769ae43ff34b030de', '157.55.39.99', 1485852578, 0x5f5f63695f6c6173745f726567656e65726174657c693a313438353835323537383b69735f6c6f676765645f696e7c623a303b),
('39dbe1e5c0547af13453c34fe83bbcecbef295f8', '64.79.100.15', 1485879081, 0x5f5f63695f6c6173745f726567656e65726174657c693a313438353837393038303b69735f6c6f676765645f696e7c623a303b),
('83258a0d24a9d35ef5b728bdde34e791efe65b7c', '64.79.100.15', 1485879081, 0x5f5f63695f6c6173745f726567656e65726174657c693a313438353837393038313b69735f6c6f676765645f696e7c623a303b),
('c5568524c8713f186d353187668dcbce457c7274', '64.79.100.15', 1485879082, 0x5f5f63695f6c6173745f726567656e65726174657c693a313438353837393038323b69735f6c6f676765645f696e7c623a303b),
('fb929edcd4ecd6fd29f31e77d94faaa4bc71c66e', '64.79.100.15', 1485879082, 0x5f5f63695f6c6173745f726567656e65726174657c693a313438353837393038323b69735f6c6f676765645f696e7c623a303b),
('8fcfd4b2556a8e840b376110e2e8296eed9a40eb', '180.191.138.172', 1485938106, 0x5f5f63695f6c6173745f726567656e65726174657c693a313438353933383130363b69735f6c6f676765645f696e7c623a303b),
('07a221fe1afa99a50ba6b39224fa56f033973f09', '180.191.138.172', 1485938106, 0x5f5f63695f6c6173745f726567656e65726174657c693a313438353933383130363b69735f6c6f676765645f696e7c623a303b6d6573736167657c733a32323a223c703e496e636f7272656374204c6f67696e3c2f703e223b5f5f63695f766172737c613a313a7b733a373a226d657373616765223b733a333a226f6c64223b7d),
('ecf3d79a4fc0a0798dddfbe10b0cccc87f2dc225', '148.251.51.17', 1485966048, 0x5f5f63695f6c6173745f726567656e65726174657c693a313438353936363034373b69735f6c6f676765645f696e7c623a303b),
('75e0ee11a3996bf4b0e9c3fb221f6bf38f3aa5e5', '64.79.100.41', 1485969884, 0x5f5f63695f6c6173745f726567656e65726174657c693a313438353936393838343b69735f6c6f676765645f696e7c623a303b),
('7f9f2bab506bf6f7202064f55f2e8ef120f59fd4', '64.79.100.41', 1485969885, 0x5f5f63695f6c6173745f726567656e65726174657c693a313438353936393838353b69735f6c6f676765645f696e7c623a303b),
('a0c44b076954e75164267410e2cf4e13a1e4c6f9', '64.79.100.41', 1485969886, 0x5f5f63695f6c6173745f726567656e65726174657c693a313438353936393838363b69735f6c6f676765645f696e7c623a303b),
('c37adee45ebd9fe0588c091e365381a29dcabafb', '64.79.100.41', 1485969886, 0x5f5f63695f6c6173745f726567656e65726174657c693a313438353936393838363b69735f6c6f676765645f696e7c623a303b),
('0e9a68d18f75c659af0d90cca02131726212ea94', '79.134.218.13', 1485993543, 0x5f5f63695f6c6173745f726567656e65726174657c693a313438353939333534333b69735f6c6f676765645f696e7c623a303b),
('a518068dc2e76350f1bd76e113d5ed2ab36ae83b', '109.87.36.111', 1486015863, 0x5f5f63695f6c6173745f726567656e65726174657c693a313438363031353836333b69735f6c6f676765645f696e7c623a303b),
('5de603ba7018f2e8a707765e035582bdea20200f', '109.87.36.111', 1486015863, 0x5f5f63695f6c6173745f726567656e65726174657c693a313438363031353836333b69735f6c6f676765645f696e7c623a303b),
('adb50585a9dc1018f89c1d05ab5b948d42f25b7d', '64.79.100.42', 1486034715, 0x5f5f63695f6c6173745f726567656e65726174657c693a313438363033343731343b69735f6c6f676765645f696e7c623a303b),
('71d1b007bb3731ec08ecffe95354f323abe56d36', '64.79.100.42', 1486034715, 0x5f5f63695f6c6173745f726567656e65726174657c693a313438363033343731353b69735f6c6f676765645f696e7c623a303b),
('d6dcfcbd0fb2284c8bb6fe6d1f54c4deb1214b37', '64.79.100.42', 1486034716, 0x5f5f63695f6c6173745f726567656e65726174657c693a313438363033343731363b69735f6c6f676765645f696e7c623a303b),
('33c83957ed95cf5b197db97641cea2fa9ed1746b', '64.79.100.42', 1486034717, 0x5f5f63695f6c6173745f726567656e65726174657c693a313438363033343731373b69735f6c6f676765645f696e7c623a303b),
('e0e4eb20982c1f697bbe809ff046cbe66ffa8fb9', '52.37.43.241', 1486060977, 0x5f5f63695f6c6173745f726567656e65726174657c693a313438363036303937363b69735f6c6f676765645f696e7c623a303b),
('7aaf6a02bcc57be3df87d3b6026e1719325dbfff', '64.79.100.49', 1486109737, 0x5f5f63695f6c6173745f726567656e65726174657c693a313438363130393733363b69735f6c6f676765645f696e7c623a303b),
('e664ba2741536160d960620edf171236c040c2c9', '64.79.100.49', 1486109737, 0x5f5f63695f6c6173745f726567656e65726174657c693a313438363130393733373b69735f6c6f676765645f696e7c623a303b),
('5ccbc0fab776e020f62097b606547450d7190cc4', '64.79.100.49', 1486109738, 0x5f5f63695f6c6173745f726567656e65726174657c693a313438363130393733383b69735f6c6f676765645f696e7c623a303b),
('e1b2db95ba532189dfcb7a806d0df873964012cf', '64.79.100.49', 1486109738, 0x5f5f63695f6c6173745f726567656e65726174657c693a313438363130393733383b69735f6c6f676765645f696e7c623a303b),
('379c8053e36fbf34476778ea5ae4ff05afca5af4', '144.76.97.87', 1486120236, 0x5f5f63695f6c6173745f726567656e65726174657c693a313438363132303233353b69735f6c6f676765645f696e7c623a303b),
('e6c94d267e90adba9334a196f5a1ad02ca64fa08', '104.131.60.126', 1486128188, 0x5f5f63695f6c6173745f726567656e65726174657c693a313438363132383138383b69735f6c6f676765645f696e7c623a303b),
('2eb5837a2262e863bd3b99bc1aa71d524d104d08', '138.197.7.35', 1486131824, 0x5f5f63695f6c6173745f726567656e65726174657c693a313438363133313832343b69735f6c6f676765645f696e7c623a303b),
('c811781297d3276d254b4a34fe674bdb1d2d93e1', '216.69.191.98', 1486164188, 0x5f5f63695f6c6173745f726567656e65726174657c693a313438363136343138383b69735f6c6f676765645f696e7c623a303b),
('2965993f3a812d68cebdda24b0dfbead7aa725d8', '216.69.191.98', 1486164207, 0x5f5f63695f6c6173745f726567656e65726174657c693a313438363136343230373b69735f6c6f676765645f696e7c623a303b),
('0d55c414045dc743f0ddb5fcb1765528149f0b50', '64.79.100.14', 1486193920, 0x5f5f63695f6c6173745f726567656e65726174657c693a313438363139333931393b69735f6c6f676765645f696e7c623a303b),
('0bbb2825de90c03fd8e8e16a5163d432336ee0e2', '64.79.100.14', 1486193920, 0x5f5f63695f6c6173745f726567656e65726174657c693a313438363139333932303b69735f6c6f676765645f696e7c623a303b),
('f15d36e932f13ee39c915448b64f7cd30fef7b88', '64.79.100.14', 1486193921, 0x5f5f63695f6c6173745f726567656e65726174657c693a313438363139333932313b69735f6c6f676765645f696e7c623a303b),
('ff905291b460e1139bf5b3b603dee7fdca2c5eac', '64.79.100.14', 1486193922, 0x5f5f63695f6c6173745f726567656e65726174657c693a313438363139333932323b69735f6c6f676765645f696e7c623a303b),
('2c5fc0399af67cb876b1dee4448ec36dbf0c6f89', '38.100.21.69', 1486236317, 0x5f5f63695f6c6173745f726567656e65726174657c693a313438363233363331373b69735f6c6f676765645f696e7c623a303b),
('8827eb0fd13fa6e2552ce766634fe1c8bd550dc4', '69.58.178.58', 1486245601, 0x5f5f63695f6c6173745f726567656e65726174657c693a313438363234353630313b69735f6c6f676765645f696e7c623a303b),
('8cf7bddb895bdefbaa7641c60cbab45bcee0f88d', '69.58.178.58', 1486245615, 0x5f5f63695f6c6173745f726567656e65726174657c693a313438363234353631353b69735f6c6f676765645f696e7c623a303b),
('c8ee086f0374ae7ed34f82f96d7f5477b68e32c2', '69.58.178.58', 1486245618, 0x5f5f63695f6c6173745f726567656e65726174657c693a313438363234353631383b69735f6c6f676765645f696e7c623a303b),
('fec980169e609866764b4b1683de67741b783483', '88.99.62.96', 1486266568, 0x5f5f63695f6c6173745f726567656e65726174657c693a313438363236363536373b69735f6c6f676765645f696e7c623a303b),
('c16975f788524763dbab217e0367eba1e0a14192', '64.79.100.45', 1486315210, 0x5f5f63695f6c6173745f726567656e65726174657c693a313438363331353230393b69735f6c6f676765645f696e7c623a303b),
('25843c7a7102531bf3463007c706ef1a285c9b58', '64.79.100.45', 1486315210, 0x5f5f63695f6c6173745f726567656e65726174657c693a313438363331353231303b69735f6c6f676765645f696e7c623a303b),
('874cf4464221cbd92b62bc2ac615946f8ad644bc', '64.79.100.45', 1486315211, 0x5f5f63695f6c6173745f726567656e65726174657c693a313438363331353231313b69735f6c6f676765645f696e7c623a303b),
('d68799ccedabd1eb362b4f417112a5637a270cea', '64.79.100.45', 1486315212, 0x5f5f63695f6c6173745f726567656e65726174657c693a313438363331353231323b69735f6c6f676765645f696e7c623a303b),
('700246f7a364e68fafe9bbf25e4dd4f799a7ec93', '138.197.77.56', 1486375943, 0x5f5f63695f6c6173745f726567656e65726174657c693a313438363337353934333b69735f6c6f676765645f696e7c623a303b),
('0cad7ff3dc4bcf97404875bcec0357a7f7fcecd6', '138.197.77.56', 1486375944, 0x5f5f63695f6c6173745f726567656e65726174657c693a313438363337353934343b69735f6c6f676765645f696e7c623a303b),
('dfc6168deb9df94b994173bddbc8e5f81f412dca', '64.79.100.36', 1486400037, 0x5f5f63695f6c6173745f726567656e65726174657c693a313438363430303033323b69735f6c6f676765645f696e7c623a303b),
('77bc8d07aaad4e040856990cb2104e99bff618e6', '64.79.100.36', 1486400038, 0x5f5f63695f6c6173745f726567656e65726174657c693a313438363430303033383b69735f6c6f676765645f696e7c623a303b),
('5ff5960e3fe9f2fd55cb59c23f9f9e6f30891f61', '64.79.100.36', 1486400039, 0x5f5f63695f6c6173745f726567656e65726174657c693a313438363430303033393b69735f6c6f676765645f696e7c623a303b),
('ef70905ee886c7f16fd9a084726452400983b290', '64.79.100.36', 1486400039, 0x5f5f63695f6c6173745f726567656e65726174657c693a313438363430303033393b69735f6c6f676765645f696e7c623a303b),
('dd9dcce1037cf1d2d717e3ed5125d1b3566d5da5', '138.201.220.226', 1486405837, 0x5f5f63695f6c6173745f726567656e65726174657c693a313438363430353833373b69735f6c6f676765645f696e7c623a303b),
('72404384fb1cbe149411bbef61728bdf0f9f5f2a', '63.143.53.142', 1486447155, 0x5f5f63695f6c6173745f726567656e65726174657c693a313438363434373135353b69735f6c6f676765645f696e7c623a303b),
('24e6875a15f87971d4d8473da88c462441c435b5', '64.79.100.56', 1486466743, 0x5f5f63695f6c6173745f726567656e65726174657c693a313438363436363734333b69735f6c6f676765645f696e7c623a303b),
('575b065ee414e0017d90381b2e19ba0f817786cf', '64.79.100.56', 1486466744, 0x5f5f63695f6c6173745f726567656e65726174657c693a313438363436363734343b69735f6c6f676765645f696e7c623a303b),
('5598df30fea123523ec8660cf022928a3ad987f6', '64.79.100.56', 1486466745, 0x5f5f63695f6c6173745f726567656e65726174657c693a313438363436363734353b69735f6c6f676765645f696e7c623a303b),
('fc40b8536bb2b940ff14f8f172fbd96fd652868d', '64.79.100.56', 1486466745, 0x5f5f63695f6c6173745f726567656e65726174657c693a313438363436363734353b69735f6c6f676765645f696e7c623a303b),
('f35436ed373e7eb86b83ec59d8f2e94f0ca6a97b', '64.79.100.29', 1486538653, 0x5f5f63695f6c6173745f726567656e65726174657c693a313438363533383635323b69735f6c6f676765645f696e7c623a303b),
('b4ddbed48ff7046b16c57a0675c5e3e90e36798c', '64.79.100.29', 1486538653, 0x5f5f63695f6c6173745f726567656e65726174657c693a313438363533383635333b69735f6c6f676765645f696e7c623a303b),
('8390a5b62baec65fb610fccc25ccbd5886e48ebe', '64.79.100.29', 1486538654, 0x5f5f63695f6c6173745f726567656e65726174657c693a313438363533383635343b69735f6c6f676765645f696e7c623a303b),
('1eb7ab84d93b8b25be8e97852ec6a3ea74493bfc', '64.79.100.29', 1486538654, 0x5f5f63695f6c6173745f726567656e65726174657c693a313438363533383635343b69735f6c6f676765645f696e7c623a303b),
('45f95d074b094fb94041a8243c1df9bc6732547c', '167.114.209.38', 1486570130, 0x5f5f63695f6c6173745f726567656e65726174657c693a313438363537303133303b69735f6c6f676765645f696e7c623a303b),
('da143c2f7711fde76abffcd1d51fd8a09e691571', '167.114.209.38', 1486570140, 0x5f5f63695f6c6173745f726567656e65726174657c693a313438363537303133303b69735f6c6f676765645f696e7c623a303b),
('49d72d64254beae94770a8d476bb5dbbbf310a93', '167.114.209.38', 1486570141, 0x5f5f63695f6c6173745f726567656e65726174657c693a313438363537303134313b69735f6c6f676765645f696e7c623a303b),
('b9d7a875452fdbeeafccaef2099cd0e7342a1423', '217.170.201.106', 1486584194, 0x5f5f63695f6c6173745f726567656e65726174657c693a313438363538343139343b69735f6c6f676765645f696e7c623a303b),
('088429a4f51bc64f348fa7926d64abc286b9f922', '69.30.215.94', 1486584196, 0x5f5f63695f6c6173745f726567656e65726174657c693a313438363538343139363b69735f6c6f676765645f696e7c623a303b),
('8ab46fc8007f9d270a738f073563c910d95bc3d0', '35.162.214.175', 1486604300, 0x5f5f63695f6c6173745f726567656e65726174657c693a313438363630343239393b69735f6c6f676765645f696e7c623a303b),
('b4ca871cd2acd7b3c39a103985c24d58af4b2aa1', '138.197.126.163', 1486615854, 0x5f5f63695f6c6173745f726567656e65726174657c693a313438363631353835343b69735f6c6f676765645f696e7c623a303b),
('6a219d584cdc1e0dbf8127516c0eb4082796d2c2', '138.197.126.163', 1486615857, 0x5f5f63695f6c6173745f726567656e65726174657c693a313438363631353835373b69735f6c6f676765645f696e7c623a303b),
('5df6cbc523659302a42aef1027fc45a680138a20', '207.46.13.108', 1486627011, 0x5f5f63695f6c6173745f726567656e65726174657c693a313438363632373031313b69735f6c6f676765645f696e7c623a303b),
('0ded4c1809e304766cb3bb7a707399580353af2a', '207.46.13.108', 1486627013, 0x5f5f63695f6c6173745f726567656e65726174657c693a313438363632373031333b69735f6c6f676765645f696e7c623a303b),
('7531d8cb9e18b9d0bc464743d70d2f49546db494', '54.147.8.73', 1486629261, 0x5f5f63695f6c6173745f726567656e65726174657c693a313438363632393236313b69735f6c6f676765645f696e7c623a303b),
('17639442b6c19bc9dbcaa5e1ce6ed505394d3fdd', '64.79.100.22', 1486647846, 0x5f5f63695f6c6173745f726567656e65726174657c693a313438363634373834353b69735f6c6f676765645f696e7c623a303b),
('0268c31e0b1e1b3fbaa9b9cc1db33eb96a36f83e', '64.79.100.22', 1486647846, 0x5f5f63695f6c6173745f726567656e65726174657c693a313438363634373834363b69735f6c6f676765645f696e7c623a303b),
('b4643363c9a23debde1ef0f83173e7777505b5d9', '64.79.100.22', 1486647847, 0x5f5f63695f6c6173745f726567656e65726174657c693a313438363634373834373b69735f6c6f676765645f696e7c623a303b),
('c8e354e890c5f109f6dcd397dcaaf65e653652f2', '64.79.100.22', 1486647848, 0x5f5f63695f6c6173745f726567656e65726174657c693a313438363634373834383b69735f6c6f676765645f696e7c623a303b),
('fd49a5b6950ea1145cce66772401dc01df60b63c', '40.77.167.19', 1486651973, 0x5f5f63695f6c6173745f726567656e65726174657c693a313438363635313937333b69735f6c6f676765645f696e7c623a303b),
('1a4d88d29820f49047b48ec1d9fd6693f92b10d1', '40.77.167.19', 1486651979, 0x5f5f63695f6c6173745f726567656e65726174657c693a313438363635313937393b69735f6c6f676765645f696e7c623a303b),
('b8d3d83c75c0a4c3b6ca4cac0413cbe429318bed', '88.99.65.207', 1486665527, 0x5f5f63695f6c6173745f726567656e65726174657c693a313438363636353532373b69735f6c6f676765645f696e7c623a303b),
('712fc18deaa764b66b154184e53a4ad20cd436bf', '64.79.100.47', 1486750934, 0x5f5f63695f6c6173745f726567656e65726174657c693a313438363735303933333b69735f6c6f676765645f696e7c623a303b),
('b71c23f0428adafa69cbf113f00156e4b4aef4f6', '64.79.100.47', 1486750934, 0x5f5f63695f6c6173745f726567656e65726174657c693a313438363735303933343b69735f6c6f676765645f696e7c623a303b),
('5cce8c2beead9de566a8a580e9198b7872db0c92', '64.79.100.47', 1486750935, 0x5f5f63695f6c6173745f726567656e65726174657c693a313438363735303933353b69735f6c6f676765645f696e7c623a303b),
('1441b57b4aea443438fa5098701c120ad1a5e60e', '64.79.100.47', 1486750936, 0x5f5f63695f6c6173745f726567656e65726174657c693a313438363735303933363b69735f6c6f676765645f696e7c623a303b),
('8af7511de2e3897b332e1c41d6a3f878fe54a7c2', '180.191.138.231', 1486801050, 0x5f5f63695f6c6173745f726567656e65726174657c693a313438363830313035303b69735f6c6f676765645f696e7c623a303b),
('7e298e1c4dc564905439e707ea8bfb63ef91d65e', '180.191.138.231', 1486801517, 0x5f5f63695f6c6173745f726567656e65726174657c693a313438363830313531373b69735f6c6f676765645f696e7c623a303b6964656e746974797c733a31303a226b656e6e656479616e67223b757365726e616d657c733a31303a226b656e6e656479616e67223b656d61696c7c733a32313a22636872697370696e756775407961686f6f2e636f6d223b757365725f69647c733a323a223134223b6f6c645f6c6173745f6c6f67696e7c733a31303a2231343836383031323130223b636f6d70616e795f69647c733a323a223238223b737570706c6965727c623a303b67726f7570737c613a313a7b693a303b733a313a2232223b7d636f6e746163745f69647c733a323a223430223b),
('d993caf3144b37a167ae2f394d78e2f4b2d52099', '180.191.138.231', 1486801986, 0x5f5f63695f6c6173745f726567656e65726174657c693a313438363830313938363b69735f6c6f676765645f696e7c623a303b6964656e746974797c733a31303a226b656e6e656479616e67223b757365726e616d657c733a31303a226b656e6e656479616e67223b656d61696c7c733a32313a22636872697370696e756775407961686f6f2e636f6d223b757365725f69647c733a323a223134223b6f6c645f6c6173745f6c6f67696e7c733a31303a2231343836383031323130223b636f6d70616e795f69647c733a323a223238223b737570706c6965727c623a303b67726f7570737c613a313a7b693a303b733a313a2232223b7d636f6e746163745f69647c733a323a223430223b),
('be9c3f5679eac805da76831752ed49d93472a9c7', '180.191.138.231', 1486804923, 0x5f5f63695f6c6173745f726567656e65726174657c693a313438363830343932333b69735f6c6f676765645f696e7c623a303b6964656e746974797c733a31303a226b656e6e656479616e67223b757365726e616d657c733a31303a226b656e6e656479616e67223b656d61696c7c733a32313a22636872697370696e756775407961686f6f2e636f6d223b757365725f69647c733a323a223134223b6f6c645f6c6173745f6c6f67696e7c733a31303a2231343836383033373434223b636f6d70616e795f69647c733a323a223238223b737570706c6965727c623a303b67726f7570737c613a313a7b693a303b733a313a2232223b7d636f6e746163745f69647c733a323a223430223b63617465676f72795f69647c733a313a2231223b),
('708b1d21d62bd109218b025f49a1c237602e48e2', '180.191.138.231', 1486806527, 0x5f5f63695f6c6173745f726567656e65726174657c693a313438363830363532373b69735f6c6f676765645f696e7c623a303b6964656e746974797c733a31303a226b656e6e656479616e67223b757365726e616d657c733a31303a226b656e6e656479616e67223b656d61696c7c733a32313a22636872697370696e756775407961686f6f2e636f6d223b757365725f69647c733a323a223134223b6f6c645f6c6173745f6c6f67696e7c733a31303a2231343836383033373434223b636f6d70616e795f69647c733a323a223238223b737570706c6965727c623a303b67726f7570737c613a313a7b693a303b733a313a2232223b7d636f6e746163745f69647c733a323a223430223b63617465676f72795f69647c733a313a2231223b),
('a52d768be4f32c0161d37e79588ea9efb3845675', '180.191.138.231', 1486807002, 0x5f5f63695f6c6173745f726567656e65726174657c693a313438363830363836363b69735f6c6f676765645f696e7c623a303b6964656e746974797c733a383a22737570706c696572223b757365726e616d657c733a383a22737570706c696572223b656d61696c7c733a303a22223b757365725f69647c733a323a223135223b6f6c645f6c6173745f6c6f67696e7c733a31303a2231343836383036393033223b636f6d70616e795f69647c733a323a223239223b737570706c6965727c623a313b67726f7570737c613a313a7b693a303b733a313a2233223b7d636f6e746163745f69647c733a323a223431223b),
('4de3c7ad3982d4c2dc78a1397783279129616577', '13.76.241.210', 1486807726, 0x5f5f63695f6c6173745f726567656e65726174657c693a313438363830373732363b69735f6c6f676765645f696e7c623a303b),
('3357d44464c6e89a60339f7c484a45a1be2e56fb', '88.99.61.232', 1486878981, 0x5f5f63695f6c6173745f726567656e65726174657c693a313438363837383938313b69735f6c6f676765645f696e7c623a303b),
('5f28a3e360b2fc1ce731f1ba4c717ae9dd978f01', '198.15.118.148', 1486889251, 0x5f5f63695f6c6173745f726567656e65726174657c693a313438363838393235313b69735f6c6f676765645f696e7c623a303b),
('ccd80a9151917d82769efcfc745e0717ba609332', '64.79.100.42', 1486922763, 0x5f5f63695f6c6173745f726567656e65726174657c693a313438363932323736333b69735f6c6f676765645f696e7c623a303b),
('89e045a385db3588921ab42769de2ccf6e8f61ec', '64.79.100.42', 1486922764, 0x5f5f63695f6c6173745f726567656e65726174657c693a313438363932323736343b69735f6c6f676765645f696e7c623a303b),
('daf257384f912b90484c9ea5ad3b7e27f460085c', '64.79.100.42', 1486922765, 0x5f5f63695f6c6173745f726567656e65726174657c693a313438363932323736353b69735f6c6f676765645f696e7c623a303b),
('1165fd0328dc4e237b2087184186bd928d2ebda3', '64.79.100.42', 1486922765, 0x5f5f63695f6c6173745f726567656e65726174657c693a313438363932323736353b69735f6c6f676765645f696e7c623a303b),
('fea852b9217baa4fe3843a79759f9d3893d62946', '108.170.8.175', 1486936261, 0x5f5f63695f6c6173745f726567656e65726174657c693a313438363933363236303b69735f6c6f676765645f696e7c623a303b),
('3428d52207ffd99798ba7cb79850e64f0ce263ce', '64.79.100.11', 1486968511, 0x5f5f63695f6c6173745f726567656e65726174657c693a313438363936383531303b69735f6c6f676765645f696e7c623a303b),
('bd73658aa67eeab1982ec28b4b716587bd170c20', '64.79.100.11', 1486968511, 0x5f5f63695f6c6173745f726567656e65726174657c693a313438363936383531313b69735f6c6f676765645f696e7c623a303b),
('f336eb76115cf13f70bbe4e0527c01b724fdd322', '64.79.100.11', 1486968512, 0x5f5f63695f6c6173745f726567656e65726174657c693a313438363936383531323b69735f6c6f676765645f696e7c623a303b),
('9e16fe111296f749e8042d3e9c41ef27fcf4e07f', '64.79.100.11', 1486968513, 0x5f5f63695f6c6173745f726567656e65726174657c693a313438363936383531333b69735f6c6f676765645f696e7c623a303b),
('269370bdc7a3a1e516d1ede7ab3a390e654de652', '148.251.21.67', 1487011763, 0x5f5f63695f6c6173745f726567656e65726174657c693a313438373031313736323b69735f6c6f676765645f696e7c623a303b),
('78421327271eb1c62a528ab74f3167d4697dfad3', '64.79.100.50', 1487078479, 0x5f5f63695f6c6173745f726567656e65726174657c693a313438373037383437393b69735f6c6f676765645f696e7c623a303b),
('8a1d0e0bde7d9e46ba21d0eeb16087782e722315', '64.79.100.50', 1487078480, 0x5f5f63695f6c6173745f726567656e65726174657c693a313438373037383438303b69735f6c6f676765645f696e7c623a303b),
('246818cb3b1e22dc057ec9fff47f45c7f3257fc5', '64.79.100.50', 1487078481, 0x5f5f63695f6c6173745f726567656e65726174657c693a313438373037383438313b69735f6c6f676765645f696e7c623a303b),
('71f890427560b4eb1fd6b5806c9637b92bb2a766', '64.79.100.50', 1487078481, 0x5f5f63695f6c6173745f726567656e65726174657c693a313438373037383438313b69735f6c6f676765645f696e7c623a303b),
('0c42681116cf0e49ae6bbb89f70e6b2ac95c4d15', '64.79.100.32', 1487140811, 0x5f5f63695f6c6173745f726567656e65726174657c693a313438373134303831313b69735f6c6f676765645f696e7c623a303b),
('0f9be56ab384edaeab0dfc0c28a53ef9fa8b4296', '64.79.100.32', 1487140812, 0x5f5f63695f6c6173745f726567656e65726174657c693a313438373134303831323b69735f6c6f676765645f696e7c623a303b),
('c1e8207306163ea5216bddb7793c760fb0d4fc68', '64.79.100.32', 1487140813, 0x5f5f63695f6c6173745f726567656e65726174657c693a313438373134303831323b69735f6c6f676765645f696e7c623a303b),
('b6d14893745f2f22a26afb2a8ffdabaae199a815', '64.79.100.32', 1487140813, 0x5f5f63695f6c6173745f726567656e65726174657c693a313438373134303831333b69735f6c6f676765645f696e7c623a303b),
('32b9adb592db70597f9cb38768de47c174f57474', '171.25.193.77', 1487190703, 0x5f5f63695f6c6173745f726567656e65726174657c693a313438373139303730333b69735f6c6f676765645f696e7c623a303b),
('49bdfd72fa6957426253f6c30c2c3acd57dd6fd9', '136.243.14.223', 1487197579, 0x5f5f63695f6c6173745f726567656e65726174657c693a313438373139373537383b69735f6c6f676765645f696e7c623a303b),
('02411d6ff16eddeb3a3a7a74ee4790e8f2ba167e', '49.255.191.50', 1487243587, 0x5f5f63695f6c6173745f726567656e65726174657c693a313438373234333538373b69735f6c6f676765645f696e7c623a303b),
('3a4e03f19cf856975d2507f7eeec7fd8fb786a92', '64.79.100.31', 1487244294, 0x5f5f63695f6c6173745f726567656e65726174657c693a313438373234343239333b69735f6c6f676765645f696e7c623a303b),
('6acadaf8c49d95dd83b94e55cad26ae2a405e7a0', '64.79.100.31', 1487244294, 0x5f5f63695f6c6173745f726567656e65726174657c693a313438373234343239343b69735f6c6f676765645f696e7c623a303b),
('678a3dbf7716a707c557b49f42763cc52bd008ed', '64.79.100.31', 1487244295, 0x5f5f63695f6c6173745f726567656e65726174657c693a313438373234343239353b69735f6c6f676765645f696e7c623a303b),
('fc7bcd64225c006c8a117e2844dd07923af4977e', '64.79.100.31', 1487244295, 0x5f5f63695f6c6173745f726567656e65726174657c693a313438373234343239353b69735f6c6f676765645f696e7c623a303b),
('7ab27114c351d79c0c5a85c8517d4c1043810ff8', '216.145.14.142', 1487360819, 0x5f5f63695f6c6173745f726567656e65726174657c693a313438373336303831393b69735f6c6f676765645f696e7c623a303b),
('a8285ea9cd68c25813fcec7ce57bd8a8b6d7cb16', '216.145.14.142', 1487360819, 0x5f5f63695f6c6173745f726567656e65726174657c693a313438373336303831393b69735f6c6f676765645f696e7c623a303b),
('8c457d88bfb0b8e0544f170d67c1c3155c997184', '64.79.100.29', 1487361718, 0x5f5f63695f6c6173745f726567656e65726174657c693a313438373336313731383b69735f6c6f676765645f696e7c623a303b),
('8db3180ebdc86345b7ab147b86dcb6cb5fa8b916', '64.79.100.29', 1487361719, 0x5f5f63695f6c6173745f726567656e65726174657c693a313438373336313731393b69735f6c6f676765645f696e7c623a303b),
('96ea8324a6328f256d97cfa00627426c0f94e55c', '64.79.100.29', 1487361720, 0x5f5f63695f6c6173745f726567656e65726174657c693a313438373336313731393b69735f6c6f676765645f696e7c623a303b),
('807c0b780971fe98f642279a4233088ce72de936', '64.79.100.29', 1487361720, 0x5f5f63695f6c6173745f726567656e65726174657c693a313438373336313732303b69735f6c6f676765645f696e7c623a303b),
('778396dc10c4813861ce095d5ff7a32329dc3e33', '207.46.13.167', 1487395819, 0x5f5f63695f6c6173745f726567656e65726174657c693a313438373339353831393b69735f6c6f676765645f696e7c623a303b),
('2b30642907c3729f127b7ab89876f831588255f8', '207.46.13.167', 1487395834, 0x5f5f63695f6c6173745f726567656e65726174657c693a313438373339353833343b69735f6c6f676765645f696e7c623a303b),
('ad355ef7e60a51850001fb7cfb9d6bc82322872b', '64.79.100.37', 1487403597, 0x5f5f63695f6c6173745f726567656e65726174657c693a313438373430333539363b69735f6c6f676765645f696e7c623a303b),
('ce51d225ee251de906325a2bb1eaacf169c1bf2c', '64.79.100.37', 1487403597, 0x5f5f63695f6c6173745f726567656e65726174657c693a313438373430333539373b69735f6c6f676765645f696e7c623a303b),
('9c7d5895f9631456eb06c68d4c64df7a8bab86af', '64.79.100.37', 1487403598, 0x5f5f63695f6c6173745f726567656e65726174657c693a313438373430333539383b69735f6c6f676765645f696e7c623a303b),
('8090f4a5038b16822728cb852b19b2ce72fc94b1', '64.79.100.37', 1487403598, 0x5f5f63695f6c6173745f726567656e65726174657c693a313438373430333539383b69735f6c6f676765645f696e7c623a303b),
('25cd8a26799dfd5c0d4358f487ba677c5b3d18c7', '167.114.209.28', 1487403653, 0x5f5f63695f6c6173745f726567656e65726174657c693a313438373430333635333b69735f6c6f676765645f696e7c623a303b),
('88c2c584cf6eede4d11ae6f9b79544b362cefcfe', '167.114.209.28', 1487403663, 0x5f5f63695f6c6173745f726567656e65726174657c693a313438373430333635333b69735f6c6f676765645f696e7c623a303b),
('6bffd51d6ffef2897d51d282a6291d40b4f2d871', '167.114.209.28', 1487403664, 0x5f5f63695f6c6173745f726567656e65726174657c693a313438373430333636343b69735f6c6f676765645f696e7c623a303b),
('772451338f107f16986b74553663e973feb23265', '178.57.65.174', 1487451842, 0x5f5f63695f6c6173745f726567656e65726174657c693a313438373435313834323b69735f6c6f676765645f696e7c623a303b),
('8a6209694764b1835b89769f4196e6880d907432', '178.57.65.174', 1487451843, 0x5f5f63695f6c6173745f726567656e65726174657c693a313438373435313834333b69735f6c6f676765645f696e7c623a303b),
('bbc8be92f1c6f65d8491b1f34435f01c73573cad', '64.79.100.28', 1487529945, 0x5f5f63695f6c6173745f726567656e65726174657c693a313438373532393934353b69735f6c6f676765645f696e7c623a303b),
('6f51bd24af6d171833a7dae866784042b152ffa8', '64.79.100.28', 1487529946, 0x5f5f63695f6c6173745f726567656e65726174657c693a313438373532393934363b69735f6c6f676765645f696e7c623a303b),
('c8e18a86d2d896c2d14a03791bb1ac8f760e18e5', '64.79.100.28', 1487529947, 0x5f5f63695f6c6173745f726567656e65726174657c693a313438373532393934373b69735f6c6f676765645f696e7c623a303b),
('b93d30afde8aa47f12aa708c057c3be0e0073a7b', '64.79.100.28', 1487529947, 0x5f5f63695f6c6173745f726567656e65726174657c693a313438373532393934373b69735f6c6f676765645f696e7c623a303b),
('408c7032c4c77e878a15174556f46182a1bc1bf3', '207.46.13.167', 1487544869, 0x5f5f63695f6c6173745f726567656e65726174657c693a313438373534343836393b69735f6c6f676765645f696e7c623a303b),
('627cadb560583793f7ed6eb8f104c2f44d9cedac', '207.46.13.167', 1487544874, 0x5f5f63695f6c6173745f726567656e65726174657c693a313438373534343837343b69735f6c6f676765645f696e7c623a303b),
('8a6dc31cc7e7291edf6f153fee5f7ad858e5051d', '176.9.23.4', 1487556601, 0x5f5f63695f6c6173745f726567656e65726174657c693a313438373535363630313b69735f6c6f676765645f696e7c623a303b),
('495edafe8f59fcb8b3c90d0d905da981526353ba', '64.79.100.44', 1487590368, 0x5f5f63695f6c6173745f726567656e65726174657c693a313438373539303336373b69735f6c6f676765645f696e7c623a303b),
('dac85aef92fc5c533ab38c6c4ced0c8a21207f0b', '64.79.100.44', 1487590368, 0x5f5f63695f6c6173745f726567656e65726174657c693a313438373539303336383b69735f6c6f676765645f696e7c623a303b),
('c80429ab0a9580aafd1087fd51367a389ea0ae62', '64.79.100.44', 1487590369, 0x5f5f63695f6c6173745f726567656e65726174657c693a313438373539303336393b69735f6c6f676765645f696e7c623a303b),
('44c5ac9f412b4d2b60dc8e1a90b71ad12e23510e', '64.79.100.44', 1487590369, 0x5f5f63695f6c6173745f726567656e65726174657c693a313438373539303336393b69735f6c6f676765645f696e7c623a303b),
('1999913bc9c98448017cc5ba0b72782242a01df9', '219.145.144.65', 1487672489, 0x5f5f63695f6c6173745f726567656e65726174657c693a313438373637323438393b69735f6c6f676765645f696e7c623a303b),
('498a6bc51c694d13e491060222a6cc7b68eac29f', '64.79.100.38', 1487677618, 0x5f5f63695f6c6173745f726567656e65726174657c693a313438373637373631383b69735f6c6f676765645f696e7c623a303b),
('763eff2eca77b910582b9625dd5427b3d9f87ab7', '64.79.100.38', 1487677619, 0x5f5f63695f6c6173745f726567656e65726174657c693a313438373637373631393b69735f6c6f676765645f696e7c623a303b),
('6036161303393d48ee443b6003451a41ca545ecc', '64.79.100.38', 1487677620, 0x5f5f63695f6c6173745f726567656e65726174657c693a313438373637373632303b69735f6c6f676765645f696e7c623a303b),
('d7c230e4c95affd610012041ad530fd1605fb970', '64.79.100.38', 1487677620, 0x5f5f63695f6c6173745f726567656e65726174657c693a313438373637373632303b69735f6c6f676765645f696e7c623a303b),
('6718dc7f4682883d7dd8bbf1a5bd70c2746dda27', '79.137.85.189', 1487683784, 0x5f5f63695f6c6173745f726567656e65726174657c693a313438373638333738343b69735f6c6f676765645f696e7c623a303b),
('cff54b7bb8ee91b0ac37e75134003b5fe322a86c', '185.104.248.67', 1487733670, 0x5f5f63695f6c6173745f726567656e65726174657c693a313438373733333636393b69735f6c6f676765645f696e7c623a303b),
('ea3033560d27bf937c68479539581ee0ced6dbe9', '82.80.249.214', 1487761586, 0x5f5f63695f6c6173745f726567656e65726174657c693a313438373736313538363b69735f6c6f676765645f696e7c623a303b),
('ab45e0bc841478aab4b11e77be23aa38d38f0251', '82.80.249.214', 1487761587, 0x5f5f63695f6c6173745f726567656e65726174657c693a313438373736313538373b69735f6c6f676765645f696e7c623a303b),
('80e6a8dcb53615465273ae86c4e741b74eca1e54', '82.80.249.137', 1487761597, 0x5f5f63695f6c6173745f726567656e65726174657c693a313438373736313539373b69735f6c6f676765645f696e7c623a303b),
('93e2b4ddb10d3ede3989e9f028e286b81fcfc23b', '82.80.249.137', 1487761598, 0x5f5f63695f6c6173745f726567656e65726174657c693a313438373736313539383b69735f6c6f676765645f696e7c623a303b),
('6fd43712ba246c9fb587acab0837ac8606cc4ce8', '82.80.249.137', 1487761621, 0x5f5f63695f6c6173745f726567656e65726174657c693a313438373736313632313b69735f6c6f676765645f696e7c623a303b),
('3672c6712bfc2be2ff2bd71d869396c8294c0fe3', '82.80.249.137', 1487761629, 0x5f5f63695f6c6173745f726567656e65726174657c693a313438373736313632393b69735f6c6f676765645f696e7c623a303b),
('dd70a5efeab319026f92fc4865d3a1a671c28b81', '64.79.100.29', 1487771003, 0x5f5f63695f6c6173745f726567656e65726174657c693a313438373737313030333b69735f6c6f676765645f696e7c623a303b),
('d1c033e0fa258f6ea3a9a49f1582f4220f6efaaa', '64.79.100.29', 1487771004, 0x5f5f63695f6c6173745f726567656e65726174657c693a313438373737313030343b69735f6c6f676765645f696e7c623a303b),
('f906e67df47b901672a39863d956c0fdd4c89929', '64.79.100.29', 1487771005, 0x5f5f63695f6c6173745f726567656e65726174657c693a313438373737313030353b69735f6c6f676765645f696e7c623a303b),
('27d360a45a5524b1eb6fb6591b52f190562ebc00', '64.79.100.29', 1487771005, 0x5f5f63695f6c6173745f726567656e65726174657c693a313438373737313030353b69735f6c6f676765645f696e7c623a303b),
('27b7d37b01f154e55e9c32663a654c6b400d09ae', '82.80.249.243', 1487778877, 0x5f5f63695f6c6173745f726567656e65726174657c693a313438373737383837373b69735f6c6f676765645f696e7c623a303b),
('991dd1f56deeb80a15ff1b7997d4825a1f97e52c', '82.80.249.243', 1487778878, 0x5f5f63695f6c6173745f726567656e65726174657c693a313438373737383837383b69735f6c6f676765645f696e7c623a303b),
('ca944441e3ab1068e0fa0f33b7f0fca9a4c58a0b', '138.197.207.243', 1487796688, 0x5f5f63695f6c6173745f726567656e65726174657c693a313438373739363638383b69735f6c6f676765645f696e7c623a303b),
('618949c7c830d12c4a263cb08925328ef49a7974', '46.165.230.5', 1487796692, 0x5f5f63695f6c6173745f726567656e65726174657c693a313438373739363639323b69735f6c6f676765645f696e7c623a303b),
('b8edb445a593f3979eff2f6289ef22f3c0fad0f5', '64.79.100.19', 1487869947, 0x5f5f63695f6c6173745f726567656e65726174657c693a313438373836393934363b69735f6c6f676765645f696e7c623a303b),
('167128527e48b35f1f3c835a9fa3a8a0de87e278', '64.79.100.19', 1487869947, 0x5f5f63695f6c6173745f726567656e65726174657c693a313438373836393934373b69735f6c6f676765645f696e7c623a303b),
('c0e93c425dd1c1ed1b00f6ce44bfb7fab501bb4a', '64.79.100.19', 1487869948, 0x5f5f63695f6c6173745f726567656e65726174657c693a313438373836393934383b69735f6c6f676765645f696e7c623a303b),
('dc8834531f436e259841342bc75ebdeb131e2804', '64.79.100.19', 1487869948, 0x5f5f63695f6c6173745f726567656e65726174657c693a313438373836393934383b69735f6c6f676765645f696e7c623a303b),
('1ada5e1732ff3b92cbd45380e97f5c732a22b58f', '64.79.100.39', 1487971576, 0x5f5f63695f6c6173745f726567656e65726174657c693a313438373937313537363b69735f6c6f676765645f696e7c623a303b),
('54978f2e73c16e25a5894c088d1f200800756367', '64.79.100.39', 1487971577, 0x5f5f63695f6c6173745f726567656e65726174657c693a313438373937313537373b69735f6c6f676765645f696e7c623a303b),
('df054a49a8fbd9cb46be62c47dbffd7002a043e9', '64.79.100.39', 1487971577, 0x5f5f63695f6c6173745f726567656e65726174657c693a313438373937313537373b69735f6c6f676765645f696e7c623a303b),
('e0cea4c65fd0062b50a26d3a1db1b64f9d61e615', '64.79.100.39', 1487971578, 0x5f5f63695f6c6173745f726567656e65726174657c693a313438373937313537383b69735f6c6f676765645f696e7c623a303b),
('bd2bbedd40c02a00858867b3e775296e37da1eb6', '64.79.100.34', 1488043008, 0x5f5f63695f6c6173745f726567656e65726174657c693a313438383034333030383b69735f6c6f676765645f696e7c623a303b),
('beec0ce161be1b95efa27abb48cb82c6130a051c', '64.79.100.34', 1488043009, 0x5f5f63695f6c6173745f726567656e65726174657c693a313438383034333030393b69735f6c6f676765645f696e7c623a303b),
('feeb7c28a9e98af1050bed0dfca0aab4c57070f1', '64.79.100.34', 1488043010, 0x5f5f63695f6c6173745f726567656e65726174657c693a313438383034333031303b69735f6c6f676765645f696e7c623a303b),
('bfad8020ccb054a02dbcb9609faa0ce30e8c65dd', '64.79.100.34', 1488043010, 0x5f5f63695f6c6173745f726567656e65726174657c693a313438383034333031303b69735f6c6f676765645f696e7c623a303b),
('c2751f3a38407d1986a0ea23c16495d466860602', '79.134.218.13', 1488116146, 0x5f5f63695f6c6173745f726567656e65726174657c693a313438383131363134363b69735f6c6f676765645f696e7c623a303b),
('ccc4f6816245f4e621e594f4687e550b4d0f1996', '64.79.100.35', 1488128704, 0x5f5f63695f6c6173745f726567656e65726174657c693a313438383132383730343b69735f6c6f676765645f696e7c623a303b),
('d4f65e677f01093a98537c53da9e7030bbc3a9ef', '64.79.100.35', 1488128705, 0x5f5f63695f6c6173745f726567656e65726174657c693a313438383132383730353b69735f6c6f676765645f696e7c623a303b),
('325c5e78fa0692d24acc4c666c9e5485baea3a89', '64.79.100.35', 1488128706, 0x5f5f63695f6c6173745f726567656e65726174657c693a313438383132383730363b69735f6c6f676765645f696e7c623a303b),
('6bf699f1bd969b8cc86951a827edf3c28b79a8ab', '64.79.100.35', 1488128706, 0x5f5f63695f6c6173745f726567656e65726174657c693a313438383132383730363b69735f6c6f676765645f696e7c623a303b),
('a0817a9754af67b74b4fe725709fb2706d11fa81', '40.77.167.1', 1488137901, 0x5f5f63695f6c6173745f726567656e65726174657c693a313438383133373930313b69735f6c6f676765645f696e7c623a303b),
('5629252dd9fcde0a6625f8f5025135dcdb6e2f33', '40.77.167.1', 1488137905, 0x5f5f63695f6c6173745f726567656e65726174657c693a313438383133373930353b69735f6c6f676765645f696e7c623a303b),
('ab90e9843169ac42c45789124e1ea9fc1ed8955f', '35.162.214.175', 1488147191, 0x5f5f63695f6c6173745f726567656e65726174657c693a313438383134373139313b69735f6c6f676765645f696e7c623a303b),
('971843f03cf9d0299e4a549681ba1b06b962844f', '64.79.100.51', 1488231567, 0x5f5f63695f6c6173745f726567656e65726174657c693a313438383233313536373b69735f6c6f676765645f696e7c623a303b),
('b87c871ec556b8aad5566e5f986482fd7b958aac', '64.79.100.51', 1488231568, 0x5f5f63695f6c6173745f726567656e65726174657c693a313438383233313536383b69735f6c6f676765645f696e7c623a303b),
('afe74a0aad88c5c72ce013f5bd6aa0a55a84f331', '64.79.100.51', 1488231569, 0x5f5f63695f6c6173745f726567656e65726174657c693a313438383233313536393b69735f6c6f676765645f696e7c623a303b),
('ea75d17fa87f2601234553b5345df430011f39d1', '64.79.100.51', 1488231569, 0x5f5f63695f6c6173745f726567656e65726174657c693a313438383233313536393b69735f6c6f676765645f696e7c623a303b),
('9261ef047993be643e8c5cf10f714c6c29c4052d', '40.77.167.68', 1488266140, 0x5f5f63695f6c6173745f726567656e65726174657c693a313438383236363134303b69735f6c6f676765645f696e7c623a303b),
('4b8533409b1800443a35c4b45016264ef80d4b2d', '40.77.167.68', 1488266142, 0x5f5f63695f6c6173745f726567656e65726174657c693a313438383236363134323b69735f6c6f676765645f696e7c623a303b),
('732d9859b19b908cf76946bb2d06153fb9dda153', '64.79.100.17', 1488283869, 0x5f5f63695f6c6173745f726567656e65726174657c693a313438383238333836393b69735f6c6f676765645f696e7c623a303b),
('067b2bd2efc33553b136278148ffb69bfcd237e2', '64.79.100.17', 1488283870, 0x5f5f63695f6c6173745f726567656e65726174657c693a313438383238333837303b69735f6c6f676765645f696e7c623a303b),
('68c4c5ad088bf6a680c3399fd2d0fb87fef81c52', '64.79.100.17', 1488283870, 0x5f5f63695f6c6173745f726567656e65726174657c693a313438383238333837303b69735f6c6f676765645f696e7c623a303b),
('4918fd51356e2f97f0172270003b78e0d000126e', '64.79.100.17', 1488283871, 0x5f5f63695f6c6173745f726567656e65726174657c693a313438383238333837313b69735f6c6f676765645f696e7c623a303b),
('be8d64768be5eb99d8ae7ccd08f9e0453482d9b6', '5.188.211.25', 1488297871, 0x5f5f63695f6c6173745f726567656e65726174657c693a313438383239373837313b69735f6c6f676765645f696e7c623a303b),
('8b87010a7a972dd91db9dfd1dccf38a13f72b7b2', '5.188.211.25', 1488297871, 0x5f5f63695f6c6173745f726567656e65726174657c693a313438383239373837313b69735f6c6f676765645f696e7c623a303b),
('6d79132168e4417a0db4fffc3d8c3e52444c7f31', '93.115.95.204', 1488319251, 0x5f5f63695f6c6173745f726567656e65726174657c693a313438383331393235313b69735f6c6f676765645f696e7c623a303b),
('cdcfcb5531c78de02ef168084e0c4fcd296de0f4', '93.115.95.204', 1488319251, 0x5f5f63695f6c6173745f726567656e65726174657c693a313438383331393235313b69735f6c6f676765645f696e7c623a303b),
('b0d6cd66d38fb1c13f28d49b0c5d89888dc320d0', '35.185.76.90', 1488384737, 0x5f5f63695f6c6173745f726567656e65726174657c693a313438383338343733373b69735f6c6f676765645f696e7c623a303b),
('eda63458d02d74d8a98e5262b0f3a0723f7a5a1a', '64.79.100.43', 1488390748, 0x5f5f63695f6c6173745f726567656e65726174657c693a313438383339303734373b69735f6c6f676765645f696e7c623a303b),
('1c774b498785b38c0f063f7368705a0c40a8c72d', '64.79.100.43', 1488390748, 0x5f5f63695f6c6173745f726567656e65726174657c693a313438383339303734383b69735f6c6f676765645f696e7c623a303b),
('97c4b48215e3138b9b843093a2aa6e6eb893aae8', '64.79.100.43', 1488390749, 0x5f5f63695f6c6173745f726567656e65726174657c693a313438383339303734393b69735f6c6f676765645f696e7c623a303b),
('3dd0f55ccca7e3191a2edda4a6b6c135f81de10b', '64.79.100.43', 1488390749, 0x5f5f63695f6c6173745f726567656e65726174657c693a313438383339303734393b69735f6c6f676765645f696e7c623a303b),
('2d7be6a10859a736b54bfaebf6d5c8ccd6367722', '46.105.100.149', 1488400802, 0x5f5f63695f6c6173745f726567656e65726174657c693a313438383430303830323b69735f6c6f676765645f696e7c623a303b);
INSERT INTO `ci_sessions` (`id`, `ip_address`, `timestamp`, `data`) VALUES
('49e9024c27b2da85881a16d0070da199f6a8ed08', '5.135.158.101', 1488400804, 0x5f5f63695f6c6173745f726567656e65726174657c693a313438383430303830343b69735f6c6f676765645f696e7c623a303b),
('bdfdf870bd173b61c9e3ec49c460f4fda7538558', '188.166.61.92', 1488422073, 0x5f5f63695f6c6173745f726567656e65726174657c693a313438383432323037333b69735f6c6f676765645f696e7c623a303b),
('9734e884aac63e25529cdb84b5a6af20f0307289', '64.79.100.37', 1488448754, 0x5f5f63695f6c6173745f726567656e65726174657c693a313438383434383735333b69735f6c6f676765645f696e7c623a303b),
('40d2de6c72c8830fb4cc91f85903596f99508fe8', '64.79.100.37', 1488448755, 0x5f5f63695f6c6173745f726567656e65726174657c693a313438383434383735353b69735f6c6f676765645f696e7c623a303b),
('1bf5a2e112c1a0f8f3ba4187e3960f90d39d2965', '64.79.100.37', 1488448755, 0x5f5f63695f6c6173745f726567656e65726174657c693a313438383434383735353b69735f6c6f676765645f696e7c623a303b),
('1b61a7c9901b12f44a83f6c77deb7594b4fcc820', '64.79.100.37', 1488448756, 0x5f5f63695f6c6173745f726567656e65726174657c693a313438383434383735363b69735f6c6f676765645f696e7c623a303b),
('15090f79944801527c86b72eae10cfb557207860', '35.162.214.175', 1488520513, 0x5f5f63695f6c6173745f726567656e65726174657c693a313438383532303531333b69735f6c6f676765645f696e7c623a303b),
('44c424812bbddbcef48f522fa3c60c069cf3d02b', '52.70.79.7', 1488550434, 0x5f5f63695f6c6173745f726567656e65726174657c693a313438383535303433343b69735f6c6f676765645f696e7c623a303b),
('40fd16589bb4b9afefc5402dbd6f560135fd7fda', '64.79.100.28', 1488567036, 0x5f5f63695f6c6173745f726567656e65726174657c693a313438383536373033363b69735f6c6f676765645f696e7c623a303b),
('82abd7d87131331a7197e8c4ff792449e53bb079', '64.79.100.28', 1488567037, 0x5f5f63695f6c6173745f726567656e65726174657c693a313438383536373033373b69735f6c6f676765645f696e7c623a303b),
('a310bc97b8b822662457280fe5f6cf70a68d8bed', '64.79.100.28', 1488567037, 0x5f5f63695f6c6173745f726567656e65726174657c693a313438383536373033373b69735f6c6f676765645f696e7c623a303b),
('3a7119e725344fe78c8f9bbc622a4b5176846dc4', '64.79.100.28', 1488567038, 0x5f5f63695f6c6173745f726567656e65726174657c693a313438383536373033383b69735f6c6f676765645f696e7c623a303b),
('75db2e683b2eb80431cce54cbd2398af723da940', '35.162.214.175', 1488583906, 0x5f5f63695f6c6173745f726567656e65726174657c693a313438383538333930363b69735f6c6f676765645f696e7c623a303b),
('b1b57a30280cf6b8460253db253f5578b0adf4bc', '69.58.178.56', 1488591597, 0x5f5f63695f6c6173745f726567656e65726174657c693a313438383539313539373b69735f6c6f676765645f696e7c623a303b),
('7f26c90c3b99e6bac4696422bd40286aca9a0a87', '69.58.178.56', 1488591605, 0x5f5f63695f6c6173745f726567656e65726174657c693a313438383539313630353b69735f6c6f676765645f696e7c623a303b),
('10762321303fd86652a65bcce7522cf8c0c84eb0', '69.58.178.56', 1488591607, 0x5f5f63695f6c6173745f726567656e65726174657c693a313438383539313630373b69735f6c6f676765645f696e7c623a303b),
('c6bdb509d8c0f71aabfe7a18991ffc6e64209781', '79.134.218.13', 1488637386, 0x5f5f63695f6c6173745f726567656e65726174657c693a313438383633373338363b69735f6c6f676765645f696e7c623a303b),
('20c2ef990a6d9d388659bf55c6181d4863283e02', '64.79.100.34', 1488657973, 0x5f5f63695f6c6173745f726567656e65726174657c693a313438383635373937333b69735f6c6f676765645f696e7c623a303b),
('ffa36303d2d82aecb66fecccfddd751149a17324', '64.79.100.34', 1488657974, 0x5f5f63695f6c6173745f726567656e65726174657c693a313438383635373937343b69735f6c6f676765645f696e7c623a303b),
('d62d276ce4507d1eae18ff08a45cfb3f5b925a00', '64.79.100.34', 1488657975, 0x5f5f63695f6c6173745f726567656e65726174657c693a313438383635373937353b69735f6c6f676765645f696e7c623a303b),
('92b120d56cba197ebc81f57bad308f65dde325b4', '64.79.100.34', 1488657975, 0x5f5f63695f6c6173745f726567656e65726174657c693a313438383635373937353b69735f6c6f676765645f696e7c623a303b),
('5d58b205f7e4afd36a61431e3cd81e09b2a0d6b2', '139.162.228.61', 1488740153, 0x5f5f63695f6c6173745f726567656e65726174657c693a313438383734303135333b69735f6c6f676765645f696e7c623a303b),
('d3077fc10e53e7ad3d30bafce3bfdf394f7d25c6', '139.162.228.61', 1488740154, 0x5f5f63695f6c6173745f726567656e65726174657c693a313438383734303135343b69735f6c6f676765645f696e7c623a303b),
('cfd663d58b85d0ede4bad98f22356f4b49957382', '64.79.100.37', 1488740486, 0x5f5f63695f6c6173745f726567656e65726174657c693a313438383734303438353b69735f6c6f676765645f696e7c623a303b),
('fa3cb766e9cc02cdda8cff77dca69610244e29bf', '64.79.100.37', 1488740486, 0x5f5f63695f6c6173745f726567656e65726174657c693a313438383734303438363b69735f6c6f676765645f696e7c623a303b),
('949313739d8dd322657b93088becf140aa33ac74', '64.79.100.37', 1488740487, 0x5f5f63695f6c6173745f726567656e65726174657c693a313438383734303438373b69735f6c6f676765645f696e7c623a303b),
('3e89b11615f74a0bccdd3b53d139876ef5053dba', '64.79.100.37', 1488740487, 0x5f5f63695f6c6173745f726567656e65726174657c693a313438383734303438373b69735f6c6f676765645f696e7c623a303b),
('3802a300f601c811c744890cfb2fdc9f9f1dcef7', '64.79.100.38', 1488833062, 0x5f5f63695f6c6173745f726567656e65726174657c693a313438383833333036313b69735f6c6f676765645f696e7c623a303b),
('31ad897229f9732d95b56e596e19244b19c6312b', '64.79.100.38', 1488833062, 0x5f5f63695f6c6173745f726567656e65726174657c693a313438383833333036323b69735f6c6f676765645f696e7c623a303b),
('6c31852451698cdafca70e58be27a520544dd617', '64.79.100.38', 1488833063, 0x5f5f63695f6c6173745f726567656e65726174657c693a313438383833333036333b69735f6c6f676765645f696e7c623a303b),
('47a726b08c1abcb669d27feed46d5a635f4c5465', '64.79.100.38', 1488833063, 0x5f5f63695f6c6173745f726567656e65726174657c693a313438383833333036333b69735f6c6f676765645f696e7c623a303b),
('c86943175c160e984bf83239eff6f6b9b15a13a6', '159.203.120.134', 1488898815, 0x5f5f63695f6c6173745f726567656e65726174657c693a313438383839383831353b69735f6c6f676765645f696e7c623a303b),
('e7f0782a6a79d33117fd38a5d9850762fd19f0b5', '64.79.100.19', 1488899466, 0x5f5f63695f6c6173745f726567656e65726174657c693a313438383839393436323b69735f6c6f676765645f696e7c623a303b),
('33a0f0764d945bdf7d4ca04f5d07554109e1e5ed', '64.79.100.19', 1488899466, 0x5f5f63695f6c6173745f726567656e65726174657c693a313438383839393436363b69735f6c6f676765645f696e7c623a303b),
('73a1ab4038912766810224a1287d982d8944d954', '64.79.100.19', 1488899473, 0x5f5f63695f6c6173745f726567656e65726174657c693a313438383839393437333b69735f6c6f676765645f696e7c623a303b),
('3c548dd6fa61196a3a98521a36da4bf21c5a83dc', '64.79.100.19', 1488899474, 0x5f5f63695f6c6173745f726567656e65726174657c693a313438383839393437343b69735f6c6f676765645f696e7c623a303b),
('6d3ed849587d86ff467a127602ff708157dc936a', '138.197.123.72', 1488901990, 0x5f5f63695f6c6173745f726567656e65726174657c693a313438383930313939303b69735f6c6f676765645f696e7c623a303b),
('0f821d3ce29717419be7ab3b8e656f1538dfe130', '38.100.21.66', 1488924453, 0x5f5f63695f6c6173745f726567656e65726174657c693a313438383932343435333b69735f6c6f676765645f696e7c623a303b),
('e4d6dd89e85f53f3ac457684df43eee64a85ec5f', '64.246.161.30', 1488927130, 0x5f5f63695f6c6173745f726567656e65726174657c693a313438383932373133303b69735f6c6f676765645f696e7c623a303b),
('db20e6367ba28f28fd901df5fe2baae4fe9ed786', '64.246.161.30', 1488927130, 0x5f5f63695f6c6173745f726567656e65726174657c693a313438383932373133303b69735f6c6f676765645f696e7c623a303b),
('9f28cc139b863e84cbe89ec39e47d2e8a8568baf', '64.79.100.35', 1488987489, 0x5f5f63695f6c6173745f726567656e65726174657c693a313438383938373438383b69735f6c6f676765645f696e7c623a303b),
('55546623ebc42fb59b5ff590f111ffab2bed87c3', '64.79.100.35', 1488987489, 0x5f5f63695f6c6173745f726567656e65726174657c693a313438383938373438393b69735f6c6f676765645f696e7c623a303b),
('22bf15fae208afb37c91779dceb9daa202285de9', '64.79.100.35', 1488987490, 0x5f5f63695f6c6173745f726567656e65726174657c693a313438383938373439303b69735f6c6f676765645f696e7c623a303b),
('9e7a6a81faeeadd0cc728a489121accf205a5134', '64.79.100.35', 1488987491, 0x5f5f63695f6c6173745f726567656e65726174657c693a313438383938373439313b69735f6c6f676765645f696e7c623a303b),
('0f4af8f737ee352f5352c13dec9fa9562773cc43', '45.55.159.62', 1488993516, 0x5f5f63695f6c6173745f726567656e65726174657c693a313438383939333531363b69735f6c6f676765645f696e7c623a303b),
('517a9770f11f7cfd56550ef4300fcc04e46cb9f2', '45.55.159.62', 1488993519, 0x5f5f63695f6c6173745f726567656e65726174657c693a313438383939333531393b69735f6c6f676765645f696e7c623a303b),
('65305b18ce43038eb7b4e74e3fd5b46c50b37847', '209.222.77.220', 1489015744, 0x5f5f63695f6c6173745f726567656e65726174657c693a313438393031353734343b69735f6c6f676765645f696e7c623a303b),
('8e605d400d9243f3628bcdd04b7e51213ef42739', '176.10.104.240', 1489015748, 0x5f5f63695f6c6173745f726567656e65726174657c693a313438393031353734383b69735f6c6f676765645f696e7c623a303b),
('ecc37db8f3ed1dfcf80093cd5e0dfbf91a2ce24a', '35.162.214.175', 1489023440, 0x5f5f63695f6c6173745f726567656e65726174657c693a313438393032333434303b69735f6c6f676765645f696e7c623a303b),
('cae65cca4469d8632e7a9f0a935717ac429bdbb0', '54.211.22.169', 1489042300, 0x5f5f63695f6c6173745f726567656e65726174657c693a313438393034323330303b69735f6c6f676765645f696e7c623a303b),
('7a86aa6c782d779efe7926e9254fd701547d4169', '64.79.100.31', 1489085320, 0x5f5f63695f6c6173745f726567656e65726174657c693a313438393038353331393b69735f6c6f676765645f696e7c623a303b),
('422f64718f0296afb2487691e3086a9d7091d040', '64.79.100.31', 1489085320, 0x5f5f63695f6c6173745f726567656e65726174657c693a313438393038353332303b69735f6c6f676765645f696e7c623a303b),
('20a1dd12a939185c270ef862c01c4b2a32ae2421', '64.79.100.31', 1489085321, 0x5f5f63695f6c6173745f726567656e65726174657c693a313438393038353332313b69735f6c6f676765645f696e7c623a303b),
('ec192f7ae56f427f35c329e68d83fb7b679ea789', '64.79.100.31', 1489085322, 0x5f5f63695f6c6173745f726567656e65726174657c693a313438393038353332323b69735f6c6f676765645f696e7c623a303b),
('2ecc233dac2d10764748fa614bbe832742b32f28', '163.172.221.209', 1489096980, 0x5f5f63695f6c6173745f726567656e65726174657c693a313438393039363938303b69735f6c6f676765645f696e7c623a303b),
('9edb255fe8b4c4fc37e9a35c4fde65ee8aee25f9', '163.172.221.209', 1489096981, 0x5f5f63695f6c6173745f726567656e65726174657c693a313438393039363938313b69735f6c6f676765645f696e7c623a303b),
('ae768078d3cee7b04ef6b89c83d8e408a8935614', '207.46.13.242', 1489102262, 0x5f5f63695f6c6173745f726567656e65726174657c693a313438393130323236323b69735f6c6f676765645f696e7c623a303b),
('cbc6e78149d6c9a19f1983188e1cc8de289c834f', '207.46.13.242', 1489102312, 0x5f5f63695f6c6173745f726567656e65726174657c693a313438393130323331323b69735f6c6f676765645f696e7c623a303b),
('b15d0bfd05d8fa593c642de1c2c9425e0c4b6b90', '88.99.65.199', 1489114999, 0x5f5f63695f6c6173745f726567656e65726174657c693a313438393131343939393b69735f6c6f676765645f696e7c623a303b),
('81cb8d2843c5d8e249259afa64c4431101b27679', '167.114.209.38', 1489163069, 0x5f5f63695f6c6173745f726567656e65726174657c693a313438393136333036393b69735f6c6f676765645f696e7c623a303b),
('bf8d108c2258f1f7c913c11ca8d1c6d702c80066', '167.114.209.38', 1489163080, 0x5f5f63695f6c6173745f726567656e65726174657c693a313438393136333037303b69735f6c6f676765645f696e7c623a303b),
('f6c6f5c78a5bff142f201e4827ad5fd82b3e0d3c', '167.114.209.38', 1489163081, 0x5f5f63695f6c6173745f726567656e65726174657c693a313438393136333038313b69735f6c6f676765645f696e7c623a303b),
('4b8743f8b742d3083e4129d4b9476499663c7c2e', '64.79.100.54', 1489175712, 0x5f5f63695f6c6173745f726567656e65726174657c693a313438393137353731313b69735f6c6f676765645f696e7c623a303b),
('99bc58c21b481799835915ed5d402f8408e5a333', '64.79.100.54', 1489175712, 0x5f5f63695f6c6173745f726567656e65726174657c693a313438393137353731323b69735f6c6f676765645f696e7c623a303b),
('2d76652711a13effc5a66b5b72a26b354be95a4b', '64.79.100.54', 1489175713, 0x5f5f63695f6c6173745f726567656e65726174657c693a313438393137353731333b69735f6c6f676765645f696e7c623a303b),
('307a3fbabe4184aef4cfd47ec79bb449bf362786', '64.79.100.54', 1489175713, 0x5f5f63695f6c6173745f726567656e65726174657c693a313438393137353731333b69735f6c6f676765645f696e7c623a303b),
('2e3444a14fa57bef8bf53a9f9660d854db7ceb0c', '35.162.141.144', 1489183697, 0x5f5f63695f6c6173745f726567656e65726174657c693a313438393138333639373b69735f6c6f676765645f696e7c623a303b),
('0ba85eb17d7505a535ace58af782869726fe3df6', '64.79.100.54', 1489225472, 0x5f5f63695f6c6173745f726567656e65726174657c693a313438393232353437323b69735f6c6f676765645f696e7c623a303b),
('b15ad0466384e42cd37acf6c4389ff581e805231', '64.79.100.54', 1489225473, 0x5f5f63695f6c6173745f726567656e65726174657c693a313438393232353437333b69735f6c6f676765645f696e7c623a303b),
('1f23d870afcceccfa85ebefb074e83ee73d41508', '64.79.100.54', 1489225474, 0x5f5f63695f6c6173745f726567656e65726174657c693a313438393232353437343b69735f6c6f676765645f696e7c623a303b),
('9d04a83a108dec0d1979bd4c827224f300e690e8', '64.79.100.54', 1489225474, 0x5f5f63695f6c6173745f726567656e65726174657c693a313438393232353437343b69735f6c6f676765645f696e7c623a303b),
('d7d0282e1484c5c27d86d2a5d2dd5656615e16af', '64.79.100.58', 1489309457, 0x5f5f63695f6c6173745f726567656e65726174657c693a313438393330393435363b69735f6c6f676765645f696e7c623a303b),
('822dc52bf905fafb1343c6b413bd8ae569bf81da', '64.79.100.58', 1489309457, 0x5f5f63695f6c6173745f726567656e65726174657c693a313438393330393435373b69735f6c6f676765645f696e7c623a303b),
('d869f905f5cb8a76efb934fa87e6367bb95ce219', '64.79.100.58', 1489309458, 0x5f5f63695f6c6173745f726567656e65726174657c693a313438393330393435383b69735f6c6f676765645f696e7c623a303b),
('166499abe6c93fb78ea229d274fa2aea3a75781d', '64.79.100.58', 1489309459, 0x5f5f63695f6c6173745f726567656e65726174657c693a313438393330393435393b69735f6c6f676765645f696e7c623a303b),
('b6ba6aafa5285538484a4f5d5472f3e86dfc8a97', '64.79.100.11', 1489389798, 0x5f5f63695f6c6173745f726567656e65726174657c693a313438393338393739383b69735f6c6f676765645f696e7c623a303b),
('773d3e9e87ff5650474856aee95990b64d55162a', '64.79.100.11', 1489389799, 0x5f5f63695f6c6173745f726567656e65726174657c693a313438393338393739393b69735f6c6f676765645f696e7c623a303b),
('3c6ab85381e93c847f0887e5b71d9857c9492e33', '64.79.100.11', 1489389800, 0x5f5f63695f6c6173745f726567656e65726174657c693a313438393338393830303b69735f6c6f676765645f696e7c623a303b),
('d0578a6358adc908b27bd0609de3fab524f2417a', '64.79.100.11', 1489389800, 0x5f5f63695f6c6173745f726567656e65726174657c693a313438393338393830303b69735f6c6f676765645f696e7c623a303b),
('d7ea2d9e85ac64b9fbadbf62e80d2983bc6c6a45', '188.166.90.42', 1489426330, 0x5f5f63695f6c6173745f726567656e65726174657c693a313438393432363332393b69735f6c6f676765645f696e7c623a303b),
('b3da79e3fac41d7bd0af959ae3132bd56af15508', '185.104.248.67', 1489453260, 0x5f5f63695f6c6173745f726567656e65726174657c693a313438393435333236303b69735f6c6f676765645f696e7c623a303b),
('94080db4941816ca4b591d13ea04999add715abd', '219.145.144.65', 1489454167, 0x5f5f63695f6c6173745f726567656e65726174657c693a313438393435343136373b69735f6c6f676765645f696e7c623a303b),
('e5645839ba03edf3fcd0f6f7e819fd57aeed2834', '64.79.100.35', 1489495472, 0x5f5f63695f6c6173745f726567656e65726174657c693a313438393439353437313b69735f6c6f676765645f696e7c623a303b),
('8d570fab78d21d387ef93db9a61195400dd17995', '64.79.100.35', 1489495472, 0x5f5f63695f6c6173745f726567656e65726174657c693a313438393439353437323b69735f6c6f676765645f696e7c623a303b),
('c507093e0f0fae5989f0df2c2a739aebc3e3afe6', '64.79.100.35', 1489495473, 0x5f5f63695f6c6173745f726567656e65726174657c693a313438393439353437333b69735f6c6f676765645f696e7c623a303b),
('1a4b98b41042ef6358d281e372bab855121b6cb5', '64.79.100.35', 1489495474, 0x5f5f63695f6c6173745f726567656e65726174657c693a313438393439353437343b69735f6c6f676765645f696e7c623a303b),
('a7869c3331902fc3e21cf991c9cb6fa92041ddc6', '180.191.142.159', 1489573713, 0x5f5f63695f6c6173745f726567656e65726174657c693a313438393537333731333b69735f6c6f676765645f696e7c623a303b),
('63faa94d3f29aeddecc2d446a77e94b5d4dcf786', '64.79.100.17', 1489582936, 0x5f5f63695f6c6173745f726567656e65726174657c693a313438393538323933363b69735f6c6f676765645f696e7c623a303b),
('9ef066abfe7008dda59ec28359513f024ce558e9', '64.79.100.17', 1489582937, 0x5f5f63695f6c6173745f726567656e65726174657c693a313438393538323933373b69735f6c6f676765645f696e7c623a303b),
('5ba792c2e63098bb5703a0480449451277b2044d', '64.79.100.17', 1489582937, 0x5f5f63695f6c6173745f726567656e65726174657c693a313438393538323933373b69735f6c6f676765645f696e7c623a303b),
('f9e4bdd2aa47920568d00461eb074f87b5d959d0', '64.79.100.17', 1489582938, 0x5f5f63695f6c6173745f726567656e65726174657c693a313438393538323933383b69735f6c6f676765645f696e7c623a303b),
('5a25988b9229c9b59e1d35e0f3d599039a55a616', '35.162.141.144', 1489604130, 0x5f5f63695f6c6173745f726567656e65726174657c693a313438393630343133303b69735f6c6f676765645f696e7c623a303b),
('f78543aef765f04361c85ec934f4489b1d11c42b', '64.79.100.37', 1489689724, 0x5f5f63695f6c6173745f726567656e65726174657c693a313438393638393732343b69735f6c6f676765645f696e7c623a303b),
('389b66ee41160be33f27a2683f105e3c3d056539', '64.79.100.37', 1489689725, 0x5f5f63695f6c6173745f726567656e65726174657c693a313438393638393732353b69735f6c6f676765645f696e7c623a303b),
('c22f027b0d6606973175d656f99f077954321ecf', '64.79.100.37', 1489689726, 0x5f5f63695f6c6173745f726567656e65726174657c693a313438393638393732363b69735f6c6f676765645f696e7c623a303b),
('f7724c7d47d35f476ef460a6542694cb399ebd47', '64.79.100.37', 1489689726, 0x5f5f63695f6c6173745f726567656e65726174657c693a313438393638393732363b69735f6c6f676765645f696e7c623a303b),
('4c4b525ddbfe7b2412496f9c9bf406bd936c383c', '207.46.13.126', 1489690958, 0x5f5f63695f6c6173745f726567656e65726174657c693a313438393639303935383b69735f6c6f676765645f696e7c623a303b),
('c78a10ab8430df041aa6498e41434c79f76b0c4f', '207.46.13.126', 1489690964, 0x5f5f63695f6c6173745f726567656e65726174657c693a313438393639303936343b69735f6c6f676765645f696e7c623a303b),
('691fdc7446bc6381d6df2ac8376bd0c6c7338ea0', '142.4.218.236', 1489778179, 0x5f5f63695f6c6173745f726567656e65726174657c693a313438393737383137393b69735f6c6f676765645f696e7c623a303b),
('73224263c0705d019dff4dc5b97f269c0c39d337', '142.4.218.236', 1489778190, 0x5f5f63695f6c6173745f726567656e65726174657c693a313438393737383138303b69735f6c6f676765645f696e7c623a303b),
('e6e33abbe8be4071050a420f7408b9ff2959a38a', '142.4.218.236', 1489778191, 0x5f5f63695f6c6173745f726567656e65726174657c693a313438393737383139313b69735f6c6f676765645f696e7c623a303b),
('fdf2ac86285e12d6a42d575c27b804301e2f220b', '64.79.100.51', 1489780007, 0x5f5f63695f6c6173745f726567656e65726174657c693a313438393738303030363b69735f6c6f676765645f696e7c623a303b),
('a796964cf99f62731a4dcb30da0e6347ca39be5d', '64.79.100.51', 1489780007, 0x5f5f63695f6c6173745f726567656e65726174657c693a313438393738303030373b69735f6c6f676765645f696e7c623a303b),
('79417a25d4ed728ecc4c59f7ae8ed838697c17fc', '64.79.100.51', 1489780008, 0x5f5f63695f6c6173745f726567656e65726174657c693a313438393738303030383b69735f6c6f676765645f696e7c623a303b),
('564a0897c3b16a764327b4409ae9a76bb09c3856', '64.79.100.51', 1489780008, 0x5f5f63695f6c6173745f726567656e65726174657c693a313438393738303030383b69735f6c6f676765645f696e7c623a303b),
('f20e2c7425ef50117faf58bd0336617239a3c3fd', '164.132.126.128', 1489780592, 0x5f5f63695f6c6173745f726567656e65726174657c693a313438393738303539323b69735f6c6f676765645f696e7c623a303b),
('c99ba6e8229747198456a5dbaeadad42149256bd', '164.132.126.128', 1489780593, 0x5f5f63695f6c6173745f726567656e65726174657c693a313438393738303539333b69735f6c6f676765645f696e7c623a303b),
('3c2c84265e26825ab505d5224eafcc36307c44a4', '207.46.13.16', 1489813597, 0x5f5f63695f6c6173745f726567656e65726174657c693a313438393831333539373b69735f6c6f676765645f696e7c623a303b),
('8d1db78758dc2d4c6bc4391dc272cf2be4e545b9', '207.46.13.16', 1489813598, 0x5f5f63695f6c6173745f726567656e65726174657c693a313438393831333539383b69735f6c6f676765645f696e7c623a303b),
('cf800807484eb25e4e2d4cbb4d668769f4d18288', '64.79.100.19', 1489823500, 0x5f5f63695f6c6173745f726567656e65726174657c693a313438393832333530303b69735f6c6f676765645f696e7c623a303b),
('823afce0c68a48bc63cce92a1dd15038ead02a03', '64.79.100.19', 1489823501, 0x5f5f63695f6c6173745f726567656e65726174657c693a313438393832333530313b69735f6c6f676765645f696e7c623a303b),
('b1f0a39e1abea0cb0c547abe5987f04c4f444b21', '64.79.100.19', 1489823501, 0x5f5f63695f6c6173745f726567656e65726174657c693a313438393832333530313b69735f6c6f676765645f696e7c623a303b),
('916a23b73635f74e41d4f10d1cc06dad96fc6f3f', '64.79.100.19', 1489823502, 0x5f5f63695f6c6173745f726567656e65726174657c693a313438393832333530323b69735f6c6f676765645f696e7c623a303b),
('d64007cb46cb94b2c253fd45d07e9f43c27e5008', '64.79.100.50', 1489915122, 0x5f5f63695f6c6173745f726567656e65726174657c693a313438393931353132313b69735f6c6f676765645f696e7c623a303b),
('d189c111672b1fd371900ef2cbba208fe936e0dc', '64.79.100.50', 1489915122, 0x5f5f63695f6c6173745f726567656e65726174657c693a313438393931353132323b69735f6c6f676765645f696e7c623a303b),
('3350ec4b48fc76e10a237a714cca5d86c3b50632', '64.79.100.50', 1489915123, 0x5f5f63695f6c6173745f726567656e65726174657c693a313438393931353132333b69735f6c6f676765645f696e7c623a303b),
('245681c39afe2d6f592ac6a3a3136da4089f016d', '64.79.100.50', 1489915124, 0x5f5f63695f6c6173745f726567656e65726174657c693a313438393931353132343b69735f6c6f676765645f696e7c623a303b),
('155071bc4b939fa7546ff6a4628b4359f46c82e0', '64.79.100.18', 1490005381, 0x5f5f63695f6c6173745f726567656e65726174657c693a313439303030353338303b69735f6c6f676765645f696e7c623a303b),
('da30c5998f52fc5636aef71a4fd94102b427acb1', '64.79.100.18', 1490005381, 0x5f5f63695f6c6173745f726567656e65726174657c693a313439303030353338313b69735f6c6f676765645f696e7c623a303b),
('2b7523ee78b9c7017dfc5cbc8cbc6d860a2cf7bb', '64.79.100.18', 1490005382, 0x5f5f63695f6c6173745f726567656e65726174657c693a313439303030353338323b69735f6c6f676765645f696e7c623a303b),
('a9f57069f7ba429ff232629f0c0663991bd73a2f', '64.79.100.18', 1490005382, 0x5f5f63695f6c6173745f726567656e65726174657c693a313439303030353338323b69735f6c6f676765645f696e7c623a303b),
('474398bb4c71a95e12c143509ad902f3be35da69', '79.134.218.13', 1490077848, 0x5f5f63695f6c6173745f726567656e65726174657c693a313439303037373834383b69735f6c6f676765645f696e7c623a303b),
('cc0d1bf861fdf8fe5a94e9c482dca8490358c94b', '64.79.100.37', 1490097166, 0x5f5f63695f6c6173745f726567656e65726174657c693a313439303039373136353b69735f6c6f676765645f696e7c623a303b),
('a74486ebf2d54584cbf986f4a263637bc6cb4c0c', '64.79.100.37', 1490097166, 0x5f5f63695f6c6173745f726567656e65726174657c693a313439303039373136363b69735f6c6f676765645f696e7c623a303b),
('66b17136cb944cfb88ed2951ecc13f330dffa4e5', '64.79.100.37', 1490097167, 0x5f5f63695f6c6173745f726567656e65726174657c693a313439303039373136373b69735f6c6f676765645f696e7c623a303b),
('81a4b6cd0914552c85830f893c1aac66e82c31f5', '64.79.100.37', 1490097167, 0x5f5f63695f6c6173745f726567656e65726174657c693a313439303039373136373b69735f6c6f676765645f696e7c623a303b),
('fa07e64dff01cd934ba883cb603fd33bad9fc593', '198.47.52.152', 1490122882, 0x5f5f63695f6c6173745f726567656e65726174657c693a313439303132323838313b69735f6c6f676765645f696e7c623a303b),
('8e66987c4a86a1853d2945d43cc1330cd149f43e', '64.79.100.37', 1490164096, 0x5f5f63695f6c6173745f726567656e65726174657c693a313439303136343039353b69735f6c6f676765645f696e7c623a303b),
('91cdccf7b91db4d255150b821101e9af4239b584', '64.79.100.37', 1490164096, 0x5f5f63695f6c6173745f726567656e65726174657c693a313439303136343039363b69735f6c6f676765645f696e7c623a303b),
('9f037d8884b0f7f6117c477e08a550695830ed31', '64.79.100.37', 1490164097, 0x5f5f63695f6c6173745f726567656e65726174657c693a313439303136343039373b69735f6c6f676765645f696e7c623a303b),
('83342df4c2515c262d5621ef247348b0c81c65d3', '64.79.100.37', 1490164098, 0x5f5f63695f6c6173745f726567656e65726174657c693a313439303136343039383b69735f6c6f676765645f696e7c623a303b),
('f19df75ba69a4d1b17877b46f444fc4d24621974', '52.91.253.143', 1490210046, 0x5f5f63695f6c6173745f726567656e65726174657c693a313439303231303034363b69735f6c6f676765645f696e7c623a303b),
('ad7fe54f11b56022f646e9ff77911b5e230192f0', '176.10.104.240', 1490221451, 0x5f5f63695f6c6173745f726567656e65726174657c693a313439303232313435313b69735f6c6f676765645f696e7c623a303b),
('c259a982fcbd5a589cbc82f92d1b598902357979', '89.31.57.5', 1490221458, 0x5f5f63695f6c6173745f726567656e65726174657c693a313439303232313435383b69735f6c6f676765645f696e7c623a303b),
('f31c6d9076d3d01c15b4818d32f40eb20835ba30', '138.201.249.222', 1490227059, 0x5f5f63695f6c6173745f726567656e65726174657c693a313439303232373035393b69735f6c6f676765645f696e7c623a303b),
('ced650e5c39481e09108f1860dc6e73b8bdc0c39', '35.162.141.144', 1490229573, 0x5f5f63695f6c6173745f726567656e65726174657c693a313439303232393537323b69735f6c6f676765645f696e7c623a303b),
('6bbbd75b98d48ad2e0970858eae06f27ce65da32', '84.22.137.57', 1490246143, 0x5f5f63695f6c6173745f726567656e65726174657c693a313439303234363134333b),
('79b8bde397603b2a2ecbffdeda4850f3421fa4e0', '171.33.253.133', 1490247048, 0x5f5f63695f6c6173745f726567656e65726174657c693a313439303234373034383b),
('778967360b10d68a6808cf67d2c2394a318e7d28', '84.38.178.240', 1490247366, 0x5f5f63695f6c6173745f726567656e65726174657c693a313439303234373336363b),
('9fe1b2b67659c081e00d396f08aa772c8bbdb081', '46.147.89.24', 1490247685, 0x5f5f63695f6c6173745f726567656e65726174657c693a313439303234373638353b),
('9da28df3ac86be2f030f56e132ca50dd22dee584', '217.67.66.197', 1490248392, 0x5f5f63695f6c6173745f726567656e65726174657c693a313439303234383339323b),
('7dcf7860faa76d08d1f74f2e111a5029d8cc14b2', '157.55.39.192', 1490263498, 0x5f5f63695f6c6173745f726567656e65726174657c693a313439303236333439383b69735f6c6f676765645f696e7c623a303b),
('7e9b002a03f57f0ee5063d2f7663b85f91d5311c', '157.55.39.192', 1490263503, 0x5f5f63695f6c6173745f726567656e65726174657c693a313439303236333530333b69735f6c6f676765645f696e7c623a303b),
('7243c4f687d3b351e634c2bacf697b1cc3506123', '91.210.144.147', 1490268460, 0x5f5f63695f6c6173745f726567656e65726174657c693a313439303236383436303b69735f6c6f676765645f696e7c623a303b),
('b5da7586782db1cb17a852a023530ce3e7c3d860', '91.210.144.147', 1490268461, 0x5f5f63695f6c6173745f726567656e65726174657c693a313439303236383436313b69735f6c6f676765645f696e7c623a303b),
('26844a02e05ef9cc59154bfabebaff5d5e22621b', '91.210.145.165', 1490280326, 0x5f5f63695f6c6173745f726567656e65726174657c693a313439303238303332363b69735f6c6f676765645f696e7c623a303b),
('c291fd135b19e351eb5d7a830d7be71ae19f151f', '91.210.145.165', 1490280327, 0x5f5f63695f6c6173745f726567656e65726174657c693a313439303238303332373b69735f6c6f676765645f696e7c623a303b),
('d13f4502cd8ad096d3c89bdf58e75f3dc0018193', '64.79.100.16', 1490289215, 0x5f5f63695f6c6173745f726567656e65726174657c693a313439303238393231343b69735f6c6f676765645f696e7c623a303b),
('1755941a4170c6aef211b9397c440dcd4308d22d', '64.79.100.16', 1490289215, 0x5f5f63695f6c6173745f726567656e65726174657c693a313439303238393231353b69735f6c6f676765645f696e7c623a303b),
('03dde76ab8d56319ccfa16026ff3e26a29ff3051', '64.79.100.16', 1490289216, 0x5f5f63695f6c6173745f726567656e65726174657c693a313439303238393231363b69735f6c6f676765645f696e7c623a303b),
('d1ee822fbfffbfa3174d300b3cfe872545b817c4', '64.79.100.16', 1490289217, 0x5f5f63695f6c6173745f726567656e65726174657c693a313439303238393231373b69735f6c6f676765645f696e7c623a303b),
('ed89393aeb9f2b4eb383523deed9efb082ee24a4', '64.79.100.13', 1490335045, 0x5f5f63695f6c6173745f726567656e65726174657c693a313439303333353034343b69735f6c6f676765645f696e7c623a303b),
('d9ff99f3a4d121cc92498ad12f00872c11dbcb6f', '64.79.100.13', 1490335046, 0x5f5f63695f6c6173745f726567656e65726174657c693a313439303333353034363b69735f6c6f676765645f696e7c623a303b),
('da2648a8ea6fdd34a8f0089d967d46120447dbda', '64.79.100.13', 1490335047, 0x5f5f63695f6c6173745f726567656e65726174657c693a313439303333353034373b69735f6c6f676765645f696e7c623a303b),
('dff972f99f1141fb1ce09c719ae851488e2feca0', '64.79.100.13', 1490335047, 0x5f5f63695f6c6173745f726567656e65726174657c693a313439303333353034373b69735f6c6f676765645f696e7c623a303b),
('d0bc9f42d204168a1fe47c451fad1d02c04cbab4', '138.201.220.226', 1490358700, 0x5f5f63695f6c6173745f726567656e65726174657c693a313439303335383639393b69735f6c6f676765645f696e7c623a303b),
('80feafee4ead33bf9ee7e5ac8e60736c97af3f8a', '64.79.100.30', 1490429672, 0x5f5f63695f6c6173745f726567656e65726174657c693a313439303432393637313b69735f6c6f676765645f696e7c623a303b),
('bd7e27fe87578712cf7758ad2489ca442bcce4f7', '64.79.100.30', 1490429672, 0x5f5f63695f6c6173745f726567656e65726174657c693a313439303432393637323b69735f6c6f676765645f696e7c623a303b),
('039b77ac422a723fc45bff9ca50f40b3787f3c6e', '64.79.100.30', 1490429673, 0x5f5f63695f6c6173745f726567656e65726174657c693a313439303432393637333b69735f6c6f676765645f696e7c623a303b),
('f35cd40487252c003e36218108f0d654aaf9fd3f', '64.79.100.30', 1490429673, 0x5f5f63695f6c6173745f726567656e65726174657c693a313439303432393637333b69735f6c6f676765645f696e7c623a303b),
('6592d575f7e219cab0c77710d5c0757a83efb1b1', '64.246.165.170', 1490467224, 0x5f5f63695f6c6173745f726567656e65726174657c693a313439303436373232343b69735f6c6f676765645f696e7c623a303b),
('56191eefd78d73c1c95915c1fa23b1500be9493e', '64.246.165.170', 1490467225, 0x5f5f63695f6c6173745f726567656e65726174657c693a313439303436373232353b69735f6c6f676765645f696e7c623a303b),
('93cd40a845addd1c9cbab88a9d5385bae01b7041', '157.55.39.101', 1490494551, 0x5f5f63695f6c6173745f726567656e65726174657c693a313439303439343535313b69735f6c6f676765645f696e7c623a303b),
('07672a35157a825ae19a9b558473835e2ad59dc2', '157.55.39.101', 1490495553, 0x5f5f63695f6c6173745f726567656e65726174657c693a313439303439353535333b69735f6c6f676765645f696e7c623a303b),
('e4959d8813e1706750efdaaf8dddb5cde7c67031', '185.100.86.100', 1490498451, 0x5f5f63695f6c6173745f726567656e65726174657c693a313439303439383435313b69735f6c6f676765645f696e7c623a303b),
('6c7429906473ada3396afca7037339bdbd278dbc', '185.100.86.100', 1490498452, 0x5f5f63695f6c6173745f726567656e65726174657c693a313439303439383435323b69735f6c6f676765645f696e7c623a303b),
('5f60ebe5e2bb4eab1edb101f62a3a4d08b646001', '64.79.100.11', 1490509526, 0x5f5f63695f6c6173745f726567656e65726174657c693a313439303530393532363b69735f6c6f676765645f696e7c623a303b),
('a4579793b0158c096b1692a0d6c0726eb3f10c3c', '64.79.100.11', 1490509527, 0x5f5f63695f6c6173745f726567656e65726174657c693a313439303530393532373b69735f6c6f676765645f696e7c623a303b),
('3bd2c86f336764cb59e21dd5b2f764a5b856854f', '64.79.100.11', 1490509527, 0x5f5f63695f6c6173745f726567656e65726174657c693a313439303530393532373b69735f6c6f676765645f696e7c623a303b),
('6bca1646ae39e7f1b0ff305859d2ece0b88f616a', '64.79.100.11', 1490509528, 0x5f5f63695f6c6173745f726567656e65726174657c693a313439303530393532383b69735f6c6f676765645f696e7c623a303b),
('fb002b9dc6b5524a387aad01a20da418d4e7a959', '197.231.221.211', 1490510310, 0x5f5f63695f6c6173745f726567656e65726174657c693a313439303531303331303b69735f6c6f676765645f696e7c623a303b),
('ef51b23bd0d76380efa807757ff019f3cf633f2d', '197.231.221.211', 1490510310, 0x5f5f63695f6c6173745f726567656e65726174657c693a313439303531303331303b69735f6c6f676765645f696e7c623a303b),
('89c7fe68ad6ac0ab6426f2ce8040e13dec932817', '130.226.169.137', 1490510773, 0x5f5f63695f6c6173745f726567656e65726174657c693a313439303531303737333b69735f6c6f676765645f696e7c623a303b),
('cb8eda415bfd869b096d003ddc58a9290e7f84c5', '130.226.169.137', 1490510774, 0x5f5f63695f6c6173745f726567656e65726174657c693a313439303531303737343b69735f6c6f676765645f696e7c623a303b),
('bff8e84d6fb8d2ef7e057c202a51c8dd3d4deb02', '138.201.220.226', 1490549553, 0x5f5f63695f6c6173745f726567656e65726174657c693a313439303534393535333b69735f6c6f676765645f696e7c623a303b),
('322a0960344f34f3a90f63d778af9672e7652ce4', '88.99.144.230', 1490566287, 0x5f5f63695f6c6173745f726567656e65726174657c693a313439303536363238373b69735f6c6f676765645f696e7c623a303b),
('f8145898ddfa59a0f2e28b701a848f6fe2a14c02', '88.99.144.230', 1490566287, 0x5f5f63695f6c6173745f726567656e65726174657c693a313439303536363238373b69735f6c6f676765645f696e7c623a303b),
('1dabe407774df668fd6a5ec13bf0696cd1ba68c3', '218.79.243.132', 1490610091, 0x5f5f63695f6c6173745f726567656e65726174657c693a313439303631303039313b69735f6c6f676765645f696e7c623a303b),
('7e7b3e7a35833af494e5155cf88416a84691ddd2', '64.79.100.46', 1490631255, 0x5f5f63695f6c6173745f726567656e65726174657c693a313439303633313235353b69735f6c6f676765645f696e7c623a303b),
('7cc6dfdb414e60a5aaf5bf8ea6b745c49c869f25', '64.79.100.46', 1490631256, 0x5f5f63695f6c6173745f726567656e65726174657c693a313439303633313235363b69735f6c6f676765645f696e7c623a303b),
('a3f5c80e9880bb9741965d34a6d5df8a80def9ce', '64.79.100.46', 1490631256, 0x5f5f63695f6c6173745f726567656e65726174657c693a313439303633313235363b69735f6c6f676765645f696e7c623a303b),
('7ed615252d981cf2383666b78bbe2178d08ccfb7', '64.79.100.46', 1490631257, 0x5f5f63695f6c6173745f726567656e65726174657c693a313439303633313235373b69735f6c6f676765645f696e7c623a303b),
('9bb4b76da1674b8ee6cf38e23c9d092ab6bc3565', '207.46.13.236', 1490725101, 0x5f5f63695f6c6173745f726567656e65726174657c693a313439303732353130313b69735f6c6f676765645f696e7c623a303b),
('2e6d0434de176e25eee8cf85c9406847013ff831', '207.46.13.236', 1490725120, 0x5f5f63695f6c6173745f726567656e65726174657c693a313439303732353132303b69735f6c6f676765645f696e7c623a303b),
('3748515cb305d61b5c238f63cd690d82c7dc58f4', '64.79.100.16', 1490726341, 0x5f5f63695f6c6173745f726567656e65726174657c693a313439303732363334303b69735f6c6f676765645f696e7c623a303b),
('21ba805b79608afbc53626a3d2706108ffd854ab', '64.79.100.16', 1490726341, 0x5f5f63695f6c6173745f726567656e65726174657c693a313439303732363334313b69735f6c6f676765645f696e7c623a303b),
('9ae1d1bbb0894682ba402e42390da7506ad96d13', '64.79.100.16', 1490726342, 0x5f5f63695f6c6173745f726567656e65726174657c693a313439303732363334323b69735f6c6f676765645f696e7c623a303b),
('0756dc38ac9550c1bbab7ebdd4ad83388d4ae4f1', '64.79.100.16', 1490726343, 0x5f5f63695f6c6173745f726567656e65726174657c693a313439303732363334333b69735f6c6f676765645f696e7c623a303b),
('9d3f8efc8189c469375fa289c7089cf06ee460bf', '87.118.122.30', 1490743728, 0x5f5f63695f6c6173745f726567656e65726174657c693a313439303734333732383b69735f6c6f676765645f696e7c623a303b),
('f26061a7c38dad4215f533c26a3a2d4cbaa3b7ab', '64.79.100.20', 1490791324, 0x5f5f63695f6c6173745f726567656e65726174657c693a313439303739313332343b69735f6c6f676765645f696e7c623a303b),
('08540da8d6c887814fdd62a3e2c1516a98abbe81', '64.79.100.20', 1490791325, 0x5f5f63695f6c6173745f726567656e65726174657c693a313439303739313332353b69735f6c6f676765645f696e7c623a303b),
('ce61219de372f9bf1248e5fe951a8e26eb1cddc7', '64.79.100.20', 1490791325, 0x5f5f63695f6c6173745f726567656e65726174657c693a313439303739313332353b69735f6c6f676765645f696e7c623a303b),
('ba30b970a31cea78eba2d688d00cf7fd2e57acf4', '64.79.100.20', 1490791326, 0x5f5f63695f6c6173745f726567656e65726174657c693a313439303739313332363b69735f6c6f676765645f696e7c623a303b),
('da055cb6bd4e41f260644683babb934f9164d0bc', '52.87.86.158', 1490842982, 0x5f5f63695f6c6173745f726567656e65726174657c693a313439303834323938323b69735f6c6f676765645f696e7c623a303b),
('3a46ade48cb1d20e5e73198ce5ac7aedaf759e5a', '52.87.86.158', 1490842983, 0x5f5f63695f6c6173745f726567656e65726174657c693a313439303834323938333b69735f6c6f676765645f696e7c623a303b),
('170a6c4d946792e42dfde820896b9990b53cebf5', '64.79.100.39', 1490881569, 0x5f5f63695f6c6173745f726567656e65726174657c693a313439303838313536383b69735f6c6f676765645f696e7c623a303b),
('4ea345dada37e974c01aeb271f2015a129874cbc', '64.79.100.39', 1490881569, 0x5f5f63695f6c6173745f726567656e65726174657c693a313439303838313536393b69735f6c6f676765645f696e7c623a303b),
('dab4945cdb66bef44223dfbeabaed5f10fb8181f', '64.79.100.39', 1490881570, 0x5f5f63695f6c6173745f726567656e65726174657c693a313439303838313537303b69735f6c6f676765645f696e7c623a303b),
('25ed50c9bf5546eb167bf093963fdc9e685cd0a0', '64.79.100.39', 1490881570, 0x5f5f63695f6c6173745f726567656e65726174657c693a313439303838313537303b69735f6c6f676765645f696e7c623a303b),
('695157f38ad152bfb8c111185562dacfac173aed', '136.243.8.27', 1490928672, 0x5f5f63695f6c6173745f726567656e65726174657c693a313439303932383637313b69735f6c6f676765645f696e7c623a303b),
('471d33edbc029f0545d11e49cebd420a3d544bbd', '64.79.100.40', 1490939900, 0x5f5f63695f6c6173745f726567656e65726174657c693a313439303933393839393b69735f6c6f676765645f696e7c623a303b),
('19fc83de52e69d9dd2bb9ca32edefb75f8226a55', '64.79.100.40', 1490939900, 0x5f5f63695f6c6173745f726567656e65726174657c693a313439303933393930303b69735f6c6f676765645f696e7c623a303b),
('0958501399c89ab1d1bca85a26994704f3ca2e79', '64.79.100.40', 1490939901, 0x5f5f63695f6c6173745f726567656e65726174657c693a313439303933393930313b69735f6c6f676765645f696e7c623a303b),
('5650404789bc5afcfcd9a373ff616ac9d6fd0072', '64.79.100.40', 1490939901, 0x5f5f63695f6c6173745f726567656e65726174657c693a313439303933393930313b69735f6c6f676765645f696e7c623a303b),
('19d094225f7b29844db781bff301f1ef0e6f66bb', '185.104.248.67', 1491035601, 0x5f5f63695f6c6173745f726567656e65726174657c693a313439313033353630303b69735f6c6f676765645f696e7c623a303b),
('1cf5a28ed5c1455d0fda481f6f4e92994250af73', '64.79.100.31', 1491081669, 0x5f5f63695f6c6173745f726567656e65726174657c693a313439313038313636383b69735f6c6f676765645f696e7c623a303b),
('d2ec509ee62396705227e87b7e49063744943f23', '64.79.100.31', 1491081670, 0x5f5f63695f6c6173745f726567656e65726174657c693a313439313038313637303b69735f6c6f676765645f696e7c623a303b),
('f7985650d498f87823ac950ac03c3f21364d4a89', '64.79.100.31', 1491081670, 0x5f5f63695f6c6173745f726567656e65726174657c693a313439313038313637303b69735f6c6f676765645f696e7c623a303b),
('62a9f74b911143f67f82a77422039744e7fe2901', '64.79.100.31', 1491081671, 0x5f5f63695f6c6173745f726567656e65726174657c693a313439313038313637313b69735f6c6f676765645f696e7c623a303b),
('41c9db0d5556d5982740f895e1dab564a9d98ad7', '64.79.100.38', 1491134086, 0x5f5f63695f6c6173745f726567656e65726174657c693a313439313133343038363b69735f6c6f676765645f696e7c623a303b),
('e945806ebb865193fb4b6b0f6991589de267e154', '64.79.100.38', 1491134087, 0x5f5f63695f6c6173745f726567656e65726174657c693a313439313133343038373b69735f6c6f676765645f696e7c623a303b),
('0e46b8bba9105bee4134782cd9a5face79f50f3b', '64.79.100.38', 1491134088, 0x5f5f63695f6c6173745f726567656e65726174657c693a313439313133343038383b69735f6c6f676765645f696e7c623a303b),
('40e4cd50df2427ae3c914bd4e33f4d8f48e9c732', '64.79.100.38', 1491134088, 0x5f5f63695f6c6173745f726567656e65726174657c693a313439313133343038383b69735f6c6f676765645f696e7c623a303b),
('421c508d10cca7e152a111f48d8078c3760a905d', '79.134.218.13', 1491138438, 0x5f5f63695f6c6173745f726567656e65726174657c693a313439313133383433383b69735f6c6f676765645f696e7c623a303b),
('b09b270f8efaedc62e5467d20bf9402beaba4f81', '136.243.36.164', 1491142738, 0x5f5f63695f6c6173745f726567656e65726174657c693a313439313134323733373b69735f6c6f676765645f696e7c623a303b),
('c0b83bbc65454b824a6ccbc151ac2a5e210084e3', '51.140.113.107', 1491163026, 0x5f5f63695f6c6173745f726567656e65726174657c693a313439313136333032363b69735f6c6f676765645f696e7c623a303b),
('cf11b73fac78bb67c9bb983c37fc3eb3cfd02d7b', '51.140.113.107', 1491163026, 0x5f5f63695f6c6173745f726567656e65726174657c693a313439313136333032363b69735f6c6f676765645f696e7c623a303b),
('99adfa818e08876e7174b8da7e87d461aa871a91', '64.79.100.12', 1491233705, 0x5f5f63695f6c6173745f726567656e65726174657c693a313439313233333730353b69735f6c6f676765645f696e7c623a303b),
('2bad6b015dbc8f4561b93e756ac95580f425fe4b', '64.79.100.12', 1491233706, 0x5f5f63695f6c6173745f726567656e65726174657c693a313439313233333730363b69735f6c6f676765645f696e7c623a303b),
('a8935d91aec55a61db61c5dd05591530a5dd0ee7', '64.79.100.12', 1491233707, 0x5f5f63695f6c6173745f726567656e65726174657c693a313439313233333730373b69735f6c6f676765645f696e7c623a303b),
('9317eb6316ff2bf34d914d6b42841f01f211657f', '64.79.100.12', 1491233707, 0x5f5f63695f6c6173745f726567656e65726174657c693a313439313233333730373b69735f6c6f676765645f696e7c623a303b),
('182e0fac21286380dce6faa712909fe813d15cd0', '40.77.167.121', 1491249147, 0x5f5f63695f6c6173745f726567656e65726174657c693a313439313234393134373b69735f6c6f676765645f696e7c623a303b),
('583cfebc19b455197b4d19a63f8ff24145823b18', '40.77.167.121', 1491249161, 0x5f5f63695f6c6173745f726567656e65726174657c693a313439313234393136313b69735f6c6f676765645f696e7c623a303b),
('c4d6a3e212bacd93a98281b1edb3e5da8e983af1', '64.79.100.34', 1491304531, 0x5f5f63695f6c6173745f726567656e65726174657c693a313439313330343533303b69735f6c6f676765645f696e7c623a303b),
('10145bd634937ad19eed333f4e6c711e282d8b6b', '64.79.100.34', 1491304531, 0x5f5f63695f6c6173745f726567656e65726174657c693a313439313330343533313b69735f6c6f676765645f696e7c623a303b),
('121bfc3ab9d6270da84c94db0cbce8e4f5f369b7', '64.79.100.34', 1491304532, 0x5f5f63695f6c6173745f726567656e65726174657c693a313439313330343533323b69735f6c6f676765645f696e7c623a303b),
('1b14cdb454038782c39da7ffa2092a8348dccb70', '64.79.100.34', 1491304533, 0x5f5f63695f6c6173745f726567656e65726174657c693a313439313330343533333b69735f6c6f676765645f696e7c623a303b),
('f0ccec2bdf84f8afe1987c98c613de269a090c76', '88.99.62.7', 1491318553, 0x5f5f63695f6c6173745f726567656e65726174657c693a313439313331383535333b69735f6c6f676765645f696e7c623a303b),
('d123e74029ff8fa1d0134f1d35763324f80d6230', '38.100.21.62', 1491327929, 0x5f5f63695f6c6173745f726567656e65726174657c693a313439313332373932393b69735f6c6f676765645f696e7c623a303b),
('295493360bcf27639bca004f8c285943f1afa7d1', '136.243.36.164', 1491382921, 0x5f5f63695f6c6173745f726567656e65726174657c693a313439313338323932313b69735f6c6f676765645f696e7c623a303b),
('3f17070fa13a4e7fe708e562d4a9daa74363784f', '64.79.100.32', 1491384260, 0x5f5f63695f6c6173745f726567656e65726174657c693a313439313338343235393b69735f6c6f676765645f696e7c623a303b),
('8d89fd213f9d32ef98e9e104902b8b642b43e804', '64.79.100.32', 1491384260, 0x5f5f63695f6c6173745f726567656e65726174657c693a313439313338343236303b69735f6c6f676765645f696e7c623a303b),
('ef9cb91a8f3fa9122a5fecce6ceacd278d80a0de', '64.79.100.32', 1491384261, 0x5f5f63695f6c6173745f726567656e65726174657c693a313439313338343236313b69735f6c6f676765645f696e7c623a303b),
('8ec9c22854b75e10a83778a992da754b7d6f0d8c', '64.79.100.32', 1491384261, 0x5f5f63695f6c6173745f726567656e65726174657c693a313439313338343236313b69735f6c6f676765645f696e7c623a303b),
('40e5bff8de4a01dcab1054290de95be4111d9587', '62.210.245.158', 1491429473, 0x5f5f63695f6c6173745f726567656e65726174657c693a313439313432393437333b69735f6c6f676765645f696e7c623a303b),
('85b7106e79851e706b575aad8d8fffd015733f75', '92.222.69.25', 1491429474, 0x5f5f63695f6c6173745f726567656e65726174657c693a313439313432393437343b69735f6c6f676765645f696e7c623a303b),
('3abc4368a3b664e4a02ba5844046ded4eccf1d11', '64.79.100.14', 1491473738, 0x5f5f63695f6c6173745f726567656e65726174657c693a313439313437333733383b69735f6c6f676765645f696e7c623a303b),
('26d42603e0f3e6335ca3f2aa17547d040a045672', '64.79.100.14', 1491473739, 0x5f5f63695f6c6173745f726567656e65726174657c693a313439313437333733393b69735f6c6f676765645f696e7c623a303b),
('ac4f6aba1e50a794c2fff45ebb3893d84886fecc', '64.79.100.14', 1491473739, 0x5f5f63695f6c6173745f726567656e65726174657c693a313439313437333733393b69735f6c6f676765645f696e7c623a303b),
('3c432c06ba991067cf2bf2b112da33f877c3cd62', '64.79.100.14', 1491473740, 0x5f5f63695f6c6173745f726567656e65726174657c693a313439313437333734303b69735f6c6f676765645f696e7c623a303b),
('f2c8be3a585af1af02574b6c17b757301f9d7a0d', '136.243.10.15', 1491543058, 0x5f5f63695f6c6173745f726567656e65726174657c693a313439313534333035373b69735f6c6f676765645f696e7c623a303b),
('e92d81b428448fcfb10d1922cb1799715afcf001', '64.79.100.42', 1491573808, 0x5f5f63695f6c6173745f726567656e65726174657c693a313439313537333830383b69735f6c6f676765645f696e7c623a303b),
('8785c2ae8541598d1fccba071d277c36ea0df4ed', '64.79.100.42', 1491573809, 0x5f5f63695f6c6173745f726567656e65726174657c693a313439313537333830393b69735f6c6f676765645f696e7c623a303b),
('a74f3763a3e80bdd46d5d6126638b2a7a7f768bb', '64.79.100.42', 1491573810, 0x5f5f63695f6c6173745f726567656e65726174657c693a313439313537333831303b69735f6c6f676765645f696e7c623a303b),
('26b11283f06fc982dd37ca84230f52337f5b9f26', '64.79.100.42', 1491573810, 0x5f5f63695f6c6173745f726567656e65726174657c693a313439313537333831303b69735f6c6f676765645f696e7c623a303b),
('32102c84d2630adf72798b1d1a0cb39f91dc464e', '207.46.13.139', 1491576863, 0x5f5f63695f6c6173745f726567656e65726174657c693a313439313537363836333b69735f6c6f676765645f696e7c623a303b),
('f3c483fb31d63e00ebd520d90f6d41c0910dba12', '207.46.13.139', 1491576864, 0x5f5f63695f6c6173745f726567656e65726174657c693a313439313537363836343b69735f6c6f676765645f696e7c623a303b),
('872c82a4729855ffa39de9ceac84b2f7ea14918f', '193.70.14.60', 1491613422, 0x5f5f63695f6c6173745f726567656e65726174657c693a313439313631333432323b69735f6c6f676765645f696e7c623a303b),
('a03e991aa36f5246360a63073f39a1389dfe57ee', '193.70.14.60', 1491613422, 0x5f5f63695f6c6173745f726567656e65726174657c693a313439313631333432323b69735f6c6f676765645f696e7c623a303b),
('64669c382534029a49a1e44e594c00144f9dc4f0', '104.192.74.14', 1491662027, 0x5f5f63695f6c6173745f726567656e65726174657c693a313439313636323032373b69735f6c6f676765645f696e7c623a303b),
('a8905292aa525564b4565d144dc66c7bb01fd054', '104.192.74.14', 1491662028, 0x5f5f63695f6c6173745f726567656e65726174657c693a313439313636323032383b69735f6c6f676765645f696e7c623a303b),
('c6e22d105ce63d712743ef80268a9f769d7280d4', '104.192.74.14', 1491662028, 0x5f5f63695f6c6173745f726567656e65726174657c693a313439313636323032383b69735f6c6f676765645f696e7c623a303b),
('d0ba6cbe84af2ee9e900fccab47446906331a2b1', '104.192.74.14', 1491662029, 0x5f5f63695f6c6173745f726567656e65726174657c693a313439313636323032393b69735f6c6f676765645f696e7c623a303b),
('dfb61abda7b720c75bc2b0987fd66054f1e3f6cf', '104.192.74.22', 1491740230, 0x5f5f63695f6c6173745f726567656e65726174657c693a313439313734303233303b69735f6c6f676765645f696e7c623a303b),
('155013399b3cee79a0a672aaa2819d8aa9bc2c2b', '104.192.74.22', 1491740231, 0x5f5f63695f6c6173745f726567656e65726174657c693a313439313734303233313b69735f6c6f676765645f696e7c623a303b),
('b4b335004fe5fcfc4911437cfdf45adc89440f02', '104.192.74.22', 1491740232, 0x5f5f63695f6c6173745f726567656e65726174657c693a313439313734303233323b69735f6c6f676765645f696e7c623a303b),
('5dff716534e06c41f1d18a45cc2213aee6a24105', '104.192.74.22', 1491740232, 0x5f5f63695f6c6173745f726567656e65726174657c693a313439313734303233323b69735f6c6f676765645f696e7c623a303b),
('33cfbb4f4bb23189db5e9b96459dbfad4e0e4344', '157.55.39.136', 1491748529, 0x5f5f63695f6c6173745f726567656e65726174657c693a313439313734383532393b69735f6c6f676765645f696e7c623a303b),
('2802ff698fc5ca2dead9150dfd26bbd249caf41c', '157.55.39.136', 1491748754, 0x5f5f63695f6c6173745f726567656e65726174657c693a313439313734383735343b69735f6c6f676765645f696e7c623a303b),
('85a1d52b2bdda9e3db6b3ef1aa79dac3aad3768e', '173.208.141.74', 1491751612, 0x5f5f63695f6c6173745f726567656e65726174657c693a313439313735313631323b69735f6c6f676765645f696e7c623a303b),
('df6593b8c67258d9d43f1651630721bd0d20dd51', '157.55.39.136', 1491753298, 0x5f5f63695f6c6173745f726567656e65726174657c693a313439313735333239383b69735f6c6f676765645f696e7c623a303b),
('9b27905805fe0b6940f87b83846edfe3ca64d140', '157.55.39.136', 1491753303, 0x5f5f63695f6c6173745f726567656e65726174657c693a313439313735333330333b69735f6c6f676765645f696e7c623a303b),
('88510a77891a94652d57e44794a07596271734c4', '167.114.172.224', 1491756019, 0x5f5f63695f6c6173745f726567656e65726174657c693a313439313735363031393b69735f6c6f676765645f696e7c623a303b),
('7e2baff4940c15a25590c0dcbf887fd494c726af', '167.114.172.224', 1491756029, 0x5f5f63695f6c6173745f726567656e65726174657c693a313439313735363032303b69735f6c6f676765645f696e7c623a303b),
('5d9273dc45c94d36b3b585f9d5710739719dfe77', '167.114.172.224', 1491756030, 0x5f5f63695f6c6173745f726567656e65726174657c693a313439313735363033303b69735f6c6f676765645f696e7c623a303b),
('4b4c63879381639755562cec99b81bb3175b1685', '64.79.100.15', 1491822068, 0x5f5f63695f6c6173745f726567656e65726174657c693a313439313832323036373b69735f6c6f676765645f696e7c623a303b),
('6491f213f7a358702320830bc712c0c0b135b0cb', '64.79.100.15', 1491822068, 0x5f5f63695f6c6173745f726567656e65726174657c693a313439313832323036383b69735f6c6f676765645f696e7c623a303b),
('a2ffafe6f7ab54671721d5d680b0518327a7ec9f', '64.79.100.15', 1491822069, 0x5f5f63695f6c6173745f726567656e65726174657c693a313439313832323036393b69735f6c6f676765645f696e7c623a303b),
('dc9066a0b366e58c519486be58cfdb71a1166568', '64.79.100.15', 1491822069, 0x5f5f63695f6c6173745f726567656e65726174657c693a313439313832323036393b69735f6c6f676765645f696e7c623a303b),
('9dd4e4860dea1cc74d40e928b7a26139626ca9d9', '138.197.41.165', 1491824006, 0x5f5f63695f6c6173745f726567656e65726174657c693a313439313832343030363b69735f6c6f676765645f696e7c623a303b),
('ef6b907e3d461370c8d7ebc90dfb416113c862b0', '167.114.233.118', 1491826626, 0x5f5f63695f6c6173745f726567656e65726174657c693a313439313832363632363b69735f6c6f676765645f696e7c623a303b),
('ee72f030ef10d475e7aa0cae7f59e67cd4dd6291', '167.114.233.118', 1491826627, 0x5f5f63695f6c6173745f726567656e65726174657c693a313439313832363632373b69735f6c6f676765645f696e7c623a303b),
('9d0a7b7b92fe4dc3912dbc5f83f95732d3b9a9c9', '138.197.86.219', 1491829599, 0x5f5f63695f6c6173745f726567656e65726174657c693a313439313832393539393b69735f6c6f676765645f696e7c623a303b),
('c68f3cb13b4dda7629959b60aa1ba50342ee6aac', '104.236.2.219', 1491835385, 0x5f5f63695f6c6173745f726567656e65726174657c693a313439313833353338353b69735f6c6f676765645f696e7c623a303b),
('65095a8638c0ee21bbe54feb78bed5fa762ac316', '45.55.189.249', 1491841151, 0x5f5f63695f6c6173745f726567656e65726174657c693a313439313834313135313b69735f6c6f676765645f696e7c623a303b),
('85894147a128d2e4ca5ba5a5072c261f86281e2e', '139.59.166.0', 1491847633, 0x5f5f63695f6c6173745f726567656e65726174657c693a313439313834373633333b69735f6c6f676765645f696e7c623a303b),
('0dd230f15e5015a989c6c609c6cc4e53f65723bb', '64.79.100.42', 1491888990, 0x5f5f63695f6c6173745f726567656e65726174657c693a313439313838383939303b69735f6c6f676765645f696e7c623a303b),
('9f33f841f7b4108f57514c35d8f1302da785d2ab', '64.79.100.42', 1491888991, 0x5f5f63695f6c6173745f726567656e65726174657c693a313439313838383939313b69735f6c6f676765645f696e7c623a303b),
('7b74fb422855ec0ba3affb8af75443aa7e5160d7', '64.79.100.42', 1491888991, 0x5f5f63695f6c6173745f726567656e65726174657c693a313439313838383939313b69735f6c6f676765645f696e7c623a303b),
('26f83770acd95457e0bc9c6a5d7c2d7874294193', '64.79.100.42', 1491888992, 0x5f5f63695f6c6173745f726567656e65726174657c693a313439313838383939323b69735f6c6f676765645f696e7c623a303b);
INSERT INTO `ci_sessions` (`id`, `ip_address`, `timestamp`, `data`) VALUES
('83111caebfe81e7a31755180c5fc4899d3a16e88', '139.59.170.237', 1491889116, 0x5f5f63695f6c6173745f726567656e65726174657c693a313439313838393131363b69735f6c6f676765645f696e7c623a303b),
('3c95138a230693e6f5540cdad905f65935155538', '138.201.220.226', 1491897193, 0x5f5f63695f6c6173745f726567656e65726174657c693a313439313839373139333b69735f6c6f676765645f696e7c623a303b),
('f14eab60eb6703f17697befe0f80536b941a7381', '79.134.218.13', 1491927784, 0x5f5f63695f6c6173745f726567656e65726174657c693a313439313932373738343b69735f6c6f676765645f696e7c623a303b),
('cca5160eef9677c946d5f438e102d9a581beaa0a', '104.198.7.244', 1491957985, 0x5f5f63695f6c6173745f726567656e65726174657c693a313439313935373938343b69735f6c6f676765645f696e7c623a303b),
('9bb2f32dc607abd5fa9eb2788e67f17e8f47592b', '85.159.214.11', 1491975291, 0x5f5f63695f6c6173745f726567656e65726174657c693a313439313937353239313b69735f6c6f676765645f696e7c623a303b),
('9bf10a859c38812332f0088497f42713505585e4', '104.192.74.38', 1491992602, 0x5f5f63695f6c6173745f726567656e65726174657c693a313439313939323630313b69735f6c6f676765645f696e7c623a303b),
('f4650a8caea0846e0deaa6955b4b7b225637d71b', '104.192.74.38', 1491992602, 0x5f5f63695f6c6173745f726567656e65726174657c693a313439313939323630323b69735f6c6f676765645f696e7c623a303b),
('a02524a39bb6b8d27509ffa994b22921d0a0deef', '104.192.74.38', 1491992603, 0x5f5f63695f6c6173745f726567656e65726174657c693a313439313939323630333b69735f6c6f676765645f696e7c623a303b),
('5a1d29123ed9bb63859d043e5779163661958c53', '104.192.74.38', 1491992603, 0x5f5f63695f6c6173745f726567656e65726174657c693a313439313939323630333b69735f6c6f676765645f696e7c623a303b),
('fe3811bb0b1181034f06fa79b8ab8e18295a131d', '64.246.165.190', 1492001168, 0x5f5f63695f6c6173745f726567656e65726174657c693a313439323030313136383b69735f6c6f676765645f696e7c623a303b),
('16b791c64da6c1823f7f0e8b6348e6d62b0e6bca', '64.246.165.190', 1492001168, 0x5f5f63695f6c6173745f726567656e65726174657c693a313439323030313136383b69735f6c6f676765645f696e7c623a303b),
('e0fc62dd8930ac54e4e5d6fd2db18fe3f96b4354', '46.183.221.137', 1492017606, 0x5f5f63695f6c6173745f726567656e65726174657c693a313439323031373630363b69735f6c6f676765645f696e7c623a303b),
('6f2307d813d44021e885ee33be5798776363b587', '46.183.221.137', 1492017607, 0x5f5f63695f6c6173745f726567656e65726174657c693a313439323031373630373b69735f6c6f676765645f696e7c623a303b),
('b581321028ae894d18223b1e962e1c7ed5c2a756', '174.138.76.246', 1492019366, 0x5f5f63695f6c6173745f726567656e65726174657c693a313439323031393336363b69735f6c6f676765645f696e7c623a303b),
('aa61fb0943883e1849b0f37be9821c29a811254e', '174.138.76.246', 1492019369, 0x5f5f63695f6c6173745f726567656e65726174657c693a313439323031393336393b69735f6c6f676765645f696e7c623a303b),
('1a43dd8f52215586fc612c8adf93730b438be144', '85.248.227.164', 1492027860, 0x5f5f63695f6c6173745f726567656e65726174657c693a313439323032373836303b69735f6c6f676765645f696e7c623a303b),
('c24cbb1650cdbede1c84b8d96952bb755a95af6c', '139.59.166.3', 1492061087, 0x5f5f63695f6c6173745f726567656e65726174657c693a313439323036313038373b69735f6c6f676765645f696e7c623a303b),
('8dadb54f3e37f1c8a69cecdc136ff181ee01a2dc', '144.76.114.78', 1492063189, 0x5f5f63695f6c6173745f726567656e65726174657c693a313439323036333138393b69735f6c6f676765645f696e7c623a303b),
('a5b630d2582f37e533cc86a1327da80f3861d68f', '192.36.27.6', 1492077402, 0x5f5f63695f6c6173745f726567656e65726174657c693a313439323037373430323b69735f6c6f676765645f696e7c623a303b),
('bfbc2fa25ad5a9767267efe10837455cfbbcdfb3', '192.36.27.6', 1492077402, 0x5f5f63695f6c6173745f726567656e65726174657c693a313439323037373430323b69735f6c6f676765645f696e7c623a303b),
('376b08b71e049fcd6244578fa5ae618b1f1b6a74', '85.248.227.164', 1492077403, 0x5f5f63695f6c6173745f726567656e65726174657c693a313439323037373430333b69735f6c6f676765645f696e7c623a303b),
('9dfe557ba2caf44cd8112c0e2cecfaee15eaa1f9', '85.248.227.164', 1492077403, 0x5f5f63695f6c6173745f726567656e65726174657c693a313439323037373430333b69735f6c6f676765645f696e7c623a303b),
('aaf2adeee2325abaa0805d157d0eaa540bca9e12', '104.192.74.23', 1492106282, 0x5f5f63695f6c6173745f726567656e65726174657c693a313439323130363238323b69735f6c6f676765645f696e7c623a303b),
('0afd2300ddf0f1e2c6849aecb130248e2bd08e4c', '104.192.74.23', 1492106283, 0x5f5f63695f6c6173745f726567656e65726174657c693a313439323130363238333b69735f6c6f676765645f696e7c623a303b),
('e8c61e0af277a0653d4c0f26f35458f62b8e5352', '104.192.74.23', 1492106283, 0x5f5f63695f6c6173745f726567656e65726174657c693a313439323130363238333b69735f6c6f676765645f696e7c623a303b),
('437784db9ecbaa9531f569ae3e37c66474c0dc0e', '104.192.74.23', 1492106284, 0x5f5f63695f6c6173745f726567656e65726174657c693a313439323130363238343b69735f6c6f676765645f696e7c623a303b),
('b9a74584dc8544c738fb42979e5576f0880c0f26', '88.202.190.99', 1492148266, 0x5f5f63695f6c6173745f726567656e65726174657c693a313439323134383236353b69735f6c6f676765645f696e7c623a303b),
('765bae5866b9ee42d73a954f5f2df1115011dd48', '184.164.146.19', 1492149639, 0x5f5f63695f6c6173745f726567656e65726174657c693a313439323134393633383b69735f6c6f676765645f696e7c623a303b),
('5f39488fd3ad38917c03298389b1ebc1ec7419cc', '64.79.100.34', 1492152983, 0x5f5f63695f6c6173745f726567656e65726174657c693a313439323135323938323b69735f6c6f676765645f696e7c623a303b),
('e98907757aa33a391bff5d4419f2f7026a684bf1', '64.79.100.34', 1492152983, 0x5f5f63695f6c6173745f726567656e65726174657c693a313439323135323938333b69735f6c6f676765645f696e7c623a303b),
('64411ae49885a8d2c73c0f1522afdd0782338232', '64.79.100.34', 1492152984, 0x5f5f63695f6c6173745f726567656e65726174657c693a313439323135323938343b69735f6c6f676765645f696e7c623a303b),
('53409eb77197d6b3a8914ba609c9661ad27d4ecb', '64.79.100.34', 1492152985, 0x5f5f63695f6c6173745f726567656e65726174657c693a313439323135323938353b69735f6c6f676765645f696e7c623a303b),
('da5c7eb41edb0fa40bd4b7a473d353b11cf52faa', '176.126.252.12', 1492178547, 0x5f5f63695f6c6173745f726567656e65726174657c693a313439323137383534373b69735f6c6f676765645f696e7c623a303b),
('f27162bf8d10f793020549f07bc3252773970876', '176.126.252.12', 1492178551, 0x5f5f63695f6c6173745f726567656e65726174657c693a313439323137383535313b69735f6c6f676765645f696e7c623a303b),
('86e3add2e45cea92c88dcbd301c933ee95e84e98', '133.130.115.41', 1492220699, 0x5f5f63695f6c6173745f726567656e65726174657c693a313439323232303639393b69735f6c6f676765645f696e7c623a303b),
('bd7ae62e5ba0e705b8a967ec581803df2c16028b', '139.59.170.226', 1492234431, 0x5f5f63695f6c6173745f726567656e65726174657c693a313439323233343433313b69735f6c6f676765645f696e7c623a303b),
('8826323f9d41618f352d7aa3ad69a7a6b9b961cc', '64.79.100.37', 1492239798, 0x5f5f63695f6c6173745f726567656e65726174657c693a313439323233393739383b69735f6c6f676765645f696e7c623a303b),
('5e4e45f57fa648caf8aeb0643a9820a1befbd532', '64.79.100.37', 1492239799, 0x5f5f63695f6c6173745f726567656e65726174657c693a313439323233393739393b69735f6c6f676765645f696e7c623a303b),
('0e250fc7002236c7f4a004a517dbef14aafaa465', '64.79.100.37', 1492239800, 0x5f5f63695f6c6173745f726567656e65726174657c693a313439323233393830303b69735f6c6f676765645f696e7c623a303b),
('06634315f908700b9be187148e6535cda8d814d2', '64.79.100.37', 1492239800, 0x5f5f63695f6c6173745f726567656e65726174657c693a313439323233393830303b69735f6c6f676765645f696e7c623a303b),
('728e3bd402ee39ca5d732cc61f6cd94c891e3efd', '104.131.94.122', 1492246820, 0x5f5f63695f6c6173745f726567656e65726174657c693a313439323234363832303b69735f6c6f676765645f696e7c623a303b),
('447b39222a5b315a484822af252d60f73af25b7d', '188.226.129.55', 1492265579, 0x5f5f63695f6c6173745f726567656e65726174657c693a313439323236353537393b69735f6c6f676765645f696e7c623a303b),
('f03dfa79220200686e2c7ab382331514b0445d8d', '65.19.167.134', 1492273558, 0x5f5f63695f6c6173745f726567656e65726174657c693a313439323237333535383b69735f6c6f676765645f696e7c623a303b),
('e28ae360a3640cb7aa41555d6a1644200eb07b04', '65.19.167.134', 1492273558, 0x5f5f63695f6c6173745f726567656e65726174657c693a313439323237333535383b69735f6c6f676765645f696e7c623a303b),
('72f8b9807f04296a520ded79779f5ff6253b7ac2', '144.76.173.41', 1492299590, 0x5f5f63695f6c6173745f726567656e65726174657c693a313439323239393539303b69735f6c6f676765645f696e7c623a303b),
('94b2105a27a32f5c3c053464b9d0de476f13e190', '85.159.214.11', 1492323639, 0x5f5f63695f6c6173745f726567656e65726174657c693a313439323332333633393b69735f6c6f676765645f696e7c623a303b),
('652eb6435426ac6ab579c7e6e6365647074d72d9', '64.79.100.34', 1492327399, 0x5f5f63695f6c6173745f726567656e65726174657c693a313439323332373339393b69735f6c6f676765645f696e7c623a303b),
('208359b1de7161a9eb2ffa8cb04be8d7988f467b', '64.79.100.34', 1492327400, 0x5f5f63695f6c6173745f726567656e65726174657c693a313439323332373430303b69735f6c6f676765645f696e7c623a303b),
('27b0b0d23f0c9a4fa56968876cd3e249e5359af8', '64.79.100.34', 1492327400, 0x5f5f63695f6c6173745f726567656e65726174657c693a313439323332373430303b69735f6c6f676765645f696e7c623a303b),
('d85aa6c3c5dbbcf4ce294f0155293b3e0d5dbc29', '64.79.100.34', 1492327401, 0x5f5f63695f6c6173745f726567656e65726174657c693a313439323332373430313b69735f6c6f676765645f696e7c623a303b),
('e7f36f3bee5e01ede1a2f208324643bcd4d03778', '89.248.172.48', 1492334863, 0x5f5f63695f6c6173745f726567656e65726174657c693a313439323333343836333b69735f6c6f676765645f696e7c623a303b),
('bdf823ab8e093c1b6186086029ddae0fc59ed855', '139.59.170.183', 1492409046, 0x5f5f63695f6c6173745f726567656e65726174657c693a313439323430393034363b69735f6c6f676765645f696e7c623a303b),
('87f0d650f9e1e81c4ebf748d2cf58844b931c564', '104.192.74.35', 1492430695, 0x5f5f63695f6c6173745f726567656e65726174657c693a313439323433303639343b69735f6c6f676765645f696e7c623a303b),
('252ce97170374f180c58886d286504cd17113e33', '104.192.74.35', 1492430695, 0x5f5f63695f6c6173745f726567656e65726174657c693a313439323433303639353b69735f6c6f676765645f696e7c623a303b),
('c4ceaf0264575ed6e643393272a47b66838faa61', '104.192.74.35', 1492430696, 0x5f5f63695f6c6173745f726567656e65726174657c693a313439323433303639363b69735f6c6f676765645f696e7c623a303b),
('89deb657647769e787507336aace5c4173640565', '104.192.74.35', 1492430696, 0x5f5f63695f6c6173745f726567656e65726174657c693a313439323433303639363b69735f6c6f676765645f696e7c623a303b),
('54ebf09d93f5c694b180cad1d6e190937bf7cf3e', '69.58.178.59', 1492450129, 0x5f5f63695f6c6173745f726567656e65726174657c693a313439323435303132393b69735f6c6f676765645f696e7c623a303b),
('52a4fbc28ce77e7d9e57a6a5d865f023289685b1', '69.58.178.59', 1492450138, 0x5f5f63695f6c6173745f726567656e65726174657c693a313439323435303133383b69735f6c6f676765645f696e7c623a303b),
('e39d1f0b1153f1d4bdeae4c8d2c46e6b41b283c0', '69.58.178.59', 1492450140, 0x5f5f63695f6c6173745f726567656e65726174657c693a313439323435303134303b69735f6c6f676765645f696e7c623a303b),
('ddc284ca00553d423ce232e72f704651e78b7e0e', '139.59.170.234', 1492493918, 0x5f5f63695f6c6173745f726567656e65726174657c693a313439323439333931373b69735f6c6f676765645f696e7c623a303b),
('4f5aeee35d0b67c74d8ed498b6553dbeab1a5ba9', '157.55.39.175', 1492503666, 0x5f5f63695f6c6173745f726567656e65726174657c693a313439323530333636363b69735f6c6f676765645f696e7c623a303b),
('27532b16973ba9019d58ec79984fabecc7207119', '157.55.39.175', 1492503668, 0x5f5f63695f6c6173745f726567656e65726174657c693a313439323530333636383b69735f6c6f676765645f696e7c623a303b),
('14a53c1d62ce1cc8b968b30e84037b8246e1416f', '104.192.74.41', 1492505303, 0x5f5f63695f6c6173745f726567656e65726174657c693a313439323530353330333b69735f6c6f676765645f696e7c623a303b),
('e5198e2257f982d522c86b88227299ff3137fb21', '104.192.74.41', 1492505304, 0x5f5f63695f6c6173745f726567656e65726174657c693a313439323530353330343b69735f6c6f676765645f696e7c623a303b),
('ada45cb0b5faff75cf43f8df7400283976125941', '104.192.74.41', 1492505305, 0x5f5f63695f6c6173745f726567656e65726174657c693a313439323530353330353b69735f6c6f676765645f696e7c623a303b),
('d8c76ed357c17a192a24732e3bc6f775279262b1', '104.192.74.41', 1492505305, 0x5f5f63695f6c6173745f726567656e65726174657c693a313439323530353330353b69735f6c6f676765645f696e7c623a303b),
('a1a45eadb9c4aaaeaa3eda38c33612aef0abe3d3', '139.59.170.234', 1492543338, 0x5f5f63695f6c6173745f726567656e65726174657c693a313439323534333333373b69735f6c6f676765645f696e7c623a303b),
('f01d2b1b1e79cab9d96ea37c4d3eb4eca0a967d7', '139.59.170.237', 1492581158, 0x5f5f63695f6c6173745f726567656e65726174657c693a313439323538313135383b69735f6c6f676765645f696e7c623a303b),
('5b636970319d9b75315aeb12053777a8dc4e721b', '54.165.77.195', 1492601104, 0x5f5f63695f6c6173745f726567656e65726174657c693a313439323630313130343b69735f6c6f676765645f696e7c623a303b),
('da7239c7355e790e5c2d4d9f39a95505fb3fbaf2', '64.79.100.23', 1492609832, 0x5f5f63695f6c6173745f726567656e65726174657c693a313439323630393832363b69735f6c6f676765645f696e7c623a303b),
('5b725a89c5ee70b9698e6878b1ab608df4d170e2', '64.79.100.23', 1492609832, 0x5f5f63695f6c6173745f726567656e65726174657c693a313439323630393833323b69735f6c6f676765645f696e7c623a303b),
('950b4dd8eb0fd9f1fc30e7a48f7282cb8686dcd4', '64.79.100.23', 1492609836, 0x5f5f63695f6c6173745f726567656e65726174657c693a313439323630393833363b69735f6c6f676765645f696e7c623a303b),
('bee10e0ab0a286cb41557dc71f1dc4e7340dcb6d', '64.79.100.23', 1492609837, 0x5f5f63695f6c6173745f726567656e65726174657c693a313439323630393833373b69735f6c6f676765645f696e7c623a303b),
('6a05c43114f1896b4dc50ef098aed185e3ad96e7', '78.109.23.1', 1492646897, 0x5f5f63695f6c6173745f726567656e65726174657c693a313439323634363839373b69735f6c6f676765645f696e7c623a303b),
('e0766cd86bccf67dae679d772b166c6a2a934778', '207.46.13.58', 1492652121, 0x5f5f63695f6c6173745f726567656e65726174657c693a313439323635323132313b69735f6c6f676765645f696e7c623a303b),
('8ebf32cb6b5604fa91a1a41e36a972e616e423e3', '207.46.13.58', 1492652122, 0x5f5f63695f6c6173745f726567656e65726174657c693a313439323635323132323b69735f6c6f676765645f696e7c623a303b),
('eaee3abc2ba85e54a52dbd59b45206362210c58c', '139.59.170.225', 1492666177, 0x5f5f63695f6c6173745f726567656e65726174657c693a313439323636363137363b69735f6c6f676765645f696e7c623a303b),
('54c6c453ace02f5a6cbe255a81f5fb2d979f9f65', '185.46.87.221', 1492677698, 0x5f5f63695f6c6173745f726567656e65726174657c693a313439323637373639373b69735f6c6f676765645f696e7c623a303b),
('e1d66b5b165e3dcd50e846823e092d85e141a5b5', '185.46.87.221', 1492677698, 0x5f5f63695f6c6173745f726567656e65726174657c693a313439323637373639383b69735f6c6f676765645f696e7c623a303b),
('0d4a4a4b23a3e95f279329aef7ff81d133710de0', '64.79.100.15', 1492691701, 0x5f5f63695f6c6173745f726567656e65726174657c693a313439323639313730313b69735f6c6f676765645f696e7c623a303b),
('f5758ed85b5993b2b41c99c06adb53394d61b958', '64.79.100.15', 1492691702, 0x5f5f63695f6c6173745f726567656e65726174657c693a313439323639313730323b69735f6c6f676765645f696e7c623a303b),
('25fc51e790b926d3713627d7d5be29a2be4e3686', '64.79.100.15', 1492691703, 0x5f5f63695f6c6173745f726567656e65726174657c693a313439323639313730333b69735f6c6f676765645f696e7c623a303b),
('f5d79073ea62b69bb8d2f6a35fc25c7605463684', '64.79.100.15', 1492691703, 0x5f5f63695f6c6173745f726567656e65726174657c693a313439323639313730333b69735f6c6f676765645f696e7c623a303b),
('f0df78e047f4db56a998c699c961187722fd4ad6', '185.127.17.208', 1492753325, 0x5f5f63695f6c6173745f726567656e65726174657c693a313439323735333332353b69735f6c6f676765645f696e7c623a303b),
('1e1e7af01d955306a5caf4e8fce16581be0537d8', '64.79.100.23', 1492770893, 0x5f5f63695f6c6173745f726567656e65726174657c693a313439323737303839323b69735f6c6f676765645f696e7c623a303b),
('fcefa8d94de7d99c5b0d3dc235b36d7d73de8229', '64.79.100.23', 1492770894, 0x5f5f63695f6c6173745f726567656e65726174657c693a313439323737303839343b69735f6c6f676765645f696e7c623a303b),
('4453669902bfbe220910b53475df9fee86215695', '64.79.100.23', 1492770894, 0x5f5f63695f6c6173745f726567656e65726174657c693a313439323737303839343b69735f6c6f676765645f696e7c623a303b),
('ddff2c3f5bb34a25343f8af8ea150e019057b863', '64.79.100.23', 1492770895, 0x5f5f63695f6c6173745f726567656e65726174657c693a313439323737303839353b69735f6c6f676765645f696e7c623a303b),
('aad0651ab9cef0f0d695eee0d16e4fa2b7f0f702', '139.59.170.246', 1492837688, 0x5f5f63695f6c6173745f726567656e65726174657c693a313439323833373638373b69735f6c6f676765645f696e7c623a303b),
('9eca3af7e9996636b083b68732f6d05dcb073a0b', '104.192.74.16', 1492867648, 0x5f5f63695f6c6173745f726567656e65726174657c693a313439323836373634373b69735f6c6f676765645f696e7c623a303b),
('f6c288ee05ff5202d26e9e348274502797a2af90', '104.192.74.16', 1492867648, 0x5f5f63695f6c6173745f726567656e65726174657c693a313439323836373634383b69735f6c6f676765645f696e7c623a303b),
('ff2c204effc32e643149fc1391e071d70d8f53a2', '104.192.74.16', 1492867649, 0x5f5f63695f6c6173745f726567656e65726174657c693a313439323836373634393b69735f6c6f676765645f696e7c623a303b),
('57116950acb706135e1248a6951a24276db72e23', '104.192.74.16', 1492867649, 0x5f5f63695f6c6173745f726567656e65726174657c693a313439323836373634393b69735f6c6f676765645f696e7c623a303b),
('bd7ddd97c6028aebc21041938f0a91c87afe81bc', '40.77.167.50', 1492873018, 0x5f5f63695f6c6173745f726567656e65726174657c693a313439323837333031383b69735f6c6f676765645f696e7c623a303b),
('a25b70772de3a6f78b89c11125079919a4851235', '40.77.167.50', 1492873022, 0x5f5f63695f6c6173745f726567656e65726174657c693a313439323837333032323b69735f6c6f676765645f696e7c623a303b),
('6c2b9d3914c3dba9af953629c058b0b549bf0647', '139.59.170.240', 1492924158, 0x5f5f63695f6c6173745f726567656e65726174657c693a313439323932343135373b69735f6c6f676765645f696e7c623a303b),
('6539366d3b1a2bea28b42567f10a9a018260a79d', '64.79.100.39', 1492956869, 0x5f5f63695f6c6173745f726567656e65726174657c693a313439323935363836383b69735f6c6f676765645f696e7c623a303b),
('b7aa9efdfc0edff2e8cd45ab388638f73b844d95', '64.79.100.39', 1492956869, 0x5f5f63695f6c6173745f726567656e65726174657c693a313439323935363836393b69735f6c6f676765645f696e7c623a303b),
('de7f8cf8bfeb0842e7b2827b02e0b5525fab79c0', '64.79.100.39', 1492956870, 0x5f5f63695f6c6173745f726567656e65726174657c693a313439323935363837303b69735f6c6f676765645f696e7c623a303b),
('f363d1bfce2ead60d800e2487452bce5c3cf24af', '64.79.100.39', 1492956871, 0x5f5f63695f6c6173745f726567656e65726174657c693a313439323935363837313b69735f6c6f676765645f696e7c623a303b),
('0a76a71ecacd706a78ee501db9a5d5437c13285b', '88.202.190.99', 1493010760, 0x5f5f63695f6c6173745f726567656e65726174657c693a313439333031303735393b69735f6c6f676765645f696e7c623a303b),
('557075e00a15725f2904870aa10cceb598704aa5', '104.192.74.32', 1493047187, 0x5f5f63695f6c6173745f726567656e65726174657c693a313439333034373138363b69735f6c6f676765645f696e7c623a303b),
('7f403a1a88d0e01cea8f0015ffb95c73cfa87f1f', '104.192.74.32', 1493047187, 0x5f5f63695f6c6173745f726567656e65726174657c693a313439333034373138373b69735f6c6f676765645f696e7c623a303b),
('aa538d2f08af960660511c514d4958b36df0322c', '104.192.74.32', 1493047188, 0x5f5f63695f6c6173745f726567656e65726174657c693a313439333034373138383b69735f6c6f676765645f696e7c623a303b),
('ea9dcb92fb68799ca1e29f0841e0ece4d111d9a7', '104.192.74.32', 1493047189, 0x5f5f63695f6c6173745f726567656e65726174657c693a313439333034373138393b69735f6c6f676765645f696e7c623a303b),
('43f7328d716902f1c12ea8355a557c76e2ee4c39', '167.114.65.240', 1493060249, 0x5f5f63695f6c6173745f726567656e65726174657c693a313439333036303234393b69735f6c6f676765645f696e7c623a303b),
('9bcb4cfc1324c8263e2f3bab6f9b7012b67e3506', '167.114.65.240', 1493060260, 0x5f5f63695f6c6173745f726567656e65726174657c693a313439333036303234393b69735f6c6f676765645f696e7c623a303b),
('37632477edad02e0bcda8ae92b0de933a8377362', '167.114.65.240', 1493060261, 0x5f5f63695f6c6173745f726567656e65726174657c693a313439333036303236313b69735f6c6f676765645f696e7c623a303b),
('c79f1a4084d417f77e4a0900fd5024cd2bb49a5a', '104.238.101.87', 1493104779, 0x5f5f63695f6c6173745f726567656e65726174657c693a313439333130343737393b69735f6c6f676765645f696e7c623a303b),
('687f50922e73aa3886c0f05f0a99509470a2b012', '89.203.248.186', 1493105230, 0x5f5f63695f6c6173745f726567656e65726174657c693a313439333130353233303b69735f6c6f676765645f696e7c623a303b),
('b10c37f57ab7660ac70f7253f1a1b679a9892a2a', '89.203.248.186', 1493105230, 0x5f5f63695f6c6173745f726567656e65726174657c693a313439333130353233303b69735f6c6f676765645f696e7c623a303b),
('52902d54d9bbb14ac4dbbe532cd438e39e42b7df', '89.203.248.186', 1493105231, 0x5f5f63695f6c6173745f726567656e65726174657c693a313439333130353233313b69735f6c6f676765645f696e7c623a303b),
('b0fd2d086c8fa454c80ef409b34eb500df070a7c', '89.203.248.186', 1493105231, 0x5f5f63695f6c6173745f726567656e65726174657c693a313439333130353233313b69735f6c6f676765645f696e7c623a303b),
('c180cf3dfbb80be45f1d2999fccb207057edd278', '89.203.248.186', 1493105237, 0x5f5f63695f6c6173745f726567656e65726174657c693a313439333130353233373b69735f6c6f676765645f696e7c623a303b),
('b8788e317042b05f1e1c4faa0758601b8744f80a', '104.192.74.34', 1493110126, 0x5f5f63695f6c6173745f726567656e65726174657c693a313439333131303132353b69735f6c6f676765645f696e7c623a303b),
('246490ce2c51a21b1219aeecd339ad6ebcdcf7f6', '104.192.74.34', 1493110126, 0x5f5f63695f6c6173745f726567656e65726174657c693a313439333131303132363b69735f6c6f676765645f696e7c623a303b),
('61e02666d9143984e0d10ec6797a7193f2ae0309', '104.192.74.34', 1493110127, 0x5f5f63695f6c6173745f726567656e65726174657c693a313439333131303132373b69735f6c6f676765645f696e7c623a303b),
('706dfdbfb004e70065f7fd86291feecaec390244', '104.192.74.34', 1493110127, 0x5f5f63695f6c6173745f726567656e65726174657c693a313439333131303132373b69735f6c6f676765645f696e7c623a303b),
('eb2ad84f5f92a24bec14b795f10c44e7b0c2ede5', '139.59.170.183', 1493183029, 0x5f5f63695f6c6173745f726567656e65726174657c693a313439333138333032383b69735f6c6f676765645f696e7c623a303b),
('1450037929862712d6d7e44ca1a0f71af18055da', '104.192.74.38', 1493189490, 0x5f5f63695f6c6173745f726567656e65726174657c693a313439333138393438393b69735f6c6f676765645f696e7c623a303b),
('c769edc173afdd6802586278722958a7cd5e0940', '104.192.74.38', 1493189490, 0x5f5f63695f6c6173745f726567656e65726174657c693a313439333138393439303b69735f6c6f676765645f696e7c623a303b),
('fdcaba86d2fbfc703e60681501fafa87e2ed5ac4', '104.192.74.38', 1493189491, 0x5f5f63695f6c6173745f726567656e65726174657c693a313439333138393439313b69735f6c6f676765645f696e7c623a303b),
('fea045123a8c55059f428656fdf91b6c1ce5b0a0', '104.192.74.38', 1493189492, 0x5f5f63695f6c6173745f726567656e65726174657c693a313439333138393439323b69735f6c6f676765645f696e7c623a303b),
('35d23a8b25ebf343ea2625e16037f94dbcc879c1', '54.167.231.191', 1493249075, 0x5f5f63695f6c6173745f726567656e65726174657c693a313439333234393037353b69735f6c6f676765645f696e7c623a303b),
('aaaa8398a41cc3b76725336b21c8657b8b7d0b7f', '54.167.231.191', 1493249078, 0x5f5f63695f6c6173745f726567656e65726174657c693a313439333234393037383b69735f6c6f676765645f696e7c623a303b),
('718f1b51cca59f421805bda04afd665f9fdb5479', '139.59.170.243', 1493268996, 0x5f5f63695f6c6173745f726567656e65726174657c693a313439333236383939363b69735f6c6f676765645f696e7c623a303b),
('8f6eb20d99f71b2cecc9be3a5d9b5417f3bd2979', '104.192.74.20', 1493301447, 0x5f5f63695f6c6173745f726567656e65726174657c693a313439333330313434363b69735f6c6f676765645f696e7c623a303b),
('8285a3aa2a27c3c49c0e08d047eaa1075aff684f', '104.192.74.20', 1493301447, 0x5f5f63695f6c6173745f726567656e65726174657c693a313439333330313434373b69735f6c6f676765645f696e7c623a303b),
('7a2ea685206db61848347c1dcdc640f32cd7429a', '104.192.74.20', 1493301448, 0x5f5f63695f6c6173745f726567656e65726174657c693a313439333330313434383b69735f6c6f676765645f696e7c623a303b),
('d5990a44691fcfffd58bcdd2b0607b13ed318377', '104.192.74.20', 1493301449, 0x5f5f63695f6c6173745f726567656e65726174657c693a313439333330313434393b69735f6c6f676765645f696e7c623a303b),
('8844482612dd3b2f5edbc101a2526e00dbbb75f3', '149.154.157.109', 1493383359, 0x5f5f63695f6c6173745f726567656e65726174657c693a313439333338333335383b69735f6c6f676765645f696e7c623a303b),
('e09bb8286cf7c38e0f340adcb55c823dd406531f', '104.192.74.31', 1493394631, 0x5f5f63695f6c6173745f726567656e65726174657c693a313439333339343633303b69735f6c6f676765645f696e7c623a303b),
('71a6eff084473864131812cb25aee1307f508c3b', '104.192.74.31', 1493394631, 0x5f5f63695f6c6173745f726567656e65726174657c693a313439333339343633313b69735f6c6f676765645f696e7c623a303b),
('822a11305d1aaa63f74a1ac6470d03a0e9077f7b', '104.192.74.31', 1493394632, 0x5f5f63695f6c6173745f726567656e65726174657c693a313439333339343633323b69735f6c6f676765645f696e7c623a303b),
('9122e3fdefb2906101680bd9704632b5b659d3cb', '104.192.74.31', 1493394633, 0x5f5f63695f6c6173745f726567656e65726174657c693a313439333339343633333b69735f6c6f676765645f696e7c623a303b),
('7c4cac025c08df56db64f6a49875dca3c4724ad7', '188.165.206.188', 1493395636, 0x5f5f63695f6c6173745f726567656e65726174657c693a313439333339353633363b69735f6c6f676765645f696e7c623a303b),
('726d97f2943c186faab2ec78091e0f915602bd0f', '188.165.206.188', 1493395636, 0x5f5f63695f6c6173745f726567656e65726174657c693a313439333339353633363b69735f6c6f676765645f696e7c623a303b),
('65ef96e73382858f28331ca9f8e938c7ae7f6677', '188.165.206.188', 1493396443, 0x5f5f63695f6c6173745f726567656e65726174657c693a313439333339363434333b69735f6c6f676765645f696e7c623a303b),
('bd0373c331387e9974720c7f8ac34509296c5c78', '188.165.206.188', 1493396444, 0x5f5f63695f6c6173745f726567656e65726174657c693a313439333339363434343b69735f6c6f676765645f696e7c623a303b),
('4adbcdaf8a52b640d87842159c16a5a4c12eb9ff', '188.165.206.188', 1493396828, 0x5f5f63695f6c6173745f726567656e65726174657c693a313439333339363832383b69735f6c6f676765645f696e7c623a303b),
('65cbfde07f25b9f6a8016766bce1632e48969ee3', '188.165.206.188', 1493396828, 0x5f5f63695f6c6173745f726567656e65726174657c693a313439333339363832383b69735f6c6f676765645f696e7c623a303b),
('4093e9c1ab426d2ce57269500d564f6f0382f515', '188.165.206.188', 1493397250, 0x5f5f63695f6c6173745f726567656e65726174657c693a313439333339373235303b69735f6c6f676765645f696e7c623a303b),
('a6bee5c7ac2306a35af56542ec011edf3eb3c894', '188.165.206.188', 1493397251, 0x5f5f63695f6c6173745f726567656e65726174657c693a313439333339373235313b69735f6c6f676765645f696e7c623a303b),
('eb60479c53e68e4699ad686fa70c9e28286fa67d', '188.165.206.188', 1493397787, 0x5f5f63695f6c6173745f726567656e65726174657c693a313439333339373738373b69735f6c6f676765645f696e7c623a303b),
('8729ce343736ce9838edda41bf66ba975dffaebe', '188.165.206.188', 1493397787, 0x5f5f63695f6c6173745f726567656e65726174657c693a313439333339373738373b69735f6c6f676765645f696e7c623a303b),
('2bae7f66134788c4a80023a5a41b00bb8d5d8c89', '188.165.206.188', 1493399284, 0x5f5f63695f6c6173745f726567656e65726174657c693a313439333339393238343b69735f6c6f676765645f696e7c623a303b),
('df6b121131a72e6b3b4f2ba7ca8fff761c0cc949', '188.165.206.188', 1493399285, 0x5f5f63695f6c6173745f726567656e65726174657c693a313439333339393238353b69735f6c6f676765645f696e7c623a303b),
('2a761430fc2fff074008bf3f04fb19ef658da2f8', '188.165.206.188', 1493410922, 0x5f5f63695f6c6173745f726567656e65726174657c693a313439333431303932323b69735f6c6f676765645f696e7c623a303b),
('62fdd91ba6c3064b71c1c747f7028f3540ac8da8', '188.165.206.188', 1493410922, 0x5f5f63695f6c6173745f726567656e65726174657c693a313439333431303932323b69735f6c6f676765645f696e7c623a303b),
('1ab53dcad152b97c9477977857733a88bd1aadd2', '64.79.100.40', 1493451480, 0x5f5f63695f6c6173745f726567656e65726174657c693a313439333435313438303b69735f6c6f676765645f696e7c623a303b),
('16e8cdc0d4aaa3cb695c94b0249ba1a97d19d1f2', '64.79.100.40', 1493451481, 0x5f5f63695f6c6173745f726567656e65726174657c693a313439333435313438313b69735f6c6f676765645f696e7c623a303b),
('9210932593b2b827196fc446a3264653541d287d', '64.79.100.40', 1493451481, 0x5f5f63695f6c6173745f726567656e65726174657c693a313439333435313438313b69735f6c6f676765645f696e7c623a303b),
('69c16edebc38ff717f889904fd9fd4b74cb410da', '64.79.100.40', 1493451482, 0x5f5f63695f6c6173745f726567656e65726174657c693a313439333435313438323b69735f6c6f676765645f696e7c623a303b),
('437d5235783e1616fefe4f015fdade243e37def2', '185.148.145.158', 1493452568, 0x5f5f63695f6c6173745f726567656e65726174657c693a313439333435323536383b69735f6c6f676765645f696e7c623a303b),
('c436042c0ea94500df0f90c936109e3d4b80ae5c', '185.148.145.158', 1493452569, 0x5f5f63695f6c6173745f726567656e65726174657c693a313439333435323536393b69735f6c6f676765645f696e7c623a303b),
('b0abb4435a176349f30d4c0550bc13d7b1fd8721', '188.165.206.188', 1493455223, 0x5f5f63695f6c6173745f726567656e65726174657c693a313439333435353232333b69735f6c6f676765645f696e7c623a303b),
('693e2e1cc80674f0feca29d2ae3d06ce77c7d620', '188.165.206.188', 1493455223, 0x5f5f63695f6c6173745f726567656e65726174657c693a313439333435353232333b69735f6c6f676765645f696e7c623a303b),
('c860e671e1e9848c8188f070c8b3935dbabfb40f', '188.165.206.188', 1493481337, 0x5f5f63695f6c6173745f726567656e65726174657c693a313439333438313333373b69735f6c6f676765645f696e7c623a303b),
('fc03acafa5a3d3f4a26e6f98699f5ce03de4df9a', '188.165.206.188', 1493481338, 0x5f5f63695f6c6173745f726567656e65726174657c693a313439333438313333383b69735f6c6f676765645f696e7c623a303b),
('8a692410815d3ec9a5067965450717bac7d59fec', '64.246.165.180', 1493487117, 0x5f5f63695f6c6173745f726567656e65726174657c693a313439333438373131373b69735f6c6f676765645f696e7c623a303b),
('7d332a0ab2ce8fac2eab72fbe638a1d7c4bcbd0c', '64.246.165.180', 1493487117, 0x5f5f63695f6c6173745f726567656e65726174657c693a313439333438373131373b69735f6c6f676765645f696e7c623a303b),
('6c9036ea324c4d9fe052981189221c876cbdc40e', '83.217.27.128', 1493489549, 0x5f5f63695f6c6173745f726567656e65726174657c693a313439333438393534383b69735f6c6f676765645f696e7c623a303b),
('d45372660a1b70ca21f27885998552f988f702ac', '51.255.202.66', 1493506742, 0x5f5f63695f6c6173745f726567656e65726174657c693a313439333530363734323b69735f6c6f676765645f696e7c623a303b),
('b50b70745691801b0cb4f7a0c27f23369d108c3a', '109.163.234.9', 1493506744, 0x5f5f63695f6c6173745f726567656e65726174657c693a313439333530363734343b69735f6c6f676765645f696e7c623a303b),
('f1ed9609ea4e4cac27dcc8222a9a0baba73fd13b', '64.79.100.40', 1493562820, 0x5f5f63695f6c6173745f726567656e65726174657c693a313439333536323831393b69735f6c6f676765645f696e7c623a303b),
('969827c32593c2b53cfb01f69349240b58824278', '64.79.100.40', 1493562821, 0x5f5f63695f6c6173745f726567656e65726174657c693a313439333536323832313b69735f6c6f676765645f696e7c623a303b),
('bcab1854af0bb395adab6308449dca4addb58eb7', '64.79.100.40', 1493562821, 0x5f5f63695f6c6173745f726567656e65726174657c693a313439333536323832313b69735f6c6f676765645f696e7c623a303b),
('0b4af58ab75c14f959a2254c32669b367c12e421', '64.79.100.40', 1493562822, 0x5f5f63695f6c6173745f726567656e65726174657c693a313439333536323832323b69735f6c6f676765645f696e7c623a303b),
('3d28000d5ec04315d83e2bf499ae93366e41907d', '91.210.147.197', 1493586993, 0x5f5f63695f6c6173745f726567656e65726174657c693a313439333538363939333b69735f6c6f676765645f696e7c623a303b),
('3987fd1c3ca510aecdf6b2e1b309e65e3dfa5a9e', '91.210.147.197', 1493586993, 0x5f5f63695f6c6173745f726567656e65726174657c693a313439333538363939333b69735f6c6f676765645f696e7c623a303b),
('7b5bf6e0240d2e8e30ab76f6423a61e49491c3d1', '88.202.190.99', 1493616171, 0x5f5f63695f6c6173745f726567656e65726174657c693a313439333631363137313b69735f6c6f676765645f696e7c623a303b),
('2dd17511ef7a11f34abb6e79342d87d0c6e4dc2b', '104.192.74.18', 1493635298, 0x5f5f63695f6c6173745f726567656e65726174657c693a313439333633353239373b69735f6c6f676765645f696e7c623a303b),
('acb6f5412da80622e08bda89d294c3c9c515f408', '104.192.74.18', 1493635298, 0x5f5f63695f6c6173745f726567656e65726174657c693a313439333633353239383b69735f6c6f676765645f696e7c623a303b),
('d85640e31d4e96ea14842a13cd0a52db73e1c0a2', '104.192.74.18', 1493635299, 0x5f5f63695f6c6173745f726567656e65726174657c693a313439333633353239393b69735f6c6f676765645f696e7c623a303b),
('966d5d374b9920525f0bffce5055c4705a844c2d', '104.192.74.18', 1493635300, 0x5f5f63695f6c6173745f726567656e65726174657c693a313439333633353330303b69735f6c6f676765645f696e7c623a303b),
('19b9926167602e2c02be4dc23d7c7f21f7be6fe4', '94.23.75.60', 1493680083, 0x5f5f63695f6c6173745f726567656e65726174657c693a313439333638303038333b69735f6c6f676765645f696e7c623a303b),
('f7cb213fd2bb97e4bca40180dc11a93e4561db57', '94.23.75.60', 1493680084, 0x5f5f63695f6c6173745f726567656e65726174657c693a313439333638303038343b69735f6c6f676765645f696e7c623a303b),
('4d492d004744b05b8f3fc663a9f9e635d4c763e4', '139.59.170.231', 1493702073, 0x5f5f63695f6c6173745f726567656e65726174657c693a313439333730323037333b69735f6c6f676765645f696e7c623a303b),
('a0eef9a89d7dcd1643314b7cdb4b56c5aee2fa38', '64.79.100.34', 1493704954, 0x5f5f63695f6c6173745f726567656e65726174657c693a313439333730343935333b69735f6c6f676765645f696e7c623a303b),
('a8e252564adb3e89924ad567999d3f13b2caad10', '64.79.100.34', 1493704954, 0x5f5f63695f6c6173745f726567656e65726174657c693a313439333730343935343b69735f6c6f676765645f696e7c623a303b),
('417bfa0c5fd008d10667489845c14748adedd0fc', '64.79.100.34', 1493704955, 0x5f5f63695f6c6173745f726567656e65726174657c693a313439333730343935353b69735f6c6f676765645f696e7c623a303b),
('8776cfff68245351b83d12c337457fd78c328ec1', '64.79.100.34', 1493704956, 0x5f5f63695f6c6173745f726567656e65726174657c693a313439333730343935363b69735f6c6f676765645f696e7c623a303b),
('d57384f6d9f3e66c8631db4a0ebe465b364b45c7', '88.202.190.94', 1493788104, 0x5f5f63695f6c6173745f726567656e65726174657c693a313439333738383130343b69735f6c6f676765645f696e7c623a303b),
('25324d2224d6909f11a31bf671a6ff478c967dbc', '149.202.72.198', 1493815516, 0x5f5f63695f6c6173745f726567656e65726174657c693a313439333831353531363b69735f6c6f676765645f696e7c623a303b),
('98ae400e660ad7b4dd59c76c173e911b7955391f', '149.202.72.198', 1493815517, 0x5f5f63695f6c6173745f726567656e65726174657c693a313439333831353531373b69735f6c6f676765645f696e7c623a303b),
('670cb5e77a8175ad139f80ba442b655fe942fa8b', '64.79.100.14', 1493818100, 0x5f5f63695f6c6173745f726567656e65726174657c693a313439333831383039393b69735f6c6f676765645f696e7c623a303b),
('df9bc0f90e8183eba12f54f608d87d34bc503616', '64.79.100.14', 1493818101, 0x5f5f63695f6c6173745f726567656e65726174657c693a313439333831383130313b69735f6c6f676765645f696e7c623a303b),
('a6545e8bf82b4af4ad93291c2468bd792064db25', '64.79.100.14', 1493818101, 0x5f5f63695f6c6173745f726567656e65726174657c693a313439333831383130313b69735f6c6f676765645f696e7c623a303b),
('4d5060a79ad83b6ec650e542268114fc6afd076c', '64.79.100.14', 1493818102, 0x5f5f63695f6c6173745f726567656e65726174657c693a313439333831383130323b69735f6c6f676765645f696e7c623a303b),
('21d76b4abbb70d698881db8c40235016da0c8252', '104.192.74.17', 1493914724, 0x5f5f63695f6c6173745f726567656e65726174657c693a313439333931343732333b69735f6c6f676765645f696e7c623a303b),
('f4d822d4059ce2052c8a3f71d234b5a63124f95d', '104.192.74.17', 1493914724, 0x5f5f63695f6c6173745f726567656e65726174657c693a313439333931343732343b69735f6c6f676765645f696e7c623a303b),
('0bb4af659d08e1f01a78c6b6d59813e8e4e669ab', '104.192.74.17', 1493914725, 0x5f5f63695f6c6173745f726567656e65726174657c693a313439333931343732353b69735f6c6f676765645f696e7c623a303b),
('c8199ea774f8464a4df8874f7417529cad8e0282', '104.192.74.17', 1493914726, 0x5f5f63695f6c6173745f726567656e65726174657c693a313439333931343732363b69735f6c6f676765645f696e7c623a303b),
('43191a096beba9a08c419641c1644cab385f1b83', '38.100.21.78', 1493920255, 0x5f5f63695f6c6173745f726567656e65726174657c693a313439333932303235353b69735f6c6f676765645f696e7c623a303b),
('fa0591bdb4bb3ca07428fbcbf8e3b5e64fba1366', '93.115.95.205', 1493936418, 0x5f5f63695f6c6173745f726567656e65726174657c693a313439333933363431383b69735f6c6f676765645f696e7c623a303b),
('b141cd851188f4b3cd7716f70920dd76161fe1d1', '139.59.170.237', 1493959487, 0x5f5f63695f6c6173745f726567656e65726174657c693a313439333935393438373b69735f6c6f676765645f696e7c623a303b),
('337f0fb76a665dbb14f4dcc6257847985a34b155', '45.55.185.63', 1493989162, 0x5f5f63695f6c6173745f726567656e65726174657c693a313439333938393136323b69735f6c6f676765645f696e7c623a303b),
('44fdc62431a61e9eaa597779ce66dcc7e41f2f53', '45.55.183.85', 1493989265, 0x5f5f63695f6c6173745f726567656e65726174657c693a313439333938393236353b69735f6c6f676765645f696e7c623a303b),
('34970184eb410c27f093c1f9a4b4723ef45ddd4e', '104.192.74.31', 1493989666, 0x5f5f63695f6c6173745f726567656e65726174657c693a313439333938393636363b69735f6c6f676765645f696e7c623a303b),
('b6a6474b4027d3c89012df4753aa8611f3642e25', '104.192.74.31', 1493989667, 0x5f5f63695f6c6173745f726567656e65726174657c693a313439333938393636373b69735f6c6f676765645f696e7c623a303b),
('f0dd15ea46674f55798335f769379c94b750e570', '104.192.74.31', 1493989668, 0x5f5f63695f6c6173745f726567656e65726174657c693a313439333938393636383b69735f6c6f676765645f696e7c623a303b),
('2dc4f1dac561badb68a80b44edb3162455935be9', '104.192.74.31', 1493989668, 0x5f5f63695f6c6173745f726567656e65726174657c693a313439333938393636383b69735f6c6f676765645f696e7c623a303b),
('bb86e2602c8a5ac99af1bff7fe7746510b7841d2', '54.91.113.136', 1493989687, 0x5f5f63695f6c6173745f726567656e65726174657c693a313439333938393638373b69735f6c6f676765645f696e7c623a303b),
('14e4b6bc7f1d81e14c527fad339852a68c256ab6', '45.55.225.228', 1493995113, 0x5f5f63695f6c6173745f726567656e65726174657c693a313439333939353131333b69735f6c6f676765645f696e7c623a303b),
('8624d50f6ab2c884e3f41dcdffa1fc7b854b2afc', '104.236.11.138', 1493995615, 0x5f5f63695f6c6173745f726567656e65726174657c693a313439333939353631353b69735f6c6f676765645f696e7c623a303b),
('1c62443071e0faeb1c004d9eccc03574f979cfec', '157.55.39.17', 1494001078, 0x5f5f63695f6c6173745f726567656e65726174657c693a313439343030313037383b69735f6c6f676765645f696e7c623a303b),
('8cd0f67ac0fe77af5d25e5cdb24636f198f288f5', '157.55.39.17', 1494001079, 0x5f5f63695f6c6173745f726567656e65726174657c693a313439343030313037393b69735f6c6f676765645f696e7c623a303b),
('b565beb3286fd8df9c3f579ebcceeba73276ad80', '94.242.246.24', 1494013831, 0x5f5f63695f6c6173745f726567656e65726174657c693a313439343031333833313b69735f6c6f676765645f696e7c623a303b),
('3db9ab04589552556fc5d8a892c7185e8f94a675', '94.242.246.24', 1494013831, 0x5f5f63695f6c6173745f726567656e65726174657c693a313439343031333833313b69735f6c6f676765645f696e7c623a303b),
('2a08f2e1edf38e333257508576d4d136014c7325', '139.59.170.235', 1494046288, 0x5f5f63695f6c6173745f726567656e65726174657c693a313439343034363238383b69735f6c6f676765645f696e7c623a303b),
('0060fa9c6ee40ce970101aa98fcef1ce187fa488', '64.79.100.12', 1494054557, 0x5f5f63695f6c6173745f726567656e65726174657c693a313439343035343535363b69735f6c6f676765645f696e7c623a303b),
('4be6dce9c1e5ef33d750ee64684c80c422bb5214', '64.79.100.12', 1494054557, 0x5f5f63695f6c6173745f726567656e65726174657c693a313439343035343535373b69735f6c6f676765645f696e7c623a303b),
('ced35aa6d7e3ca26814707dfd4a930bb6269206e', '64.79.100.12', 1494054558, 0x5f5f63695f6c6173745f726567656e65726174657c693a313439343035343535383b69735f6c6f676765645f696e7c623a303b),
('44ba875f1772fe41319ade960b202e3acdd18cdb', '64.79.100.12', 1494054558, 0x5f5f63695f6c6173745f726567656e65726174657c693a313439343035343535383b69735f6c6f676765645f696e7c623a303b),
('be33580785997223242aab34626c9a7e3fde1ece', '139.162.243.165', 1494101276, 0x5f5f63695f6c6173745f726567656e65726174657c693a313439343130313237363b69735f6c6f676765645f696e7c623a303b),
('24c55ddc730565d5a64afaa5e7638882b21bbc94', '139.162.243.165', 1494101277, 0x5f5f63695f6c6173745f726567656e65726174657c693a313439343130313237373b69735f6c6f676765645f696e7c623a303b),
('ccddd8162c6d46e5ac53ff5ee240288297e42b70', '89.248.172.48', 1494127638, 0x5f5f63695f6c6173745f726567656e65726174657c693a313439343132373633383b69735f6c6f676765645f696e7c623a303b),
('f24c50481ae49235f06678eb6fff6c87428c97d3', '108.61.221.15', 1494135042, 0x5f5f63695f6c6173745f726567656e65726174657c693a313439343133353034313b69735f6c6f676765645f696e7c623a303b),
('7cc929b646d3729fb7daf4f3ccbbfe63bcdbf70f', '185.106.104.250', 1494135617, 0x5f5f63695f6c6173745f726567656e65726174657c693a313439343133353631373b69735f6c6f676765645f696e7c623a303b),
('78ccac5813747fc9a066fd48d8abbf261ef1ae98', '185.106.104.250', 1494135618, 0x5f5f63695f6c6173745f726567656e65726174657c693a313439343133353631383b69735f6c6f676765645f696e7c623a303b),
('c51a7517b2d2acb7858438882e27ac19d7ed2605', '104.192.74.14', 1494162624, 0x5f5f63695f6c6173745f726567656e65726174657c693a313439343136323632333b69735f6c6f676765645f696e7c623a303b),
('6f6a36996694a93ca9124266e098cb74374ff0c0', '104.192.74.14', 1494162624, 0x5f5f63695f6c6173745f726567656e65726174657c693a313439343136323632343b69735f6c6f676765645f696e7c623a303b),
('b8b0bc5395f27d38f1943ad2286ed7b9ec309b8e', '104.192.74.14', 1494162625, 0x5f5f63695f6c6173745f726567656e65726174657c693a313439343136323632353b69735f6c6f676765645f696e7c623a303b),
('fdb30e73798ecf820bdae5e7c579f5c8fcaaed00', '104.192.74.14', 1494162626, 0x5f5f63695f6c6173745f726567656e65726174657c693a313439343136323632363b69735f6c6f676765645f696e7c623a303b),
('b8b00b22347426daee24f9fb1417904d7419982f', '86.110.118.142', 1494241473, 0x5f5f63695f6c6173745f726567656e65726174657c693a313439343234313437333b69735f6c6f676765645f696e7c623a303b),
('1c246df14f9939c1b238e2bd91ebdba0eaf634cd', '64.79.100.16', 1494257104, 0x5f5f63695f6c6173745f726567656e65726174657c693a313439343235373130343b69735f6c6f676765645f696e7c623a303b),
('a95d99a5bc7785474e89207c5a7efebbb320bfea', '64.79.100.16', 1494257105, 0x5f5f63695f6c6173745f726567656e65726174657c693a313439343235373130353b69735f6c6f676765645f696e7c623a303b),
('97cdccca65d7d5a2661d12f58d543312a955bacb', '64.79.100.16', 1494257106, 0x5f5f63695f6c6173745f726567656e65726174657c693a313439343235373130363b69735f6c6f676765645f696e7c623a303b),
('4fc8f568ad3e40d47433569dbf5168952a17a370', '64.79.100.16', 1494257106, 0x5f5f63695f6c6173745f726567656e65726174657c693a313439343235373130363b69735f6c6f676765645f696e7c623a303b),
('a4b2995226211321bd0589ea3dafe2f712c5d643', '192.36.27.4', 1494275844, 0x5f5f63695f6c6173745f726567656e65726174657c693a313439343237353834343b69735f6c6f676765645f696e7c623a303b),
('e34d9d29bac2c9141ac835bc1c9df7292042f05b', '192.36.27.4', 1494275847, 0x5f5f63695f6c6173745f726567656e65726174657c693a313439343237353834373b69735f6c6f676765645f696e7c623a303b),
('eed7a4e0d1408822191966ac787051e803b3079b', '139.59.166.4', 1494310248, 0x5f5f63695f6c6173745f726567656e65726174657c693a313439343331303234383b69735f6c6f676765645f696e7c623a303b),
('d0179170e623cc029970d5e9a2fc82ee735537db', '104.192.74.11', 1494322902, 0x5f5f63695f6c6173745f726567656e65726174657c693a313439343332323930313b69735f6c6f676765645f696e7c623a303b),
('8825a6803fd4516bca6c92679e3dd56c4a6aabfb', '104.192.74.11', 1494322902, 0x5f5f63695f6c6173745f726567656e65726174657c693a313439343332323930323b69735f6c6f676765645f696e7c623a303b),
('8441a6776d32ca07218584390e7b9d95fde7af07', '104.192.74.11', 1494322903, 0x5f5f63695f6c6173745f726567656e65726174657c693a313439343332323930333b69735f6c6f676765645f696e7c623a303b),
('c94d3af19b6d034538840022053dbf5a90bd6707', '104.192.74.11', 1494322903, 0x5f5f63695f6c6173745f726567656e65726174657c693a313439343332323930333b69735f6c6f676765645f696e7c623a303b),
('5454a918e61bcbc7379b47eca1c87c578b3d8bfa', '216.69.191.98', 1494329552, 0x5f5f63695f6c6173745f726567656e65726174657c693a313439343332393535323b69735f6c6f676765645f696e7c623a303b),
('5a6e3413e2d5a21e99098001750933e0c0999874', '216.69.191.98', 1494329575, 0x5f5f63695f6c6173745f726567656e65726174657c693a313439343332393537353b69735f6c6f676765645f696e7c623a303b),
('aea4d12c4330af01befbf3eb65baeb67590c34d1', '167.114.209.38', 1494349014, 0x5f5f63695f6c6173745f726567656e65726174657c693a313439343334393031343b69735f6c6f676765645f696e7c623a303b),
('fd42eeb95aa6831ca17eb62443a8dbd8a3d476d5', '167.114.209.38', 1494349024, 0x5f5f63695f6c6173745f726567656e65726174657c693a313439343334393031343b69735f6c6f676765645f696e7c623a303b),
('f7c14bc260dcadefe4df4f1da1461961d33655ec', '167.114.209.38', 1494349025, 0x5f5f63695f6c6173745f726567656e65726174657c693a313439343334393032353b69735f6c6f676765645f696e7c623a303b),
('32cfb461cb91d5ff23a1a1c140e46dcab6c59d30', '157.55.39.17', 1494361526, 0x5f5f63695f6c6173745f726567656e65726174657c693a313439343336313532363b69735f6c6f676765645f696e7c623a303b),
('663cff2ba6e503d8ffc671a5a4070f98ed3828c3', '157.55.39.17', 1494361528, 0x5f5f63695f6c6173745f726567656e65726174657c693a313439343336313532383b69735f6c6f676765645f696e7c623a303b),
('ca168729579d6564bf0a31efaee46ab3a1269f46', '45.55.143.210', 1494412369, 0x5f5f63695f6c6173745f726567656e65726174657c693a313439343431323336393b69735f6c6f676765645f696e7c623a303b),
('05cba9ffcc7e50191983ac0846800e4356ea0850', '45.55.143.210', 1494412372, 0x5f5f63695f6c6173745f726567656e65726174657c693a313439343431323337323b69735f6c6f676765645f696e7c623a303b),
('fa28e3b6f8ca15e608e7e4a19c344fa12489ff19', '157.55.39.17', 1494431482, 0x5f5f63695f6c6173745f726567656e65726174657c693a313439343433313438323b69735f6c6f676765645f696e7c623a303b),
('29af4c0e01a0f6c8fe2704a93c6057f9940bb548', '157.55.39.17', 1494431488, 0x5f5f63695f6c6173745f726567656e65726174657c693a313439343433313438383b69735f6c6f676765645f696e7c623a303b),
('34708da305fbdcf5668041c284b7a1f0fd38af09', '185.129.148.181', 1494435297, 0x5f5f63695f6c6173745f726567656e65726174657c693a313439343433353239363b69735f6c6f676765645f696e7c623a303b),
('f6c2c4c06d52395521cb511470f96629f1b25ba0', '104.192.74.24', 1494455289, 0x5f5f63695f6c6173745f726567656e65726174657c693a313439343435353238393b69735f6c6f676765645f696e7c623a303b),
('45518c2e668432e09a9a3d8b29ef664addeb843e', '104.192.74.24', 1494455290, 0x5f5f63695f6c6173745f726567656e65726174657c693a313439343435353239303b69735f6c6f676765645f696e7c623a303b),
('5db137e525ed6b5b6e1a471df75ed07f7dcb2334', '104.192.74.24', 1494455290, 0x5f5f63695f6c6173745f726567656e65726174657c693a313439343435353239303b69735f6c6f676765645f696e7c623a303b),
('1ba2243923e9ed869cd6a9f144a65b8f7f288959', '104.192.74.24', 1494455291, 0x5f5f63695f6c6173745f726567656e65726174657c693a313439343435353239313b69735f6c6f676765645f696e7c623a303b),
('9296735f30e77514b5a3439d106e54e2c89b6ec4', '208.67.1.83', 1494458085, 0x5f5f63695f6c6173745f726567656e65726174657c693a313439343435383038353b69735f6c6f676765645f696e7c623a303b),
('9defef2bdc34724f01d4d017295e9f5a9d551a4d', '163.172.223.200', 1494458087, 0x5f5f63695f6c6173745f726567656e65726174657c693a313439343435383038373b69735f6c6f676765645f696e7c623a303b),
('46cf51e0a9f5c538d68615ba8e8573469272dbd8', '139.59.170.166', 1494475561, 0x5f5f63695f6c6173745f726567656e65726174657c693a313439343437353536313b69735f6c6f676765645f696e7c623a303b),
('526c8311973f1e4aac315908484a9b73303cb9cd', '104.192.74.28', 1494539683, 0x5f5f63695f6c6173745f726567656e65726174657c693a313439343533393638323b69735f6c6f676765645f696e7c623a303b),
('254869d5a830f2e369562d7dbaee16e5527498eb', '104.192.74.28', 1494539683, 0x5f5f63695f6c6173745f726567656e65726174657c693a313439343533393638333b69735f6c6f676765645f696e7c623a303b),
('64df69e167b9babec2528fba59c726283e4ba9ae', '104.192.74.28', 1494539684, 0x5f5f63695f6c6173745f726567656e65726174657c693a313439343533393638343b69735f6c6f676765645f696e7c623a303b),
('db80ce96c47b731fd90904f56190139b7fd784c5', '104.192.74.28', 1494539685, 0x5f5f63695f6c6173745f726567656e65726174657c693a313439343533393638353b69735f6c6f676765645f696e7c623a303b),
('d06267b9df989ec6a8500806ca1167677864c6e0', '104.192.74.15', 1494576190, 0x5f5f63695f6c6173745f726567656e65726174657c693a313439343537363138393b69735f6c6f676765645f696e7c623a303b),
('f7f89ff7f8053f2d3da0aa42002cecc96c4a3029', '104.192.74.15', 1494576190, 0x5f5f63695f6c6173745f726567656e65726174657c693a313439343537363139303b69735f6c6f676765645f696e7c623a303b),
('f8eff3614315a422d9a5d951bbf7f9b9e5099c16', '104.192.74.15', 1494576191, 0x5f5f63695f6c6173745f726567656e65726174657c693a313439343537363139313b69735f6c6f676765645f696e7c623a303b),
('1575ecedff19433fb5fe0545d62a4c8720ac9026', '104.192.74.15', 1494576192, 0x5f5f63695f6c6173745f726567656e65726174657c693a313439343537363139323b69735f6c6f676765645f696e7c623a303b),
('5a4c4142b0417e828915c6ab6540a87108944af8', '40.77.167.138', 1494640714, 0x5f5f63695f6c6173745f726567656e65726174657c693a313439343634303731343b69735f6c6f676765645f696e7c623a303b),
('6ce07aaab539fd17403899856c93ffc9c66a8a30', '40.77.167.138', 1494640714, 0x5f5f63695f6c6173745f726567656e65726174657c693a313439343634303731343b69735f6c6f676765645f696e7c623a303b),
('93a3af6869a1c281b62a3372a841f61e966e20e2', '104.192.74.38', 1494705521, 0x5f5f63695f6c6173745f726567656e65726174657c693a313439343730353532313b69735f6c6f676765645f696e7c623a303b),
('8b07fcf7dc96272359e6dc7ed09f64769fadd115', '104.192.74.38', 1494705522, 0x5f5f63695f6c6173745f726567656e65726174657c693a313439343730353532323b69735f6c6f676765645f696e7c623a303b),
('e1c29e8495043f4f06a093067055ba2ef2a3d457', '104.192.74.38', 1494705522, 0x5f5f63695f6c6173745f726567656e65726174657c693a313439343730353532323b69735f6c6f676765645f696e7c623a303b),
('2ed88dc9c3122ab708a70ff2ae35df2a390e4d31', '104.192.74.38', 1494705523, 0x5f5f63695f6c6173745f726567656e65726174657c693a313439343730353532333b69735f6c6f676765645f696e7c623a303b),
('73ca43fe7307660a6396c5eb6eee0e2d453e1416', '209.126.127.104', 1494715216, 0x5f5f63695f6c6173745f726567656e65726174657c693a313439343731353231363b69735f6c6f676765645f696e7c623a303b),
('fdcdba5befed076f0a300d3ba0fbabde540459ae', '209.126.127.104', 1494715216, 0x5f5f63695f6c6173745f726567656e65726174657c693a313439343731353231363b69735f6c6f676765645f696e7c623a303b),
('8ef8ac57b8df3d1b52c691906ee0c00769a4fca0', '209.126.127.104', 1494715217, 0x5f5f63695f6c6173745f726567656e65726174657c693a313439343731353231373b69735f6c6f676765645f696e7c623a303b),
('d983e0ed33d3738ccb04b635bd30a12ef244401c', '209.126.127.104', 1494715218, 0x5f5f63695f6c6173745f726567656e65726174657c693a313439343731353231383b69735f6c6f676765645f696e7c623a303b),
('285876ab3b6c60d90b2aa9a3e44870c9885ab382', '178.33.39.197', 1494718352, 0x5f5f63695f6c6173745f726567656e65726174657c693a313439343731383335323b69735f6c6f676765645f696e7c623a303b),
('be504a07f0d0798e03bd23ee42a8061a37d0041c', '178.33.39.197', 1494718352, 0x5f5f63695f6c6173745f726567656e65726174657c693a313439343731383335323b69735f6c6f676765645f696e7c623a303b),
('1de77dfeb4be9901babaf4ecd194306c2be02035', '139.59.170.237', 1494733830, 0x5f5f63695f6c6173745f726567656e65726174657c693a313439343733333832393b69735f6c6f676765645f696e7c623a303b),
('43736c2fc81381f29f373ae26f161ec047ac038f', '139.59.170.237', 1494733834, 0x5f5f63695f6c6173745f726567656e65726174657c693a313439343733333833333b69735f6c6f676765645f696e7c623a303b),
('2f75eb5b1c2b7683d88646caa4bd648be7e3793d', '104.192.74.35', 1494743553, 0x5f5f63695f6c6173745f726567656e65726174657c693a313439343734333535323b69735f6c6f676765645f696e7c623a303b);
INSERT INTO `ci_sessions` (`id`, `ip_address`, `timestamp`, `data`) VALUES
('ef9e72a67c4e9d3ea159ca29722fcdd763174683', '104.192.74.35', 1494743553, 0x5f5f63695f6c6173745f726567656e65726174657c693a313439343734333535333b69735f6c6f676765645f696e7c623a303b),
('4e89cbf00cfb1d71525ab0f0f331f4789d5add8e', '104.192.74.35', 1494743554, 0x5f5f63695f6c6173745f726567656e65726174657c693a313439343734333535343b69735f6c6f676765645f696e7c623a303b),
('9e934d3b990572dc1fdc9cf7919e35ec74995320', '104.192.74.35', 1494743555, 0x5f5f63695f6c6173745f726567656e65726174657c693a313439343734333535353b69735f6c6f676765645f696e7c623a303b),
('19c57d1154d0c1a8ff1d8be5695deb1b37948123', '40.77.167.138', 1494835933, 0x5f5f63695f6c6173745f726567656e65726174657c693a313439343833353933333b69735f6c6f676765645f696e7c623a303b),
('3b888dedb690ba930a47bc4de1d405bd8841b955', '40.77.167.138', 1494835941, 0x5f5f63695f6c6173745f726567656e65726174657c693a313439343833353934313b69735f6c6f676765645f696e7c623a303b),
('aec2bd96b3eb0d27ff7155574d123a08ffbfabc4', '104.192.74.45', 1494844693, 0x5f5f63695f6c6173745f726567656e65726174657c693a313439343834343639333b69735f6c6f676765645f696e7c623a303b),
('fc43e47f741cdb6fa354bc479a925921b113a0fe', '104.192.74.45', 1494844694, 0x5f5f63695f6c6173745f726567656e65726174657c693a313439343834343639343b69735f6c6f676765645f696e7c623a303b),
('b22f24e1898cab872523cd5d31550ab1423754d6', '104.192.74.45', 1494844694, 0x5f5f63695f6c6173745f726567656e65726174657c693a313439343834343639343b69735f6c6f676765645f696e7c623a303b),
('bff207e765e5382f5c42666ccd91443dac4ddf94', '104.192.74.45', 1494844695, 0x5f5f63695f6c6173745f726567656e65726174657c693a313439343834343639353b69735f6c6f676765645f696e7c623a303b),
('e99934d62cf6ff433dec5600622961d0a6734c50', '139.59.170.236', 1494905576, 0x5f5f63695f6c6173745f726567656e65726174657c693a313439343930353537363b69735f6c6f676765645f696e7c623a303b),
('228e49188e8933d35d5a90243c612def403e8ff6', '40.77.167.138', 1494942903, 0x5f5f63695f6c6173745f726567656e65726174657c693a313439343934323930333b69735f6c6f676765645f696e7c623a303b),
('d5d3f773104323cf66d0a49a8b11774539d4b88c', '40.77.167.138', 1494942905, 0x5f5f63695f6c6173745f726567656e65726174657c693a313439343934323930353b69735f6c6f676765645f696e7c623a303b),
('0481dd42e78035af23f1f3bf28b670ae413b6027', '104.192.74.13', 1494962762, 0x5f5f63695f6c6173745f726567656e65726174657c693a313439343936323736313b69735f6c6f676765645f696e7c623a303b),
('3578ec99cbe0d73d0769e1cfb4e54ec2702a9d9d', '104.192.74.13', 1494962763, 0x5f5f63695f6c6173745f726567656e65726174657c693a313439343936323736333b69735f6c6f676765645f696e7c623a303b),
('6777fc20c567a3b49e8f5cda907f66cb9f204af3', '104.192.74.13', 1494962763, 0x5f5f63695f6c6173745f726567656e65726174657c693a313439343936323736333b69735f6c6f676765645f696e7c623a303b),
('1a73491f2d5ebf13385701b3c5ec39633a0b598e', '104.192.74.13', 1494962764, 0x5f5f63695f6c6173745f726567656e65726174657c693a313439343936323736343b69735f6c6f676765645f696e7c623a303b),
('26223661effe5bf4746ab3e6b87c6cd8c2362724', '139.59.170.235', 1494991188, 0x5f5f63695f6c6173745f726567656e65726174657c693a313439343939313138383b69735f6c6f676765645f696e7c623a303b),
('0e6928d9c135718f96d8a350e23adc2006245f07', '104.192.74.21', 1494999991, 0x5f5f63695f6c6173745f726567656e65726174657c693a313439343939393939313b69735f6c6f676765645f696e7c623a303b),
('9246f679e53dab863e4079282033ad05e0542d05', '104.192.74.21', 1494999992, 0x5f5f63695f6c6173745f726567656e65726174657c693a313439343939393939323b69735f6c6f676765645f696e7c623a303b),
('ac50328f51a54723fe61be45f5101a656e4af48d', '104.192.74.21', 1494999992, 0x5f5f63695f6c6173745f726567656e65726174657c693a313439343939393939323b69735f6c6f676765645f696e7c623a303b),
('0bef750167303df729d791f427f3b21bff1f3a7c', '104.192.74.21', 1494999993, 0x5f5f63695f6c6173745f726567656e65726174657c693a313439343939393939333b69735f6c6f676765645f696e7c623a303b),
('0138a13cafd7698f6ed2abc9fd9b796b337bbf5d', '188.68.3.101', 1495011021, 0x5f5f63695f6c6173745f726567656e65726174657c693a313439353031313032313b69735f6c6f676765645f696e7c623a303b),
('02bdd13b340c48bad457db2cb46db44ecf900165', '49.255.191.50', 1495020268, 0x5f5f63695f6c6173745f726567656e65726174657c693a313439353032303236383b69735f6c6f676765645f696e7c623a303b),
('625a460629fc3782a261a3c73e531c3224f7fe22', '40.77.167.138', 1495111165, 0x5f5f63695f6c6173745f726567656e65726174657c693a313439353131313136353b69735f6c6f676765645f696e7c623a303b),
('b4a86e11803cf664487e614186f38421e5492fb0', '40.77.167.138', 1495111166, 0x5f5f63695f6c6173745f726567656e65726174657c693a313439353131313136363b69735f6c6f676765645f696e7c623a303b),
('637628c6ac0ca3f26507607dcbd8e24e509b10f4', '163.172.4.153', 1495112363, 0x5f5f63695f6c6173745f726567656e65726174657c693a313439353131323336333b69735f6c6f676765645f696e7c623a303b),
('d3db8953a14acbc826cc16b21440386e73616ad6', '163.172.4.153', 1495112363, 0x5f5f63695f6c6173745f726567656e65726174657c693a313439353131323336333b69735f6c6f676765645f696e7c623a303b),
('534d03db91c5b016e96f10aee226f4d1ab16ccf0', '104.192.74.43', 1495125956, 0x5f5f63695f6c6173745f726567656e65726174657c693a313439353132353935363b69735f6c6f676765645f696e7c623a303b),
('358c8f0cac44a802e4ab44c5c9e7ecc46b99b247', '104.192.74.43', 1495125957, 0x5f5f63695f6c6173745f726567656e65726174657c693a313439353132353935373b69735f6c6f676765645f696e7c623a303b),
('580835ef9142f677e147d6bd3556032ae666d9b0', '104.192.74.43', 1495125957, 0x5f5f63695f6c6173745f726567656e65726174657c693a313439353132353935373b69735f6c6f676765645f696e7c623a303b),
('d95bd004d15e40928188473e409205f5b65c7567', '104.192.74.43', 1495125958, 0x5f5f63695f6c6173745f726567656e65726174657c693a313439353132353935383b69735f6c6f676765645f696e7c623a303b),
('522dcfd8b1db748c4f3436fffd3eea8cd89cff01', '64.246.165.160', 1495147689, 0x5f5f63695f6c6173745f726567656e65726174657c693a313439353134373638393b69735f6c6f676765645f696e7c623a303b),
('8431e12a6d4a185e02d360e084f455dac77454a1', '64.246.165.160', 1495147690, 0x5f5f63695f6c6173745f726567656e65726174657c693a313439353134373639303b69735f6c6f676765645f696e7c623a303b),
('c7a30ce05e6322398f621dd5b1d8e09f959d41a2', '188.226.129.55', 1495159347, 0x5f5f63695f6c6173745f726567656e65726174657c693a313439353135393334373b69735f6c6f676765645f696e7c623a303b),
('7227a3baaa9cb21a573e6a4bd0546c49de81c9d9', '104.192.74.40', 1495185735, 0x5f5f63695f6c6173745f726567656e65726174657c693a313439353138353733343b69735f6c6f676765645f696e7c623a303b),
('f49b85b4b623d828289aa3998dbbaec87df33ad6', '104.192.74.40', 1495185735, 0x5f5f63695f6c6173745f726567656e65726174657c693a313439353138353733353b69735f6c6f676765645f696e7c623a303b),
('0ff8df714766f5d8d041d1384aacf78e6f636b2e', '104.192.74.40', 1495185736, 0x5f5f63695f6c6173745f726567656e65726174657c693a313439353138353733363b69735f6c6f676765645f696e7c623a303b),
('a0e54087d42d71c2cecdc31f8e2895db2bff400f', '104.192.74.40', 1495185736, 0x5f5f63695f6c6173745f726567656e65726174657c693a313439353138353733363b69735f6c6f676765645f696e7c623a303b),
('0098d0733b4abc7c2b9bd65faf956af0ee5c20c3', '109.236.82.177', 1495214915, 0x5f5f63695f6c6173745f726567656e65726174657c693a313439353231343931353b69735f6c6f676765645f696e7c623a303b),
('f2124208f5ec69c98fbd8050089c9358f4a2c8d5', '54.162.126.20', 1495247122, 0x5f5f63695f6c6173745f726567656e65726174657c693a313439353234373132323b69735f6c6f676765645f696e7c623a303b),
('b97125456a5e7db62b5d84af50726d2821e0330a', '139.59.170.226', 1495251380, 0x5f5f63695f6c6173745f726567656e65726174657c693a313439353235313338303b69735f6c6f676765645f696e7c623a303b),
('9185aca942b20771f0360d8023668e7518705ce9', '40.77.167.138', 1495282295, 0x5f5f63695f6c6173745f726567656e65726174657c693a313439353238323239353b69735f6c6f676765645f696e7c623a303b),
('8b5cf2a9bbe40989f5a1f0cd7af9dbc8dbbc7ccb', '40.77.167.138', 1495282296, 0x5f5f63695f6c6173745f726567656e65726174657c693a313439353238323239363b69735f6c6f676765645f696e7c623a303b),
('b5a1e9a9c891393dab7ffd688b4312d012c998f7', '104.192.74.43', 1495305669, 0x5f5f63695f6c6173745f726567656e65726174657c693a313439353330353636393b69735f6c6f676765645f696e7c623a303b),
('e9ba87cff9b7e39fe24918958a484cb6e2cded72', '104.192.74.43', 1495305670, 0x5f5f63695f6c6173745f726567656e65726174657c693a313439353330353637303b69735f6c6f676765645f696e7c623a303b),
('e3b2537db5b11cfd1e00198734541ac0320a6867', '104.192.74.43', 1495305670, 0x5f5f63695f6c6173745f726567656e65726174657c693a313439353330353637303b69735f6c6f676765645f696e7c623a303b),
('ba2cf3b3feba8256d9b7da56fcfe33d9179d2c0b', '104.192.74.43', 1495305671, 0x5f5f63695f6c6173745f726567656e65726174657c693a313439353330353637313b69735f6c6f676765645f696e7c623a303b),
('33363ac4909e4087b26e5071cfa40a25ca570904', '69.58.178.58', 1495377716, 0x5f5f63695f6c6173745f726567656e65726174657c693a313439353337373731363b69735f6c6f676765645f696e7c623a303b),
('6a0cfae9bb492ba412cac490c996dda12daab178', '69.58.178.58', 1495377718, 0x5f5f63695f6c6173745f726567656e65726174657c693a313439353337373731383b69735f6c6f676765645f696e7c623a303b),
('0c4454b51cf285cdbcc578cb80ac298308832090', '69.58.178.58', 1495377719, 0x5f5f63695f6c6173745f726567656e65726174657c693a313439353337373731393b69735f6c6f676765645f696e7c623a303b),
('2a09c615e1557b4f00ffae09b980428c2e67388b', '104.192.74.18', 1495393995, 0x5f5f63695f6c6173745f726567656e65726174657c693a313439353339333939343b69735f6c6f676765645f696e7c623a303b),
('227d08060bb1059044f903f2e1f3c1bb5a651106', '104.192.74.18', 1495393995, 0x5f5f63695f6c6173745f726567656e65726174657c693a313439353339333939353b69735f6c6f676765645f696e7c623a303b),
('51dac204e98fe0f56462c0b4c8d4e538533e1068', '104.192.74.18', 1495393996, 0x5f5f63695f6c6173745f726567656e65726174657c693a313439353339333939363b69735f6c6f676765645f696e7c623a303b),
('0c85ccd4dbc3d28d86f53925c81bbc9baf0df47e', '104.192.74.18', 1495393997, 0x5f5f63695f6c6173745f726567656e65726174657c693a313439353339333939373b69735f6c6f676765645f696e7c623a303b),
('2c70e1ddcb058416789bcb05d9ee672cbda99be8', '104.192.74.30', 1495441567, 0x5f5f63695f6c6173745f726567656e65726174657c693a313439353434313536363b69735f6c6f676765645f696e7c623a303b),
('38004c60071b736f37e4beed09b477afab1149a9', '104.192.74.30', 1495441567, 0x5f5f63695f6c6173745f726567656e65726174657c693a313439353434313536373b69735f6c6f676765645f696e7c623a303b),
('202906c8896559ad8ed395fb9d8bcbfb55c9818b', '104.192.74.30', 1495441568, 0x5f5f63695f6c6173745f726567656e65726174657c693a313439353434313536383b69735f6c6f676765645f696e7c623a303b),
('87801d10cbd64fce96d507c39c9317d8a75789e4', '104.192.74.30', 1495441569, 0x5f5f63695f6c6173745f726567656e65726174657c693a313439353434313536393b69735f6c6f676765645f696e7c623a303b),
('3244b4a9cd5c7b6b7a1d71d0673a12b84b8e43b5', '157.55.39.11', 1495454665, 0x5f5f63695f6c6173745f726567656e65726174657c693a313439353435343636353b69735f6c6f676765645f696e7c623a303b),
('c06cb909f925dfd7e6f005a0b2d1cb74ed00c50c', '157.55.39.11', 1495454666, 0x5f5f63695f6c6173745f726567656e65726174657c693a313439353435343636363b69735f6c6f676765645f696e7c623a303b),
('e39468e9d9348573eaee683a8764a2b2eeee5514', '5.189.205.165', 1495545897, 0x5f5f63695f6c6173745f726567656e65726174657c693a313439353534353839373b69735f6c6f676765645f696e7c623a303b),
('ca28867fc604f863d3f21101aee7f0811f43335f', '13.58.49.20', 1495555110, 0x5f5f63695f6c6173745f726567656e65726174657c693a313439353535353131303b69735f6c6f676765645f696e7c623a303b),
('25b56348e5d3c3b05153e89ec878dc3ed17e91fc', '104.192.74.38', 1495561659, 0x5f5f63695f6c6173745f726567656e65726174657c693a313439353536313635383b69735f6c6f676765645f696e7c623a303b),
('da1ad7bc5a4f0c62a0029351285f3fb622137a60', '104.192.74.38', 1495561659, 0x5f5f63695f6c6173745f726567656e65726174657c693a313439353536313635393b69735f6c6f676765645f696e7c623a303b),
('c6626ff3134e7b8e4218adcdc4ebd04851901b30', '104.192.74.38', 1495561660, 0x5f5f63695f6c6173745f726567656e65726174657c693a313439353536313636303b69735f6c6f676765645f696e7c623a303b),
('99cdd49f90d61acde2cae21a6b96848480382756', '104.192.74.38', 1495561660, 0x5f5f63695f6c6173745f726567656e65726174657c693a313439353536313636303b69735f6c6f676765645f696e7c623a303b),
('71b237cdbb5d0e4bd1bbad24573939826902be93', '149.202.90.29', 1495581690, 0x5f5f63695f6c6173745f726567656e65726174657c693a313439353538313639303b69735f6c6f676765645f696e7c623a303b),
('611d9016b59bf35d56dff3632a35fc47dc5276de', '149.202.90.29', 1495581691, 0x5f5f63695f6c6173745f726567656e65726174657c693a313439353538313639313b69735f6c6f676765645f696e7c623a303b),
('486b5acb36579a640257f27180872b2a8272faca', '139.59.170.230', 1495595055, 0x5f5f63695f6c6173745f726567656e65726174657c693a313439353539353035353b69735f6c6f676765645f696e7c623a303b),
('458c98a99a5605b7b4e46dcd00e476964e97c9ff', '188.165.2.183', 1495615470, 0x5f5f63695f6c6173745f726567656e65726174657c693a313439353631353437303b69735f6c6f676765645f696e7c623a303b),
('39d106a5a7ac055e97d81df7b3d23cef35af5c19', '188.165.2.183', 1495615471, 0x5f5f63695f6c6173745f726567656e65726174657c693a313439353631353437313b69735f6c6f676765645f696e7c623a303b),
('2077c9792fc3e4f105ef3ab9ad455e2113b9cffb', '160.202.162.204', 1495620758, 0x5f5f63695f6c6173745f726567656e65726174657c693a313439353632303735383b69735f6c6f676765645f696e7c623a303b),
('a535ad2841a6ed67e0656312fdd48c90370a42e5', '160.202.162.204', 1495620758, 0x5f5f63695f6c6173745f726567656e65726174657c693a313439353632303735383b69735f6c6f676765645f696e7c623a303b),
('8303a0bb6cd7e02325c9a1fc3047eb78ebdd1315', '104.192.74.43', 1495624372, 0x5f5f63695f6c6173745f726567656e65726174657c693a313439353632343337313b69735f6c6f676765645f696e7c623a303b),
('1137619bfebb7f067090c3eb7442829085ec209e', '104.192.74.43', 1495624372, 0x5f5f63695f6c6173745f726567656e65726174657c693a313439353632343337323b69735f6c6f676765645f696e7c623a303b),
('7a8e204a89b4a15abcf948f073e3e3c1a4aa8891', '104.192.74.43', 1495624373, 0x5f5f63695f6c6173745f726567656e65726174657c693a313439353632343337333b69735f6c6f676765645f696e7c623a303b),
('623ffea8408e1b9002fdf768d410834abcb00ef3', '104.192.74.43', 1495624373, 0x5f5f63695f6c6173745f726567656e65726174657c693a313439353632343337333b69735f6c6f676765645f696e7c623a303b),
('4c799401fa4085bacb5ff07839671e23f0af3e4e', '40.77.167.111', 1495630146, 0x5f5f63695f6c6173745f726567656e65726174657c693a313439353633303134363b69735f6c6f676765645f696e7c623a303b),
('024e226c02cf6d9744ce0599b75e03adef48f96c', '40.77.167.111', 1495630147, 0x5f5f63695f6c6173745f726567656e65726174657c693a313439353633303134373b69735f6c6f676765645f696e7c623a303b),
('a14578b67e152f84ca84f2c0e894ba58865bfcbb', '40.77.167.111', 1495681066, 0x5f5f63695f6c6173745f726567656e65726174657c693a313439353638313036363b69735f6c6f676765645f696e7c623a303b),
('e52afdfcd4b361c39bee18fca6636981a2333410', '40.77.167.111', 1495681067, 0x5f5f63695f6c6173745f726567656e65726174657c693a313439353638313036373b69735f6c6f676765645f696e7c623a303b),
('6e5e03ec2e4cff4b35c58ad0bb29f423ecc8db96', '83.136.249.195', 1495681590, 0x5f5f63695f6c6173745f726567656e65726174657c693a313439353638313538393b69735f6c6f676765645f696e7c623a303b),
('a14746f87f9834b33bec7002cd0201652d7d2740', '95.213.184.251', 1495686557, 0x5f5f63695f6c6173745f726567656e65726174657c693a313439353638363535373b69735f6c6f676765645f696e7c623a303b),
('87e1bdee1750185e0857f3dd46afdc8b0e840893', '95.213.184.251', 1495686557, 0x5f5f63695f6c6173745f726567656e65726174657c693a313439353638363535373b69735f6c6f676765645f696e7c623a303b),
('00a8378d2e649a6bded2cbc5c61e8934ecf34b3f', '163.172.4.153', 1495698803, 0x5f5f63695f6c6173745f726567656e65726174657c693a313439353639383830333b69735f6c6f676765645f696e7c623a303b),
('33e266db41a44092c4f9d8d87f996b21ba54ad7a', '163.172.4.153', 1495698803, 0x5f5f63695f6c6173745f726567656e65726174657c693a313439353639383830333b69735f6c6f676765645f696e7c623a303b),
('e4aec5625adedb53bf43e66e71bd08ff7bf2393a', '198.74.50.136', 1495704804, 0x5f5f63695f6c6173745f726567656e65726174657c693a313439353730343830343b69735f6c6f676765645f696e7c623a303b),
('36eb7b82cc554f4a066fd7722cf98087567b5d62', '5.188.136.101', 1495730697, 0x5f5f63695f6c6173745f726567656e65726174657c693a313439353733303639363b69735f6c6f676765645f696e7c623a303b),
('595aecb996055f4826e3d829efa512c031432e50', '104.192.74.39', 1495736713, 0x5f5f63695f6c6173745f726567656e65726174657c693a313439353733363731333b69735f6c6f676765645f696e7c623a303b),
('38db784a5e5281ccd381699744e11e62cf350cb5', '104.192.74.39', 1495736714, 0x5f5f63695f6c6173745f726567656e65726174657c693a313439353733363731343b69735f6c6f676765645f696e7c623a303b),
('7b39e7f07ee864c7114d9c92169fa373de6fb1ef', '104.192.74.39', 1495736714, 0x5f5f63695f6c6173745f726567656e65726174657c693a313439353733363731343b69735f6c6f676765645f696e7c623a303b),
('3b3e4e7bd0f7dfde78948d03370322e7f61506ae', '104.192.74.39', 1495736715, 0x5f5f63695f6c6173745f726567656e65726174657c693a313439353733363731353b69735f6c6f676765645f696e7c623a303b),
('4f87db686ba5fdb6cd6b94a9cf7e662782825333', '104.192.74.43', 1495795863, 0x5f5f63695f6c6173745f726567656e65726174657c693a313439353739353836323b69735f6c6f676765645f696e7c623a303b),
('ccb4d8002092fa29540d30fe607338efc0b831e8', '104.192.74.43', 1495795863, 0x5f5f63695f6c6173745f726567656e65726174657c693a313439353739353836333b69735f6c6f676765645f696e7c623a303b),
('0ca445e6b243cf87d7008257a39620f87e599806', '104.192.74.43', 1495795864, 0x5f5f63695f6c6173745f726567656e65726174657c693a313439353739353836343b69735f6c6f676765645f696e7c623a303b),
('367d52bb9e85df5d2c1c46d430a8953843ca5e32', '104.192.74.43', 1495795865, 0x5f5f63695f6c6173745f726567656e65726174657c693a313439353739353836353b69735f6c6f676765645f696e7c623a303b),
('0dbebc8e789ce7fd45ee91ba49535e9586e3051e', '40.77.167.19', 1495803085, 0x5f5f63695f6c6173745f726567656e65726174657c693a313439353830333038353b69735f6c6f676765645f696e7c623a303b),
('6ec0d9f35180265d73cfe1337ec198da673b6878', '40.77.167.19', 1495803085, 0x5f5f63695f6c6173745f726567656e65726174657c693a313439353830333038353b69735f6c6f676765645f696e7c623a303b),
('101c9cf5493b04be02289b3037f55cf150f08350', '104.192.74.44', 1495897404, 0x5f5f63695f6c6173745f726567656e65726174657c693a313439353839373430333b69735f6c6f676765645f696e7c623a303b),
('f7d56e949434eda828663f2224f057e37417b303', '104.192.74.44', 1495897404, 0x5f5f63695f6c6173745f726567656e65726174657c693a313439353839373430343b69735f6c6f676765645f696e7c623a303b),
('553e2c004b30dc305a993678e93390f03380c957', '104.192.74.44', 1495897405, 0x5f5f63695f6c6173745f726567656e65726174657c693a313439353839373430353b69735f6c6f676765645f696e7c623a303b),
('256222ce3fba3aa872b222204ca0b88866e7740e', '104.192.74.44', 1495897406, 0x5f5f63695f6c6173745f726567656e65726174657c693a313439353839373430353b69735f6c6f676765645f696e7c623a303b),
('1dc4cb5f867e2cceaa7d24d59e6c4fe8dbf024af', '198.74.50.136', 1495917629, 0x5f5f63695f6c6173745f726567656e65726174657c693a313439353931373632393b69735f6c6f676765645f696e7c623a303b),
('b239bde865c599cb3cdd9e550b4f07382eb82ff1', '198.74.50.136', 1495917630, 0x5f5f63695f6c6173745f726567656e65726174657c693a313439353931373633303b69735f6c6f676765645f696e7c623a303b),
('6f063c96704e9967cd3af1dae6555bd280e89a5d', '198.74.50.136', 1495950762, 0x5f5f63695f6c6173745f726567656e65726174657c693a313439353935303736323b69735f6c6f676765645f696e7c623a303b),
('7112a6dc2906a7380791c4725aba444b81dcd79b', '198.74.50.136', 1495950763, 0x5f5f63695f6c6173745f726567656e65726174657c693a313439353935303736333b69735f6c6f676765645f696e7c623a303b),
('af32a7c15ad44a879e87094c402d3b7277e8f8ae', '104.192.74.45', 1495952647, 0x5f5f63695f6c6173745f726567656e65726174657c693a313439353935323634363b69735f6c6f676765645f696e7c623a303b),
('7ed040ca6d43a714a131b53a243a99a80acc6c37', '104.192.74.45', 1495952647, 0x5f5f63695f6c6173745f726567656e65726174657c693a313439353935323634373b69735f6c6f676765645f696e7c623a303b),
('8895c2b387e0755778156049bd4d3f665d06971e', '104.192.74.45', 1495952648, 0x5f5f63695f6c6173745f726567656e65726174657c693a313439353935323634383b69735f6c6f676765645f696e7c623a303b),
('8a4f5b61bd57572ff9d4db0944f22cd1059ba996', '104.192.74.45', 1495952649, 0x5f5f63695f6c6173745f726567656e65726174657c693a313439353935323634393b69735f6c6f676765645f696e7c623a303b),
('c5c3dfddfd05cbd276257161db35c530358f042f', '52.90.123.45', 1495963960, 0x5f5f63695f6c6173745f726567656e65726174657c693a313439353936333935393b69735f6c6f676765645f696e7c623a303b),
('11714311ae5e170a6a778f21368cb6b452f5541b', '40.77.167.19', 1495975920, 0x5f5f63695f6c6173745f726567656e65726174657c693a313439353937353932303b69735f6c6f676765645f696e7c623a303b),
('812d8600da5201203f25d425f92f40a4e43c6a91', '40.77.167.19', 1495975921, 0x5f5f63695f6c6173745f726567656e65726174657c693a313439353937353932313b69735f6c6f676765645f696e7c623a303b),
('dbba280ff46d316df589ebd29d2bbe869ea35ddd', '40.77.167.19', 1495983453, 0x5f5f63695f6c6173745f726567656e65726174657c693a313439353938333435333b69735f6c6f676765645f696e7c623a303b),
('ead8760343b77809731430e14c41d00662fa8e2f', '40.77.167.19', 1495983458, 0x5f5f63695f6c6173745f726567656e65726174657c693a313439353938333435383b69735f6c6f676765645f696e7c623a303b),
('f88d3b1bfcacef9e19e3d05435d685654bb9fac9', '167.114.211.9', 1495992073, 0x5f5f63695f6c6173745f726567656e65726174657c693a313439353939323037333b69735f6c6f676765645f696e7c623a303b),
('a65d09df6921febda29d16a14f0818ec8e9a9c21', '167.114.211.9', 1495992085, 0x5f5f63695f6c6173745f726567656e65726174657c693a313439353939323037343b69735f6c6f676765645f696e7c623a303b),
('e686158e15f0447eb8aec576dbbe1eea030e31ff', '167.114.211.9', 1495992086, 0x5f5f63695f6c6173745f726567656e65726174657c693a313439353939323038363b69735f6c6f676765645f696e7c623a303b),
('fc546cbb4a167c394d34bd500baa8c4b727e1ad7', '78.107.237.16', 1496032749, 0x5f5f63695f6c6173745f726567656e65726174657c693a313439363033323734393b69735f6c6f676765645f696e7c623a303b),
('55f8f5ad5d3e290b3b35607352d02a350084c259', '198.74.50.136', 1496060575, 0x5f5f63695f6c6173745f726567656e65726174657c693a313439363036303537353b69735f6c6f676765645f696e7c623a303b),
('eb99a35c85edb64563f8aeef9c330f874b3ab0dd', '104.192.74.25', 1496066957, 0x5f5f63695f6c6173745f726567656e65726174657c693a313439363036363935373b69735f6c6f676765645f696e7c623a303b),
('5de8343faa850f4b2ca7dc3dc74835ff33bfedb1', '104.192.74.25', 1496066958, 0x5f5f63695f6c6173745f726567656e65726174657c693a313439363036363935383b69735f6c6f676765645f696e7c623a303b),
('daf4bdaa36195af3a702f28ba447bfc7d5c1a56c', '104.192.74.25', 1496066958, 0x5f5f63695f6c6173745f726567656e65726174657c693a313439363036363935383b69735f6c6f676765645f696e7c623a303b),
('13882d7f36048fd8eaaf68c6f3b0243cae81ce91', '104.192.74.25', 1496066959, 0x5f5f63695f6c6173745f726567656e65726174657c693a313439363036363935393b69735f6c6f676765645f696e7c623a303b),
('8ed2016b79db1c06840970986220c9fe48d45c66', '62.210.103.72', 1496068633, 0x5f5f63695f6c6173745f726567656e65726174657c693a313439363036383633333b69735f6c6f676765645f696e7c623a303b),
('a582aff30e0a071a171549601b8702ba0fc17590', '62.210.103.72', 1496068633, 0x5f5f63695f6c6173745f726567656e65726174657c693a313439363036383633333b69735f6c6f676765645f696e7c623a303b),
('52e6439716a2df751b892b0c9b59f0a57a7f9784', '207.46.13.129', 1496145815, 0x5f5f63695f6c6173745f726567656e65726174657c693a313439363134353831353b69735f6c6f676765645f696e7c623a303b),
('963ee9e60bba43731863ae8db16086b51a1cf71d', '207.46.13.129', 1496145816, 0x5f5f63695f6c6173745f726567656e65726174657c693a313439363134353831363b69735f6c6f676765645f696e7c623a303b),
('f48750f4dd83c548e28a879654fffe9486148abd', '104.192.74.37', 1496168504, 0x5f5f63695f6c6173745f726567656e65726174657c693a313439363136383530333b69735f6c6f676765645f696e7c623a303b),
('1545a85200e6f8472994194ce8582bfae2193a98', '104.192.74.37', 1496168504, 0x5f5f63695f6c6173745f726567656e65726174657c693a313439363136383530343b69735f6c6f676765645f696e7c623a303b),
('b478a3886d14950cc2fcfacb76f10ba4dff1a8e4', '104.192.74.37', 1496168505, 0x5f5f63695f6c6173745f726567656e65726174657c693a313439363136383530353b69735f6c6f676765645f696e7c623a303b),
('15896029a348d6df882df6b933ffb1053319769b', '104.192.74.37', 1496168506, 0x5f5f63695f6c6173745f726567656e65726174657c693a313439363136383530363b69735f6c6f676765645f696e7c623a303b),
('4ac36e59eb5e5e17b632e273faa9d3524f310cfd', '207.46.13.129', 1496199235, 0x5f5f63695f6c6173745f726567656e65726174657c693a313439363139393233353b69735f6c6f676765645f696e7c623a303b),
('642fe2c8c8f4af815be623de17a59aff5ce70d62', '207.46.13.129', 1496199236, 0x5f5f63695f6c6173745f726567656e65726174657c693a313439363139393233363b69735f6c6f676765645f696e7c623a303b),
('ca9530b8c3237deda0e7626ebfac48519cd50331', '104.192.74.45', 1496250341, 0x5f5f63695f6c6173745f726567656e65726174657c693a313439363235303334303b69735f6c6f676765645f696e7c623a303b),
('5c12389432873d25eb32afb9a7008a1e575e1b39', '104.192.74.45', 1496250341, 0x5f5f63695f6c6173745f726567656e65726174657c693a313439363235303334313b69735f6c6f676765645f696e7c623a303b),
('8b794648e1a0b13f06d91b8c8a1f2c7922d30574', '104.192.74.45', 1496250342, 0x5f5f63695f6c6173745f726567656e65726174657c693a313439363235303334323b69735f6c6f676765645f696e7c623a303b),
('8137cea35f163cb7ec72a6fb82c5489def2a7a93', '104.192.74.45', 1496250342, 0x5f5f63695f6c6173745f726567656e65726174657c693a313439363235303334323b69735f6c6f676765645f696e7c623a303b),
('c1c590560365612cf29284aae29dfd60285638ce', '174.129.57.20', 1496305097, 0x5f5f63695f6c6173745f726567656e65726174657c693a313439363330353039363b69735f6c6f676765645f696e7c623a303b),
('7d39a633a93762790863edf3814bdaa1382097ac', '157.55.39.151', 1496320128, 0x5f5f63695f6c6173745f726567656e65726174657c693a313439363332303132383b69735f6c6f676765645f696e7c623a303b),
('c66892e3658f6201591787ba797df96c61b1e8ba', '157.55.39.151', 1496320129, 0x5f5f63695f6c6173745f726567656e65726174657c693a313439363332303132393b69735f6c6f676765645f696e7c623a303b),
('6d1e9f3d47738b16840736f9618d0e1c68fcf8b3', '104.192.74.13', 1496332900, 0x5f5f63695f6c6173745f726567656e65726174657c693a313439363333323930303b69735f6c6f676765645f696e7c623a303b),
('f31a3c5383309379938e4dba956685f7cce9e2b5', '104.192.74.13', 1496332901, 0x5f5f63695f6c6173745f726567656e65726174657c693a313439363333323930313b69735f6c6f676765645f696e7c623a303b),
('10c266b194cc058ec851687da68a4baf39df29bd', '104.192.74.13', 1496332905, 0x5f5f63695f6c6173745f726567656e65726174657c693a313439363333323930353b69735f6c6f676765645f696e7c623a303b),
('4deab72f84de088bc42216c49ae454d411ab519e', '104.192.74.13', 1496332906, 0x5f5f63695f6c6173745f726567656e65726174657c693a313439363333323930363b69735f6c6f676765645f696e7c623a303b),
('ab297e90871619ff20354223e6927f331e94d909', '163.172.4.153', 1496337427, 0x5f5f63695f6c6173745f726567656e65726174657c693a313439363333373432373b69735f6c6f676765645f696e7c623a303b),
('cb5676dba7b53256ecf3e6038cfb36ee4039e20a', '163.172.4.153', 1496337428, 0x5f5f63695f6c6173745f726567656e65726174657c693a313439363333373432383b69735f6c6f676765645f696e7c623a303b),
('f1c3800d80db58104bd0ce79e7e45411a2097d9a', '144.217.167.240', 1496361470, 0x5f5f63695f6c6173745f726567656e65726174657c693a313439363336313437303b69735f6c6f676765645f696e7c623a303b),
('f1463b595e82ab2a70c285fa7ee76bdde8856e67', '144.217.167.240', 1496361470, 0x5f5f63695f6c6173745f726567656e65726174657c693a313439363336313437303b69735f6c6f676765645f696e7c623a303b),
('c3bdb6b3c78263faa34b1d2042cdc669303be7ca', '104.192.74.17', 1496392547, 0x5f5f63695f6c6173745f726567656e65726174657c693a313439363339323534373b69735f6c6f676765645f696e7c623a303b),
('6065df5cb4e6e9546d2518663f0c9f1ea5484097', '104.192.74.17', 1496392548, 0x5f5f63695f6c6173745f726567656e65726174657c693a313439363339323534383b69735f6c6f676765645f696e7c623a303b),
('fc8f44f9ab46d85994c37e85b60f905f1049f304', '104.192.74.17', 1496392549, 0x5f5f63695f6c6173745f726567656e65726174657c693a313439363339323534393b69735f6c6f676765645f696e7c623a303b),
('4d56869d9d15ec3637a04385ef51aef643acbd68', '104.192.74.17', 1496392549, 0x5f5f63695f6c6173745f726567656e65726174657c693a313439363339323534393b69735f6c6f676765645f696e7c623a303b),
('58e2c308f6d8f43d1fa25d600ed45e109311d2a4', '188.165.26.121', 1496461446, 0x5f5f63695f6c6173745f726567656e65726174657c693a313439363436313434363b69735f6c6f676765645f696e7c623a303b),
('e883c1777d031ef7d58154a2e474700f9e7c5fb2', '188.165.26.121', 1496461447, 0x5f5f63695f6c6173745f726567656e65726174657c693a313439363436313434373b69735f6c6f676765645f696e7c623a303b),
('343fa164370f94864947fdb9a791ca38e3b37662', '79.137.85.189', 1496467772, 0x5f5f63695f6c6173745f726567656e65726174657c693a313439363436373737323b69735f6c6f676765645f696e7c623a303b),
('9a0209c84b5421a63df8b864dd8bed75e5b17d14', '79.137.85.189', 1496467773, 0x5f5f63695f6c6173745f726567656e65726174657c693a313439363436373737333b69735f6c6f676765645f696e7c623a303b),
('2fbd84fbcb012d6d579a0259088963aa34c86c2f', '40.77.167.50', 1496497365, 0x5f5f63695f6c6173745f726567656e65726174657c693a313439363439373336343b69735f6c6f676765645f696e7c623a303b),
('948f3ee0b628eb53d4d35624070820a3868bbf8c', '40.77.167.50', 1496497366, 0x5f5f63695f6c6173745f726567656e65726174657c693a313439363439373336363b69735f6c6f676765645f696e7c623a303b),
('b616d1e663a04e50e0e46282c79de3310ef2c3bd', '104.192.74.38', 1496499941, 0x5f5f63695f6c6173745f726567656e65726174657c693a313439363439393934303b69735f6c6f676765645f696e7c623a303b),
('6c96c7ea83b61e3f9fb021426d09be27536fb7c8', '104.192.74.38', 1496499941, 0x5f5f63695f6c6173745f726567656e65726174657c693a313439363439393934313b69735f6c6f676765645f696e7c623a303b),
('2dd3c79c581e6ba635e185d8a1bd57cd807ac5e7', '104.192.74.38', 1496499942, 0x5f5f63695f6c6173745f726567656e65726174657c693a313439363439393934323b69735f6c6f676765645f696e7c623a303b),
('855097be4a3d79f04dee2a9045c88a7096be06c7', '104.192.74.38', 1496499942, 0x5f5f63695f6c6173745f726567656e65726174657c693a313439363439393934323b69735f6c6f676765645f696e7c623a303b),
('8bca919bf2f9088308ffae582cfeee84cce9a39e', '54.81.186.237', 1496557501, 0x5f5f63695f6c6173745f726567656e65726174657c693a313439363535373530313b69735f6c6f676765645f696e7c623a303b),
('9f275906ed2147c05c74a6bf60ded61c73ded4e0', '54.81.186.237', 1496557501, 0x5f5f63695f6c6173745f726567656e65726174657c693a313439363535373530313b69735f6c6f676765645f696e7c623a303b),
('5d6afcdfd6d1ab59ab919f32785ba10a59912d8c', '163.172.4.153', 1496590353, 0x5f5f63695f6c6173745f726567656e65726174657c693a313439363539303335333b69735f6c6f676765645f696e7c623a303b),
('d3dcc9f1829bae54b9bf0f6641fe98095b1ed8e4', '163.172.4.153', 1496590353, 0x5f5f63695f6c6173745f726567656e65726174657c693a313439363539303335333b69735f6c6f676765645f696e7c623a303b),
('abac14e477f32ae3300d596c54229575ca179bcb', '104.192.74.35', 1496600128, 0x5f5f63695f6c6173745f726567656e65726174657c693a313439363630303132383b69735f6c6f676765645f696e7c623a303b),
('3448fd95529d89b0eb74501b9b3fa573641f392d', '104.192.74.35', 1496600129, 0x5f5f63695f6c6173745f726567656e65726174657c693a313439363630303132393b69735f6c6f676765645f696e7c623a303b),
('390ecae9625ee500c70b4b9de63c410a6b6e314f', '104.192.74.35', 1496600129, 0x5f5f63695f6c6173745f726567656e65726174657c693a313439363630303132393b69735f6c6f676765645f696e7c623a303b),
('b91075499f889264c10716669ff1edec2897f475', '104.192.74.35', 1496600130, 0x5f5f63695f6c6173745f726567656e65726174657c693a313439363630303133303b69735f6c6f676765645f696e7c623a303b),
('d421beff5eddc4e90d95de8e2648bef59491695e', '79.134.218.13', 1496646933, 0x5f5f63695f6c6173745f726567656e65726174657c693a313439363634363933333b69735f6c6f676765645f696e7c623a303b),
('4c01dd156441e711610c22efee140ea38f3ff160', '193.90.12.90', 1496649522, 0x5f5f63695f6c6173745f726567656e65726174657c693a313439363634393532323b69735f6c6f676765645f696e7c623a303b),
('9abb475579156643e1f908f03a41316215d881b4', '193.90.12.90', 1496649522, 0x5f5f63695f6c6173745f726567656e65726174657c693a313439363634393532323b69735f6c6f676765645f696e7c623a303b),
('238d8a9df80c73edee673889296ed7c83f9d2fc8', '38.100.21.63', 1496672195, 0x5f5f63695f6c6173745f726567656e65726174657c693a313439363637323139353b69735f6c6f676765645f696e7c623a303b),
('e42b64074bdf5823d6765558458a6b7dd0a0a00c', '52.15.228.241', 1496677357, 0x5f5f63695f6c6173745f726567656e65726174657c693a313439363637373335373b69735f6c6f676765645f696e7c623a303b),
('c205969950ccfda388bc3bcbdb020cf860b8968d', '52.15.228.241', 1496677357, 0x5f5f63695f6c6173745f726567656e65726174657c693a313439363637373335373b69735f6c6f676765645f696e7c623a303b),
('274909be2d6e92d235696c3b15043bbb28de1a63', '52.15.228.241', 1496677358, 0x5f5f63695f6c6173745f726567656e65726174657c693a313439363637373335383b69735f6c6f676765645f696e7c623a303b),
('3df5eb0c966de137943d9bf978a56520b857f336', '52.15.228.241', 1496677358, 0x5f5f63695f6c6173745f726567656e65726174657c693a313439363637373335383b69735f6c6f676765645f696e7c623a303b),
('6fe117c3fd483c1908f2865d0806f9922d00d9e2', '104.192.74.31', 1496682204, 0x5f5f63695f6c6173745f726567656e65726174657c693a313439363638323230343b69735f6c6f676765645f696e7c623a303b),
('e60fdb193195d2c7c3f0f161fab7f425eb606d94', '104.192.74.31', 1496682205, 0x5f5f63695f6c6173745f726567656e65726174657c693a313439363638323230353b69735f6c6f676765645f696e7c623a303b),
('04a2e6e34f0c4e84d2938961c26584e0e45f17a4', '104.192.74.31', 1496682210, 0x5f5f63695f6c6173745f726567656e65726174657c693a313439363638323231303b69735f6c6f676765645f696e7c623a303b),
('842ff41a0a0c4406357aaca93455654cb3e7e572', '104.192.74.31', 1496682211, 0x5f5f63695f6c6173745f726567656e65726174657c693a313439363638323231313b69735f6c6f676765645f696e7c623a303b),
('11e250d29e32ae48633813776a432cbf8fdb0b6c', '40.77.167.50', 1496682651, 0x5f5f63695f6c6173745f726567656e65726174657c693a313439363638323635313b69735f6c6f676765645f696e7c623a303b),
('4a1ce60400bfb8873dacff258476c22ae10a2f83', '40.77.167.50', 1496682798, 0x5f5f63695f6c6173745f726567656e65726174657c693a313439363638323739383b69735f6c6f676765645f696e7c623a303b),
('831b0bc5cb03362b6b8a1f78e293534dfb039638', '64.246.165.10', 1496713846, 0x5f5f63695f6c6173745f726567656e65726174657c693a313439363731333834363b69735f6c6f676765645f696e7c623a303b),
('c99a8780fe3c1ce537be990f460b529da31e69df', '64.246.165.10', 1496713847, 0x5f5f63695f6c6173745f726567656e65726174657c693a313439363731333834373b69735f6c6f676765645f696e7c623a303b),
('a0685cf6d7996f7264f192b88cffdd3d1bcaf14a', '104.192.74.16', 1496744128, 0x5f5f63695f6c6173745f726567656e65726174657c693a313439363734343132383b69735f6c6f676765645f696e7c623a303b),
('38e526df76dd507e2de2bb0e8895c68c5d108fd9', '104.192.74.16', 1496744129, 0x5f5f63695f6c6173745f726567656e65726174657c693a313439363734343132393b69735f6c6f676765645f696e7c623a303b),
('9d470b5aa290af0a5b96fe7c6054c17db5970779', '104.192.74.16', 1496744130, 0x5f5f63695f6c6173745f726567656e65726174657c693a313439363734343133303b69735f6c6f676765645f696e7c623a303b),
('0d84890e815a480fc8973e3ea99d28fb831f71aa', '104.192.74.16', 1496744130, 0x5f5f63695f6c6173745f726567656e65726174657c693a313439363734343133303b69735f6c6f676765645f696e7c623a303b),
('625b7c9e8cf215b6b83dfba31111bbc558827cd4', '159.203.135.61', 1496749882, 0x5f5f63695f6c6173745f726567656e65726174657c693a313439363734393838323b69735f6c6f676765645f696e7c623a303b),
('0ea08666145cb49fdabc36ddc5c283df4694fa52', '165.227.79.2', 1496749921, 0x5f5f63695f6c6173745f726567656e65726174657c693a313439363734393932313b69735f6c6f676765645f696e7c623a303b),
('fd597cb54d294586ef5f97e7d91215a8135eb8fc', '109.163.234.4', 1496758390, 0x5f5f63695f6c6173745f726567656e65726174657c693a313439363735383339303b69735f6c6f676765645f696e7c623a303b),
('983fdcd75f2c92b83f359f51539eb920795d3ed5', '109.163.234.4', 1496758391, 0x5f5f63695f6c6173745f726567656e65726174657c693a313439363735383339313b69735f6c6f676765645f696e7c623a303b),
('b4a3ff0f3b260a87f823ff83f4213c047360a63a', '104.192.74.13', 1496834074, 0x5f5f63695f6c6173745f726567656e65726174657c693a313439363833343037333b69735f6c6f676765645f696e7c623a303b),
('f2a9bc82ce3673900fb719b503bb452f90f6815f', '104.192.74.13', 1496834074, 0x5f5f63695f6c6173745f726567656e65726174657c693a313439363833343037343b69735f6c6f676765645f696e7c623a303b),
('df834768b140fd180ee8d30d464e1b320657be2d', '104.192.74.13', 1496834075, 0x5f5f63695f6c6173745f726567656e65726174657c693a313439363833343037353b69735f6c6f676765645f696e7c623a303b),
('8a20ac43a01701e12fb7523d48c0238ce7d89e41', '104.192.74.13', 1496834076, 0x5f5f63695f6c6173745f726567656e65726174657c693a313439363833343037363b69735f6c6f676765645f696e7c623a303b),
('614902f9ee540564d814591a664697607a0e4dbe', '207.46.13.95', 1496849224, 0x5f5f63695f6c6173745f726567656e65726174657c693a313439363834393232343b69735f6c6f676765645f696e7c623a303b),
('56b31579c79cde8de0f9e798a3cd301272e1f591', '207.46.13.95', 1496849225, 0x5f5f63695f6c6173745f726567656e65726174657c693a313439363834393232353b69735f6c6f676765645f696e7c623a303b),
('5396332ea15fa23c1e9c621b65f1df34cbf564e5', '216.69.191.97', 1496870019, 0x5f5f63695f6c6173745f726567656e65726174657c693a313439363837303031393b69735f6c6f676765645f696e7c623a303b),
('6a13617af19844500bd492321c2576198463af2f', '216.69.191.97', 1496870028, 0x5f5f63695f6c6173745f726567656e65726174657c693a313439363837303032383b69735f6c6f676765645f696e7c623a303b),
('d57e4465b387e42502fed40998538f9552df713c', '208.110.66.130', 1496930551, 0x5f5f63695f6c6173745f726567656e65726174657c693a313439363933303535313b69735f6c6f676765645f696e7c623a303b),
('097c906fd15d5276b729a5c09487b8d96b562a70', '208.110.66.130', 1496930552, 0x5f5f63695f6c6173745f726567656e65726174657c693a313439363933303535323b69735f6c6f676765645f696e7c623a303b),
('61230a4be223b643614ad91da17ceeb1d870f8c4', '104.192.74.15', 1496930901, 0x5f5f63695f6c6173745f726567656e65726174657c693a313439363933303930313b69735f6c6f676765645f696e7c623a303b),
('d689614f199ebf804d3b47dfc643391625ae0078', '104.192.74.15', 1496930902, 0x5f5f63695f6c6173745f726567656e65726174657c693a313439363933303930323b69735f6c6f676765645f696e7c623a303b),
('b01711d6bde97f13eb08de019a713946b1d7d8ec', '104.192.74.15', 1496930903, 0x5f5f63695f6c6173745f726567656e65726174657c693a313439363933303930333b69735f6c6f676765645f696e7c623a303b),
('6fc86a4b0fd89116a164ee0bbf197650b9d4d1e2', '104.192.74.15', 1496930903, 0x5f5f63695f6c6173745f726567656e65726174657c693a313439363933303930333b69735f6c6f676765645f696e7c623a303b),
('7ca0ad281c4ef75c09f33dd74dd494052e88e4b3', '167.114.172.225', 1496942438, 0x5f5f63695f6c6173745f726567656e65726174657c693a313439363934323433383b69735f6c6f676765645f696e7c623a303b),
('79fcd5f47c27989ff71fefc9cba9705aaf54cf12', '167.114.172.225', 1496942449, 0x5f5f63695f6c6173745f726567656e65726174657c693a313439363934323433393b69735f6c6f676765645f696e7c623a303b),
('f2aeea666f517bd135629a123b26ab2d7dd47eec', '167.114.172.225', 1496942450, 0x5f5f63695f6c6173745f726567656e65726174657c693a313439363934323435303b69735f6c6f676765645f696e7c623a303b),
('547896a758abf194df064dcfdae2016d20b377dc', '165.227.68.122', 1496951186, 0x5f5f63695f6c6173745f726567656e65726174657c693a313439363935313138363b69735f6c6f676765645f696e7c623a303b),
('e648289fc137da41637ab265cc18530603d31b91', '165.227.68.122', 1496951188, 0x5f5f63695f6c6173745f726567656e65726174657c693a313439363935313138383b69735f6c6f676765645f696e7c623a303b),
('2b43d579a9f8326741f6820008103937078267ee', '83.136.254.53', 1496982353, 0x5f5f63695f6c6173745f726567656e65726174657c693a313439363938323335323b69735f6c6f676765645f696e7c623a303b),
('0127c3b9adbc19c0199ce1dd8f0ab68fd9b070a3', '185.77.248.9', 1496999517, 0x5f5f63695f6c6173745f726567656e65726174657c693a313439363939393531373b69735f6c6f676765645f696e7c623a303b),
('d002c24b70a7e9cb44c01f640e60d43c1a8334ae', '185.77.248.9', 1496999518, 0x5f5f63695f6c6173745f726567656e65726174657c693a313439363939393531383b69735f6c6f676765645f696e7c623a303b),
('6462a82397ea8239f5fb25574f29d4d2b2fbdd9f', '163.172.4.153', 1497020862, 0x5f5f63695f6c6173745f726567656e65726174657c693a313439373032303836323b69735f6c6f676765645f696e7c623a303b),
('e98105e7c7349b0bc25c76784ef5cd02ee1d83bb', '163.172.4.153', 1497020863, 0x5f5f63695f6c6173745f726567656e65726174657c693a313439373032303836333b69735f6c6f676765645f696e7c623a303b),
('6036bbd191d2c2e799acb9f200a578da4eb2bf61', '104.192.74.13', 1497022168, 0x5f5f63695f6c6173745f726567656e65726174657c693a313439373032323136383b69735f6c6f676765645f696e7c623a303b),
('e79964cf20a387b65f19fdfda6b3c1b85fb9bf70', '104.192.74.13', 1497022169, 0x5f5f63695f6c6173745f726567656e65726174657c693a313439373032323136393b69735f6c6f676765645f696e7c623a303b),
('901714c3693100c5d6e497b2b48e93f8e63158a0', '104.192.74.13', 1497022170, 0x5f5f63695f6c6173745f726567656e65726174657c693a313439373032323137303b69735f6c6f676765645f696e7c623a303b),
('b97258d9dbdbb0fd73c429fe9f32c5f66c733264', '104.192.74.13', 1497022170, 0x5f5f63695f6c6173745f726567656e65726174657c693a313439373032323137303b69735f6c6f676765645f696e7c623a303b),
('09baf8245a65f2e35ea73080fcb544bf4158c7a7', '207.46.13.95', 1497026282, 0x5f5f63695f6c6173745f726567656e65726174657c693a313439373032363238323b69735f6c6f676765645f696e7c623a303b),
('fbfb6ec7cbd8ae76c4975ea56adac486f927a319', '207.46.13.95', 1497026283, 0x5f5f63695f6c6173745f726567656e65726174657c693a313439373032363238333b69735f6c6f676765645f696e7c623a303b),
('359a518d6d028901bdb0d732e752dd45f41ce0b6', '91.134.232.48', 1497046579, 0x5f5f63695f6c6173745f726567656e65726174657c693a313439373034363537393b69735f6c6f676765645f696e7c623a303b),
('70c36c113d1bccd34eda799de1291342d0312b71', '91.134.232.48', 1497046579, 0x5f5f63695f6c6173745f726567656e65726174657c693a313439373034363537393b69735f6c6f676765645f696e7c623a303b),
('0379e78fa9a23ce5a4e0c256ec2e20668b6377ce', '192.99.44.141', 1497055694, 0x5f5f63695f6c6173745f726567656e65726174657c693a313439373035353639343b69735f6c6f676765645f696e7c623a303b),
('9740d124dd5fab9f8598655113bc329be2c1be16', '192.99.44.141', 1497055705, 0x5f5f63695f6c6173745f726567656e65726174657c693a313439373035353639353b69735f6c6f676765645f696e7c623a303b),
('2626ec26227ad3a847b84bb8228421668bc11267', '192.99.44.141', 1497055706, 0x5f5f63695f6c6173745f726567656e65726174657c693a313439373035353730363b69735f6c6f676765645f696e7c623a303b),
('f3a7a0a71d1c050bfc5474d259ae185af108a82e', '139.59.170.248', 1497067993, 0x5f5f63695f6c6173745f726567656e65726174657c693a313439373036373939333b69735f6c6f676765645f696e7c623a303b),
('ec1b74e619420d08c282da8cbd115d20bce62892', '85.248.227.164', 1497092180, 0x5f5f63695f6c6173745f726567656e65726174657c693a313439373039323138303b69735f6c6f676765645f696e7c623a303b),
('96aeb582f84677462c6cb9130d5b1a7ea2e87079', '85.248.227.164', 1497092181, 0x5f5f63695f6c6173745f726567656e65726174657c693a313439373039323138313b69735f6c6f676765645f696e7c623a303b),
('e0dac436ffd739d74fd2703b80ee31dd21979031', '146.185.223.113', 1497116525, 0x5f5f63695f6c6173745f726567656e65726174657c693a313439373131363532353b69735f6c6f676765645f696e7c623a303b),
('36e8b0792f8173dd070bcfb9151769fb383984ce', '146.185.223.113', 1497116525, 0x5f5f63695f6c6173745f726567656e65726174657c693a313439373131363532353b69735f6c6f676765645f696e7c623a303b),
('9ad95e6161bf7e847966d3dfd6e2c8d7155f57b4', '104.192.74.46', 1497120688, 0x5f5f63695f6c6173745f726567656e65726174657c693a313439373132303638383b69735f6c6f676765645f696e7c623a303b),
('a33f6cfccbaeb51abd0ed8e747382b9c8cf848b8', '104.192.74.46', 1497120689, 0x5f5f63695f6c6173745f726567656e65726174657c693a313439373132303638393b69735f6c6f676765645f696e7c623a303b),
('e7a88e6b4f5d9559227ad1170b97ff373fed20cc', '104.192.74.46', 1497120690, 0x5f5f63695f6c6173745f726567656e65726174657c693a313439373132303639303b69735f6c6f676765645f696e7c623a303b),
('4be7d62b65c7bf70a915cba217fd7a041a773cb5', '104.192.74.46', 1497120690, 0x5f5f63695f6c6173745f726567656e65726174657c693a313439373132303639303b69735f6c6f676765645f696e7c623a303b),
('1f2e75b9cfe57ee000c4336ea308f46a4be6763a', '104.192.74.15', 1497169423, 0x5f5f63695f6c6173745f726567656e65726174657c693a313439373136393432323b69735f6c6f676765645f696e7c623a303b),
('d959d20f93fa790910e6e44770c628a7bbe62a72', '104.192.74.15', 1497169423, 0x5f5f63695f6c6173745f726567656e65726174657c693a313439373136393432333b69735f6c6f676765645f696e7c623a303b),
('cc09835fb4e6d707781b43e0114d8ff12bb7d1e1', '104.192.74.15', 1497169424, 0x5f5f63695f6c6173745f726567656e65726174657c693a313439373136393432343b69735f6c6f676765645f696e7c623a303b),
('c4bcb8ce1ff5897fbc6cd762ffc22d42905a1fd3', '104.192.74.15', 1497169424, 0x5f5f63695f6c6173745f726567656e65726174657c693a313439373136393432343b69735f6c6f676765645f696e7c623a303b),
('323e3f4ad28595bae5b44d56e53459d861afb2d5', '104.236.141.156', 1497178223, 0x5f5f63695f6c6173745f726567656e65726174657c693a313439373137383232333b69735f6c6f676765645f696e7c623a303b),
('e24ef6e8d847ab3d7af89e16fbdf7cf9d0151f34', '163.172.67.180', 1497178244, 0x5f5f63695f6c6173745f726567656e65726174657c693a313439373137383234343b69735f6c6f676765645f696e7c623a303b),
('f409e7c6eb0bd0c778de3cae421af1a6cabbc54a', '69.58.178.56', 1497183951, 0x5f5f63695f6c6173745f726567656e65726174657c693a313439373138333935313b69735f6c6f676765645f696e7c623a303b),
('0a205c8965530fb2649d2512ea13a35b16ffcf5a', '69.58.178.56', 1497183965, 0x5f5f63695f6c6173745f726567656e65726174657c693a313439373138333936353b69735f6c6f676765645f696e7c623a303b),
('3e45fec1796219cea5139c442dec86fbbf6bb240', '69.58.178.56', 1497183971, 0x5f5f63695f6c6173745f726567656e65726174657c693a313439373138333937313b69735f6c6f676765645f696e7c623a303b),
('dd939cbde1bbf50ba0d28b62e79ef1cb065ed07b', '107.150.37.26', 1497185416, 0x5f5f63695f6c6173745f726567656e65726174657c693a313439373138353431363b69735f6c6f676765645f696e7c623a303b),
('4796a4202d9db5ac3fb3af4d08b04b392e08f80f', '107.150.37.26', 1497185417, 0x5f5f63695f6c6173745f726567656e65726174657c693a313439373138353431373b69735f6c6f676765645f696e7c623a303b),
('e6a06bb23cb86e20d3b2b240495a13e9d320c3fe', '207.46.13.95', 1497189488, 0x5f5f63695f6c6173745f726567656e65726174657c693a313439373138393438383b69735f6c6f676765645f696e7c623a303b),
('ab9234684cfcb2f71799dabb890f99e2d4804bfa', '207.46.13.95', 1497189489, 0x5f5f63695f6c6173745f726567656e65726174657c693a313439373138393438393b69735f6c6f676765645f696e7c623a303b),
('622cbc60a73b643ee5536a5435093955efa8545c', '5.3.173.102', 1497232530, 0x5f5f63695f6c6173745f726567656e65726174657c693a313439373233323533303b69735f6c6f676765645f696e7c623a303b),
('74882982c5cc94315ce4999d2a74e26eb505e2c7', '5.3.173.102', 1497232530, 0x5f5f63695f6c6173745f726567656e65726174657c693a313439373233323533303b69735f6c6f676765645f696e7c623a303b),
('c2b570a32defa8bfbd2ca22d47e3f5999f114f71', '155.133.82.119', 1497234055, 0x5f5f63695f6c6173745f726567656e65726174657c693a313439373233343035343b69735f6c6f676765645f696e7c623a303b),
('86f2c0d82175622a1f91002a9cc4b8dd50f0b49e', '94.23.75.60', 1497245137, 0x5f5f63695f6c6173745f726567656e65726174657c693a313439373234353133373b69735f6c6f676765645f696e7c623a303b),
('f005ec331538f426467abfae184c1bfa32cd2e19', '94.23.75.60', 1497245137, 0x5f5f63695f6c6173745f726567656e65726174657c693a313439373234353133373b69735f6c6f676765645f696e7c623a303b),
('203218f2d4a3871a9d3ecbccb718faf0fe0560ef', '104.192.74.22', 1497259087, 0x5f5f63695f6c6173745f726567656e65726174657c693a313439373235393038373b69735f6c6f676765645f696e7c623a303b),
('4838a164c520290a21fe5df8166f7abd512d1296', '104.192.74.22', 1497259088, 0x5f5f63695f6c6173745f726567656e65726174657c693a313439373235393038383b69735f6c6f676765645f696e7c623a303b),
('c6611b2b61b5c2965dcfeb823caf0035b57a36e7', '104.192.74.22', 1497259088, 0x5f5f63695f6c6173745f726567656e65726174657c693a313439373235393038383b69735f6c6f676765645f696e7c623a303b),
('e49b57cef2591459884f8607355a26fbd1424ce6', '104.192.74.22', 1497259089, 0x5f5f63695f6c6173745f726567656e65726174657c693a313439373235393038393b69735f6c6f676765645f696e7c623a303b),
('67032ed83bf962fe11c07a5e94f36412e6f873b8', '139.59.170.233', 1497303717, 0x5f5f63695f6c6173745f726567656e65726174657c693a313439373330333731373b69735f6c6f676765645f696e7c623a303b),
('542a93a4d6b3ac117b9b02a5dc278f452fe0c6ed', '139.59.170.183', 1497304035, 0x5f5f63695f6c6173745f726567656e65726174657c693a313439373330343033353b69735f6c6f676765645f696e7c623a303b),
('a8e8c73623b659715926ecf67ef2c108237f6ba2', '85.248.227.164', 1497324182, 0x5f5f63695f6c6173745f726567656e65726174657c693a313439373332343138323b69735f6c6f676765645f696e7c623a303b),
('33ff62014170916d87055a1e5db6cca85a18a69e', '85.248.227.164', 1497324182, 0x5f5f63695f6c6173745f726567656e65726174657c693a313439373332343138323b69735f6c6f676765645f696e7c623a303b),
('855e1eba02a1e0ecbf51e7708b142400472ff79d', '194.44.247.218', 1497351066, 0x5f5f63695f6c6173745f726567656e65726174657c693a313439373335313036353b69735f6c6f676765645f696e7c623a303b),
('e7a9697e6d6bd75bd6d18da792ee7229a590528e', '104.192.74.25', 1497360693, 0x5f5f63695f6c6173745f726567656e65726174657c693a313439373336303639333b69735f6c6f676765645f696e7c623a303b),
('e9fa527fd803b60b0729638c5da91dc867b584db', '104.192.74.25', 1497360694, 0x5f5f63695f6c6173745f726567656e65726174657c693a313439373336303639343b69735f6c6f676765645f696e7c623a303b),
('caa8326eb76dedc5470fb58e04ed6d4aefe3648c', '104.192.74.25', 1497360697, 0x5f5f63695f6c6173745f726567656e65726174657c693a313439373336303639373b69735f6c6f676765645f696e7c623a303b),
('287347ab72611a61d72d22a0c3bb4aad9147083f', '104.192.74.25', 1497360698, 0x5f5f63695f6c6173745f726567656e65726174657c693a313439373336303639383b69735f6c6f676765645f696e7c623a303b),
('48d20178e2010b62fd7b33101d4832f8537dd0e5', '207.46.13.95', 1497367014, 0x5f5f63695f6c6173745f726567656e65726174657c693a313439373336373031343b69735f6c6f676765645f696e7c623a303b),
('f7c903199d514dae3e17a936809186a81e174430', '207.46.13.95', 1497367015, 0x5f5f63695f6c6173745f726567656e65726174657c693a313439373336373031353b69735f6c6f676765645f696e7c623a303b),
('0a24923d624e84bf821ca382a2abbc258938e03a', '18.85.22.204', 1497387755, 0x5f5f63695f6c6173745f726567656e65726174657c693a313439373338373735353b69735f6c6f676765645f696e7c623a303b),
('f2ff166687fc408f3037f8d4e3300e4f2b01401e', '51.15.52.230', 1497387761, 0x5f5f63695f6c6173745f726567656e65726174657c693a313439373338373736313b69735f6c6f676765645f696e7c623a303b),
('35ca560863b10833bf7c625dd6dfccef8e733012', '35.192.2.32', 1497459850, 0x5f5f63695f6c6173745f726567656e65726174657c693a313439373435393835303b69735f6c6f676765645f696e7c623a303b),
('2c99c94954da914d9fccf4276eb1358f09d3ccc3', '104.192.74.37', 1497463118, 0x5f5f63695f6c6173745f726567656e65726174657c693a313439373436333131373b69735f6c6f676765645f696e7c623a303b),
('73c13e0a07bf31842adf647a9f006b86a646395a', '104.192.74.37', 1497463118, 0x5f5f63695f6c6173745f726567656e65726174657c693a313439373436333131383b69735f6c6f676765645f696e7c623a303b),
('9122b30698de6d45b4dd2172f1ff501e0cbc4757', '104.192.74.37', 1497463119, 0x5f5f63695f6c6173745f726567656e65726174657c693a313439373436333131393b69735f6c6f676765645f696e7c623a303b);
INSERT INTO `ci_sessions` (`id`, `ip_address`, `timestamp`, `data`) VALUES
('f081b032da52dd2bec9035008539009f84b76453', '104.192.74.37', 1497463119, 0x5f5f63695f6c6173745f726567656e65726174657c693a313439373436333131393b69735f6c6f676765645f696e7c623a303b),
('fe0e6cdc2eb0363e6641fd6c7f7c35fc306b71b6', '13.58.187.100', 1497494989, 0x5f5f63695f6c6173745f726567656e65726174657c693a313439373439343938393b69735f6c6f676765645f696e7c623a303b),
('720633cfbd0b4885a9f1f1e0232ec3b3d81080fb', '155.4.230.97', 1497511423, 0x5f5f63695f6c6173745f726567656e65726174657c693a313439373531313432333b69735f6c6f676765645f696e7c623a303b),
('e93b0c2ac98c8c013803b7f48e1e9ad3fc9c205a', '155.4.230.97', 1497511424, 0x5f5f63695f6c6173745f726567656e65726174657c693a313439373531313432343b69735f6c6f676765645f696e7c623a303b),
('d32701fae60cc15aae95626f8e7e808a716e7a08', '104.192.74.36', 1497511997, 0x5f5f63695f6c6173745f726567656e65726174657c693a313439373531313939363b69735f6c6f676765645f696e7c623a303b),
('82762c027949ee476e0f428150d96db664aea9e3', '104.192.74.36', 1497511997, 0x5f5f63695f6c6173745f726567656e65726174657c693a313439373531313939373b69735f6c6f676765645f696e7c623a303b),
('c3e7dccfd845abdf0e226041c81b60b573c0358e', '104.192.74.36', 1497511998, 0x5f5f63695f6c6173745f726567656e65726174657c693a313439373531313939383b69735f6c6f676765645f696e7c623a303b),
('0dd3afcf1879bb131d42254fdaa567723f2ad53e', '104.192.74.36', 1497511999, 0x5f5f63695f6c6173745f726567656e65726174657c693a313439373531313939393b69735f6c6f676765645f696e7c623a303b),
('8c867fa13c3a9c8392bbfe890bf52bfeaf9364d2', '207.46.13.95', 1497521690, 0x5f5f63695f6c6173745f726567656e65726174657c693a313439373532313639303b69735f6c6f676765645f696e7c623a303b),
('71cf25eccc3534809a1214789a419f1bba7dd518', '207.46.13.95', 1497521695, 0x5f5f63695f6c6173745f726567656e65726174657c693a313439373532313639353b69735f6c6f676765645f696e7c623a303b),
('e9bbbe0cb6b0749d3fd855887886d04ca8c31ecc', '104.198.72.216', 1497535547, 0x5f5f63695f6c6173745f726567656e65726174657c693a313439373533353534373b69735f6c6f676765645f696e7c623a303b),
('fa81299c1e24d2b8907b9bb4898f1e45e506c45b', '207.46.13.95', 1497542510, 0x5f5f63695f6c6173745f726567656e65726174657c693a313439373534323531303b69735f6c6f676765645f696e7c623a303b),
('56bcfe17c351864950d685e82791ba09060582d3', '207.46.13.95', 1497542511, 0x5f5f63695f6c6173745f726567656e65726174657c693a313439373534323531313b69735f6c6f676765645f696e7c623a303b),
('85e2398cfb3ff92d054cad054a9a2c178e2773d9', '192.187.100.58', 1497544523, 0x5f5f63695f6c6173745f726567656e65726174657c693a313439373534343532333b69735f6c6f676765645f696e7c623a303b),
('068dc3004389020551de30c115538459158dd504', '192.187.100.58', 1497544524, 0x5f5f63695f6c6173745f726567656e65726174657c693a313439373534343532343b69735f6c6f676765645f696e7c623a303b),
('2c04c2cf9c7b8144e96591333679a9e9cdc7d61c', '35.192.35.57', 1497548016, 0x5f5f63695f6c6173745f726567656e65726174657c693a313439373534383031353b69735f6c6f676765645f696e7c623a303b),
('07d63aa3fa5f19878c0ed423d553e7e70c5b298e', '163.172.4.153', 1497559482, 0x5f5f63695f6c6173745f726567656e65726174657c693a313439373535393438323b69735f6c6f676765645f696e7c623a303b),
('f6d9cbfe82ad71aae46f675aef894c21a916e446', '163.172.4.153', 1497559482, 0x5f5f63695f6c6173745f726567656e65726174657c693a313439373535393438323b69735f6c6f676765645f696e7c623a303b),
('e86d41d1fc7be2ddf0a3a417532b79f6638eeeb0', '83.136.249.195', 1497584452, 0x5f5f63695f6c6173745f726567656e65726174657c693a313439373538343435323b69735f6c6f676765645f696e7c623a303b),
('37ace348503be9fdd0c19cd486ff95408fee407a', '35.188.126.213', 1497603915, 0x5f5f63695f6c6173745f726567656e65726174657c693a313439373630333931353b69735f6c6f676765645f696e7c623a303b),
('2348d14e7c09c4077b3fdeafbbf8375e4443faf7', '104.192.74.37', 1497618935, 0x5f5f63695f6c6173745f726567656e65726174657c693a313439373631383933343b69735f6c6f676765645f696e7c623a303b),
('87fdd00e5348727669c77bb2c91a1d36602a42b3', '104.192.74.37', 1497618935, 0x5f5f63695f6c6173745f726567656e65726174657c693a313439373631383933353b69735f6c6f676765645f696e7c623a303b),
('a046e650f3a370e8be6efdc0c85eb2e769305ef4', '104.192.74.37', 1497618936, 0x5f5f63695f6c6173745f726567656e65726174657c693a313439373631383933363b69735f6c6f676765645f696e7c623a303b),
('c00c5e1dee5c51149c2d16d3aa610f931300976b', '104.192.74.37', 1497618937, 0x5f5f63695f6c6173745f726567656e65726174657c693a313439373631383933373b69735f6c6f676765645f696e7c623a303b),
('decfd425ddffc427b27d98901d3ba08b24ed0e94', '35.184.27.168', 1497625630, 0x5f5f63695f6c6173745f726567656e65726174657c693a313439373632353632393b69735f6c6f676765645f696e7c623a303b),
('483fab4270770c1ebb533c9a9ee5802fcf6a4ba1', '159.203.91.98', 1497644865, 0x5f5f63695f6c6173745f726567656e65726174657c693a313439373634343836353b69735f6c6f676765645f696e7c623a303b),
('6cd8f0e7d7fb6f964f6e2e21f67f7f11fbf48334', '159.203.91.98', 1497644866, 0x5f5f63695f6c6173745f726567656e65726174657c693a313439373634343836363b69735f6c6f676765645f696e7c623a303b),
('45e9fbe8039506536ecc0f2c8373c7ed203c4e35', '109.74.199.112', 1497669805, 0x5f5f63695f6c6173745f726567656e65726174657c693a313439373636393830353b69735f6c6f676765645f696e7c623a303b),
('98b6508da3e8ef9694c527cf238c69a1decde5d0', '40.77.167.71', 1497714376, 0x5f5f63695f6c6173745f726567656e65726174657c693a313439373731343337363b69735f6c6f676765645f696e7c623a303b),
('e782ede27245992eb48890864d7bb0d445fdbe7b', '40.77.167.71', 1497714378, 0x5f5f63695f6c6173745f726567656e65726174657c693a313439373731343337383b69735f6c6f676765645f696e7c623a303b),
('ec0514ed59734f21f3573637644c1ea35d251991', '104.192.74.16', 1497714667, 0x5f5f63695f6c6173745f726567656e65726174657c693a313439373731343636373b69735f6c6f676765645f696e7c623a303b),
('ecf91b1cc43a1de8d4f829600eb9c7b6a1edac7c', '104.192.74.16', 1497714668, 0x5f5f63695f6c6173745f726567656e65726174657c693a313439373731343636383b69735f6c6f676765645f696e7c623a303b),
('3a8d21e99220d1ef2f997df7e68eaacbe22f787b', '104.192.74.16', 1497714669, 0x5f5f63695f6c6173745f726567656e65726174657c693a313439373731343636393b69735f6c6f676765645f696e7c623a303b),
('82e72dba2cac683f314f7b37c3c8c4d0d6ff32df', '104.192.74.16', 1497714669, 0x5f5f63695f6c6173745f726567656e65726174657c693a313439373731343636393b69735f6c6f676765645f696e7c623a303b),
('f2b496fbed78c7dcab74968a102ac95e7ca72b7d', '37.139.8.104', 1497717633, 0x5f5f63695f6c6173745f726567656e65726174657c693a313439373731373633333b69735f6c6f676765645f696e7c623a303b),
('50878025165868ee49e8e6a7f09c59fc6e7e9f1a', '37.139.8.104', 1497717634, 0x5f5f63695f6c6173745f726567656e65726174657c693a313439373731373633343b69735f6c6f676765645f696e7c623a303b),
('b6695691e8ad2d7ca5d5b54a297a8c2bb68b19c6', '139.59.170.164', 1497756609, 0x5f5f63695f6c6173745f726567656e65726174657c693a313439373735363630393b69735f6c6f676765645f696e7c623a303b),
('7ade18c9d07b0aad560b6a1aa08954453de4b20a', '34.223.218.57', 1497766794, 0x5f5f63695f6c6173745f726567656e65726174657c693a313439373736363739343b69735f6c6f676765645f696e7c623a303b),
('16e75a77af116b4371a3c0ce76660a3de59d240b', '104.192.74.46', 1497771679, 0x5f5f63695f6c6173745f726567656e65726174657c693a313439373737313637383b69735f6c6f676765645f696e7c623a303b),
('ac6c023376a619ae48c8cfb7008fa707ce24c3d9', '104.192.74.46', 1497771679, 0x5f5f63695f6c6173745f726567656e65726174657c693a313439373737313637393b69735f6c6f676765645f696e7c623a303b),
('a6718ae1d981c57e76812ef9a6b046963e30ca81', '104.192.74.46', 1497771680, 0x5f5f63695f6c6173745f726567656e65726174657c693a313439373737313638303b69735f6c6f676765645f696e7c623a303b),
('b654a6780ea73ca8a2ca53981cb99a4a637075cc', '104.192.74.46', 1497771681, 0x5f5f63695f6c6173745f726567656e65726174657c693a313439373737313638313b69735f6c6f676765645f696e7c623a303b),
('caf94c6bd19b8d6c6f1fe02dcd4ebc6b29431060', '35.187.53.77', 1497776493, 0x5f5f63695f6c6173745f726567656e65726174657c693a313439373737363439323b69735f6c6f676765645f696e7c623a303b),
('f1f0515d4ab26bce6a0db198cd8a04acf35e62e3', '139.59.166.3', 1497842189, 0x5f5f63695f6c6173745f726567656e65726174657c693a313439373834323138393b69735f6c6f676765645f696e7c623a303b),
('caf34313ffe746eb122091b2b0314dccda9819b3', '40.77.167.71', 1497883905, 0x5f5f63695f6c6173745f726567656e65726174657c693a313439373838333930353b69735f6c6f676765645f696e7c623a303b),
('c32d49869b65946a7a9bfa61c47e14b17c049d78', '40.77.167.71', 1497883906, 0x5f5f63695f6c6173745f726567656e65726174657c693a313439373838333930363b69735f6c6f676765645f696e7c623a303b),
('40d635cc0fb685038d314919124d12e740c4877b', '104.192.74.27', 1497899151, 0x5f5f63695f6c6173745f726567656e65726174657c693a313439373839393135313b69735f6c6f676765645f696e7c623a303b),
('86b13bccd767f0748595cf6c6b5b33f2b1346ec1', '104.192.74.27', 1497899152, 0x5f5f63695f6c6173745f726567656e65726174657c693a313439373839393135323b69735f6c6f676765645f696e7c623a303b),
('bbb8592b8f6200c2f6f01156e4a1d99ea4e7eb23', '104.192.74.27', 1497899153, 0x5f5f63695f6c6173745f726567656e65726174657c693a313439373839393135333b69735f6c6f676765645f696e7c623a303b),
('d16ecabceed6085af2dc583f3a73622e87a0735c', '104.192.74.27', 1497899153, 0x5f5f63695f6c6173745f726567656e65726174657c693a313439373839393135333b69735f6c6f676765645f696e7c623a303b),
('8fb63673350c861fe56ad0b47c40c2fd6561f0bc', '139.59.166.7', 1497929176, 0x5f5f63695f6c6173745f726567656e65726174657c693a313439373932393137353b69735f6c6f676765645f696e7c623a303b),
('27aaa2e8449872cb305490e56a53bf1be9808e16', '104.192.74.38', 1497960202, 0x5f5f63695f6c6173745f726567656e65726174657c693a313439373936303230323b69735f6c6f676765645f696e7c623a303b),
('e4510c0039aeb1fc79862534a1f4a919043e6a01', '104.192.74.38', 1497960203, 0x5f5f63695f6c6173745f726567656e65726174657c693a313439373936303230333b69735f6c6f676765645f696e7c623a303b),
('273697abc6a381ffc36c0152565165a2a3c4b8fa', '104.192.74.38', 1497960204, 0x5f5f63695f6c6173745f726567656e65726174657c693a313439373936303230343b69735f6c6f676765645f696e7c623a303b),
('0044d6425fada02a6021fe988c93fd6ba35f7cda', '104.192.74.38', 1497960205, 0x5f5f63695f6c6173745f726567656e65726174657c693a313439373936303230343b69735f6c6f676765645f696e7c623a303b),
('37089b62ee3e8dab09daa9fc12fa0c6ff3ec84de', '89.163.152.135', 1497993723, 0x5f5f63695f6c6173745f726567656e65726174657c693a313439373939333732333b69735f6c6f676765645f696e7c623a303b),
('ff213902e2f64bbee09e46f80027b68a16183d9f', '89.163.152.135', 1497993723, 0x5f5f63695f6c6173745f726567656e65726174657c693a313439373939333732333b69735f6c6f676765645f696e7c623a303b),
('cd76cbeb1b0525845b4b03f63fb07c458288e357', '83.136.250.42', 1498016434, 0x5f5f63695f6c6173745f726567656e65726174657c693a313439383031363433333b69735f6c6f676765645f696e7c623a303b),
('813fccd747ea3a20f679e2e900dadbfb23f2f3f2', '104.192.74.13', 1498030064, 0x5f5f63695f6c6173745f726567656e65726174657c693a313439383033303036333b69735f6c6f676765645f696e7c623a303b),
('f69d545fe3c13de1df361ac2c1924c64f029cbca', '104.192.74.13', 1498030064, 0x5f5f63695f6c6173745f726567656e65726174657c693a313439383033303036343b69735f6c6f676765645f696e7c623a303b),
('a6e673583fbf0ca8167e7fd182ba8902995d2d48', '104.192.74.13', 1498030065, 0x5f5f63695f6c6173745f726567656e65726174657c693a313439383033303036353b69735f6c6f676765645f696e7c623a303b),
('114707279df9ee202bcc7b6c506c19749d6e0260', '104.192.74.13', 1498030066, 0x5f5f63695f6c6173745f726567656e65726174657c693a313439383033303036363b69735f6c6f676765645f696e7c623a303b),
('8178fdd01e38dfa8e2991c8794430a1ea13e5497', '40.77.167.78', 1498060310, 0x5f5f63695f6c6173745f726567656e65726174657c693a313439383036303330393b69735f6c6f676765645f696e7c623a303b),
('52f02106e08d4bfb5cffa91162cff9e6dfd77b74', '40.77.167.78', 1498060310, 0x5f5f63695f6c6173745f726567656e65726174657c693a313439383036303331303b69735f6c6f676765645f696e7c623a303b),
('260c13e836879b3991c10fce8b4cdfe4b4d86d0f', '163.172.4.153', 1498082853, 0x5f5f63695f6c6173745f726567656e65726174657c693a313439383038323835333b69735f6c6f676765645f696e7c623a303b),
('4d1eebd757b1a46f845d14782280f0f5cdc67990', '163.172.4.153', 1498082853, 0x5f5f63695f6c6173745f726567656e65726174657c693a313439383038323835333b69735f6c6f676765645f696e7c623a303b),
('b0b2ac371a63fe7a206632883a43a333d7e17847', '104.192.74.44', 1498137044, 0x5f5f63695f6c6173745f726567656e65726174657c693a313439383133373034343b69735f6c6f676765645f696e7c623a303b),
('47189b86cdf25b66a287ba17276e43e5b4bea623', '104.192.74.44', 1498137045, 0x5f5f63695f6c6173745f726567656e65726174657c693a313439383133373034353b69735f6c6f676765645f696e7c623a303b),
('28aac972edb1d9b63ce39f2d52eb1f850d813a4e', '104.192.74.44', 1498137045, 0x5f5f63695f6c6173745f726567656e65726174657c693a313439383133373034353b69735f6c6f676765645f696e7c623a303b),
('8e2adae245f96709489cc48c323ada32b64e9439', '104.192.74.44', 1498137046, 0x5f5f63695f6c6173745f726567656e65726174657c693a313439383133373034363b69735f6c6f676765645f696e7c623a303b),
('f38f82f04b5b9af6db700e06a1ff29f5c978c119', '178.137.83.166', 1498159032, 0x5f5f63695f6c6173745f726567656e65726174657c693a313439383135393033323b69735f6c6f676765645f696e7c623a303b),
('f87a5e80b335f4851960e627cf9f5540f0f094bf', '85.159.214.11', 1498189293, 0x5f5f63695f6c6173745f726567656e65726174657c693a313439383138393239333b69735f6c6f676765645f696e7c623a303b),
('c3c53a40d1cd24ea30ebc361cf5af4d6193fb13d', '146.185.144.64', 1498215834, 0x5f5f63695f6c6173745f726567656e65726174657c693a313439383231353833343b69735f6c6f676765645f696e7c623a303b),
('dafa4e8ba026d2a07ee3b3aa85be5387af2fd761', '104.192.74.25', 1498228079, 0x5f5f63695f6c6173745f726567656e65726174657c693a313439383232383037383b69735f6c6f676765645f696e7c623a303b),
('6a8af9f32bb389fd8319bc73502e48613798fae1', '104.192.74.25', 1498228080, 0x5f5f63695f6c6173745f726567656e65726174657c693a313439383232383038303b69735f6c6f676765645f696e7c623a303b),
('6ad98337ebf4be5e2015cdb8a1b958c55b0b0226', '104.192.74.25', 1498228080, 0x5f5f63695f6c6173745f726567656e65726174657c693a313439383232383038303b69735f6c6f676765645f696e7c623a303b),
('3a18be0b207e0cdba5a1983a16366bada5db5058', '104.192.74.25', 1498228081, 0x5f5f63695f6c6173745f726567656e65726174657c693a313439383232383038313b69735f6c6f676765645f696e7c623a303b),
('78013ad5d341968e15c5161cfabb11e2441e3658', '40.77.167.78', 1498233135, 0x5f5f63695f6c6173745f726567656e65726174657c693a313439383233333133353b69735f6c6f676765645f696e7c623a303b),
('d1de24d2a800242389d5f761791b3893bd77fef2', '40.77.167.78', 1498233136, 0x5f5f63695f6c6173745f726567656e65726174657c693a313439383233333133363b69735f6c6f676765645f696e7c623a303b),
('a3d4961dfd3927fb0b0f489d33fd5009d056ed3a', '54.210.15.69', 1498286993, 0x5f5f63695f6c6173745f726567656e65726174657c693a313439383238363939323b69735f6c6f676765645f696e7c623a303b),
('d758351bb569dc81ce1f4e75f46cc5b08747c9c8', '40.77.167.28', 1498298813, 0x5f5f63695f6c6173745f726567656e65726174657c693a313439383239383831333b69735f6c6f676765645f696e7c623a303b),
('68159d3bc700bf5814b10dd97717b22c6d7e0ac9', '40.77.167.28', 1498298814, 0x5f5f63695f6c6173745f726567656e65726174657c693a313439383239383831343b69735f6c6f676765645f696e7c623a303b),
('873fa959e602017f4f2d7ac70202e52ea5f24ac6', '52.90.11.87', 1498308716, 0x5f5f63695f6c6173745f726567656e65726174657c693a313439383330383731363b69735f6c6f676765645f696e7c623a303b),
('22cb6f1d719d76c0cc26a8d27ede27ef3333d6b5', '52.90.11.87', 1498308716, 0x5f5f63695f6c6173745f726567656e65726174657c693a313439383330383731363b69735f6c6f676765645f696e7c623a303b),
('56d98507165ad6175e9198e74109d2d8453b984d', '104.192.74.17', 1498315133, 0x5f5f63695f6c6173745f726567656e65726174657c693a313439383331353133323b69735f6c6f676765645f696e7c623a303b),
('743e9911d823cd4c1255cd5d3afd27ff745e0ab4', '104.192.74.17', 1498315133, 0x5f5f63695f6c6173745f726567656e65726174657c693a313439383331353133333b69735f6c6f676765645f696e7c623a303b),
('91af6535c770ac88b4c903e947fa2d1b48555659', '104.192.74.17', 1498315134, 0x5f5f63695f6c6173745f726567656e65726174657c693a313439383331353133343b69735f6c6f676765645f696e7c623a303b),
('46026c431e4b11bfe01e663fec4cad9189620d1d', '104.192.74.17', 1498315134, 0x5f5f63695f6c6173745f726567656e65726174657c693a313439383331353133343b69735f6c6f676765645f696e7c623a303b),
('9eaa22b394d8f70601f820fdc0b55212a3c0f226', '52.87.86.158', 1498334216, 0x5f5f63695f6c6173745f726567656e65726174657c693a313439383333343231363b69735f6c6f676765645f696e7c623a303b),
('d1c7fbf31e0469ab1ae2b87d6bf7bb70ccd45e83', '52.87.86.158', 1498334216, 0x5f5f63695f6c6173745f726567656e65726174657c693a313439383333343231363b69735f6c6f676765645f696e7c623a303b),
('3590c4335d4f77b6eb4c319b5d03160a8690a2db', '178.137.83.166', 1498361206, 0x5f5f63695f6c6173745f726567656e65726174657c693a313439383336313230353b69735f6c6f676765645f696e7c623a303b),
('a83c9e20b18e0c9a9ded44875dd8fb3bd9471a66', '64.246.178.34', 1498367385, 0x5f5f63695f6c6173745f726567656e65726174657c693a313439383336373338353b69735f6c6f676765645f696e7c623a303b),
('db6cd19f6fb8e94e8a154d1f54547f75e1e43b2f', '64.246.178.34', 1498367385, 0x5f5f63695f6c6173745f726567656e65726174657c693a313439383336373338353b69735f6c6f676765645f696e7c623a303b),
('74c45fd0734cb85417b85750dfa456e7f681b117', '104.192.74.23', 1498397108, 0x5f5f63695f6c6173745f726567656e65726174657c693a313439383339373130383b69735f6c6f676765645f696e7c623a303b),
('a6e9dc1655a97f8bc510fe4182afa2915c555e77', '104.192.74.23', 1498397109, 0x5f5f63695f6c6173745f726567656e65726174657c693a313439383339373130393b69735f6c6f676765645f696e7c623a303b),
('d6d92e4530efb06a21607ab62257d4138189e322', '104.192.74.23', 1498397110, 0x5f5f63695f6c6173745f726567656e65726174657c693a313439383339373131303b69735f6c6f676765645f696e7c623a303b),
('e5be9cc1b9ec0351b33d0b942928fbebe102d19b', '104.192.74.23', 1498397110, 0x5f5f63695f6c6173745f726567656e65726174657c693a313439383339373131303b69735f6c6f676765645f696e7c623a303b),
('458c918e81dac28955d87954854e6de0853a1ea8', '157.55.39.220', 1498402567, 0x5f5f63695f6c6173745f726567656e65726174657c693a313439383430323536373b69735f6c6f676765645f696e7c623a303b),
('51a3c7f13e95f27b2ff7322b5f7538163520111b', '157.55.39.220', 1498402568, 0x5f5f63695f6c6173745f726567656e65726174657c693a313439383430323536383b69735f6c6f676765645f696e7c623a303b),
('9f93656c72a34091c04c7bce8640d8389f256d80', '85.159.214.11', 1498447007, 0x5f5f63695f6c6173745f726567656e65726174657c693a313439383434373030373b69735f6c6f676765645f696e7c623a303b),
('8c7e452eb456ee8a95ff675e0039028c5f95cd45', '157.55.39.220', 1498475362, 0x5f5f63695f6c6173745f726567656e65726174657c693a313439383437353336323b69735f6c6f676765645f696e7c623a303b),
('4e801b849e27b804dc5a4a181fbf530e2500f264', '157.55.39.220', 1498475544, 0x5f5f63695f6c6173745f726567656e65726174657c693a313439383437353534343b69735f6c6f676765645f696e7c623a303b),
('75929c1426ee2309f837fe82b563829ee2b4a1de', '104.192.74.26', 1498490665, 0x5f5f63695f6c6173745f726567656e65726174657c693a313439383439303636343b69735f6c6f676765645f696e7c623a303b),
('a1bc218c8027504618e139aa430d0f868c92cd4c', '104.192.74.26', 1498490665, 0x5f5f63695f6c6173745f726567656e65726174657c693a313439383439303636353b69735f6c6f676765645f696e7c623a303b),
('4181edc286f26664d5b6a70c2be3f0588191e5b3', '104.192.74.26', 1498490666, 0x5f5f63695f6c6173745f726567656e65726174657c693a313439383439303636363b69735f6c6f676765645f696e7c623a303b),
('0d577e399c38194c9c6dabdee6925450348b357e', '104.192.74.26', 1498490667, 0x5f5f63695f6c6173745f726567656e65726174657c693a313439383439303636373b69735f6c6f676765645f696e7c623a303b),
('a1339b4a2849f81a3fab1bea341f5255d515c825', '185.127.16.72', 1498534579, 0x5f5f63695f6c6173745f726567656e65726174657c693a313439383533343537393b69735f6c6f676765645f696e7c623a303b),
('aee4e85cef69b03bb964c879b07dc656c02afd14', '157.55.39.157', 1498578849, 0x5f5f63695f6c6173745f726567656e65726174657c693a313439383537383834393b69735f6c6f676765645f696e7c623a303b),
('92aec5130cc3a776e3b31d2ae42e89784e6df676', '157.55.39.157', 1498578853, 0x5f5f63695f6c6173745f726567656e65726174657c693a313439383537383835333b69735f6c6f676765645f696e7c623a303b),
('3d0178853fa8f55e80752d628ea317f6d7382212', '104.192.74.28', 1498584967, 0x5f5f63695f6c6173745f726567656e65726174657c693a313439383538343936363b69735f6c6f676765645f696e7c623a303b),
('614b760b3185fd9f49655f1acf4f678e48598adb', '104.192.74.28', 1498584967, 0x5f5f63695f6c6173745f726567656e65726174657c693a313439383538343936373b69735f6c6f676765645f696e7c623a303b),
('fd59fb75781c7ddddc00e4e1c0c6b22b57e80892', '104.192.74.28', 1498584968, 0x5f5f63695f6c6173745f726567656e65726174657c693a313439383538343936383b69735f6c6f676765645f696e7c623a303b),
('bcc9fd8d1557135dbac58d8f4cfce5c232e83837', '104.192.74.28', 1498584968, 0x5f5f63695f6c6173745f726567656e65726174657c693a313439383538343936383b69735f6c6f676765645f696e7c623a303b),
('466fe514023c47fa6c4c4010fa18f1fc4fb9bd32', '104.192.74.30', 1498644034, 0x5f5f63695f6c6173745f726567656e65726174657c693a313439383634343033343b69735f6c6f676765645f696e7c623a303b),
('590f0318b812a1bb3bd9da36ca522eb176dd0e65', '104.192.74.30', 1498644035, 0x5f5f63695f6c6173745f726567656e65726174657c693a313439383634343033353b69735f6c6f676765645f696e7c623a303b),
('87048dc8c28f215a1ac4a35e3b8c5f1e8f3e2df9', '104.192.74.30', 1498644038, 0x5f5f63695f6c6173745f726567656e65726174657c693a313439383634343033383b69735f6c6f676765645f696e7c623a303b),
('849783550565e3499dc904baabe93a1cfe6b0495', '104.192.74.30', 1498644038, 0x5f5f63695f6c6173745f726567656e65726174657c693a313439383634343033383b69735f6c6f676765645f696e7c623a303b),
('2dc3ed3f77e64f68d7f892f7fb07288447886757', '178.32.56.125', 1498709180, 0x5f5f63695f6c6173745f726567656e65726174657c693a313439383730393137393b69735f6c6f676765645f696e7c623a303b),
('34af37e040107182e3baf569d43685fe4b6dc56f', '104.192.74.30', 1498739253, 0x5f5f63695f6c6173745f726567656e65726174657c693a313439383733393235333b69735f6c6f676765645f696e7c623a303b),
('2f76119ac46b7445be2db60ac0a33880c06d7f0c', '104.192.74.30', 1498739254, 0x5f5f63695f6c6173745f726567656e65726174657c693a313439383733393235343b69735f6c6f676765645f696e7c623a303b),
('30b395291f9668f7c0fb14788e2c63d06efe5cef', '104.192.74.30', 1498739254, 0x5f5f63695f6c6173745f726567656e65726174657c693a313439383733393235343b69735f6c6f676765645f696e7c623a303b),
('3001dec3efa16a0cadd1d8b875518913fbd0a913', '104.192.74.30', 1498739255, 0x5f5f63695f6c6173745f726567656e65726174657c693a313439383733393235353b69735f6c6f676765645f696e7c623a303b),
('9c843845aea89ff285e8c33b741a5f4a508ef447', '157.55.39.238', 1498748053, 0x5f5f63695f6c6173745f726567656e65726174657c693a313439383734383035333b69735f6c6f676765645f696e7c623a303b),
('f183c61709d3abb18e9a018d7a29d696402f3d26', '157.55.39.238', 1498748054, 0x5f5f63695f6c6173745f726567656e65726174657c693a313439383734383035343b69735f6c6f676765645f696e7c623a303b),
('feac331d339bce5e6780879153387684a8ef9238', '188.165.26.121', 1498822636, 0x5f5f63695f6c6173745f726567656e65726174657c693a313439383832323633353b69735f6c6f676765645f696e7c623a303b),
('3ecf942fe488ae42d802038c6bdf763a1277002b', '188.165.26.121', 1498822636, 0x5f5f63695f6c6173745f726567656e65726174657c693a313439383832323633363b69735f6c6f676765645f696e7c623a303b),
('5e8ed6c544108918d54b891beef414b1a115690a', '167.114.172.225', 1498829718, 0x5f5f63695f6c6173745f726567656e65726174657c693a313439383832393731383b69735f6c6f676765645f696e7c623a303b),
('13f8aa2109baae0e7f2a80efe3f78bfcac8f7825', '167.114.172.225', 1498829729, 0x5f5f63695f6c6173745f726567656e65726174657c693a313439383832393731393b69735f6c6f676765645f696e7c623a303b),
('d8c482e5a7bd89d256ae8307e863b570910d0e80', '167.114.172.225', 1498829730, 0x5f5f63695f6c6173745f726567656e65726174657c693a313439383832393733303b69735f6c6f676765645f696e7c623a303b),
('fcc3f60feca3c33d76c4aa16bfe96d39d4136c9a', '104.192.74.16', 1498838139, 0x5f5f63695f6c6173745f726567656e65726174657c693a313439383833383133383b69735f6c6f676765645f696e7c623a303b),
('9e6e771ca897a7ab51ab505bb6b4993825acbdba', '104.192.74.16', 1498838139, 0x5f5f63695f6c6173745f726567656e65726174657c693a313439383833383133393b69735f6c6f676765645f696e7c623a303b),
('ff77df95655c349f75b53131b9c52161ce178c98', '104.192.74.16', 1498838140, 0x5f5f63695f6c6173745f726567656e65726174657c693a313439383833383134303b69735f6c6f676765645f696e7c623a303b),
('de1b60f654a21247618a1c4849fa89ca36cc550f', '104.192.74.16', 1498838140, 0x5f5f63695f6c6173745f726567656e65726174657c693a313439383833383134303b69735f6c6f676765645f696e7c623a303b),
('0dfc8b468e7d25630abc30a94ad7a60f7ee51176', '54.159.184.132', 1498866175, 0x5f5f63695f6c6173745f726567656e65726174657c693a313439383836363137353b69735f6c6f676765645f696e7c623a303b),
('fe751d67184bd0c4d6131e8de936e01e7d0a1797', '185.127.17.208', 1498880010, 0x5f5f63695f6c6173745f726567656e65726174657c693a313439383838303031303b69735f6c6f676765645f696e7c623a303b),
('9308fa11c3bc32de6371601de4b4c48922857026', '40.77.167.98', 1498919568, 0x5f5f63695f6c6173745f726567656e65726174657c693a313439383931393536383b69735f6c6f676765645f696e7c623a303b),
('c215b7a1fe936ac552aa2693f821f28c00b3ad3f', '40.77.167.98', 1498919569, 0x5f5f63695f6c6173745f726567656e65726174657c693a313439383931393536393b69735f6c6f676765645f696e7c623a303b),
('268de4167da94e4b5eb74ac6f96d46e74aabd6be', '104.192.74.19', 1498920815, 0x5f5f63695f6c6173745f726567656e65726174657c693a313439383932303831353b69735f6c6f676765645f696e7c623a303b),
('3aaee14463689a9972b7fbfb759cb8ea636dd9b8', '104.192.74.19', 1498920816, 0x5f5f63695f6c6173745f726567656e65726174657c693a313439383932303831363b69735f6c6f676765645f696e7c623a303b),
('6e202b998f67769e6a94c663b42f818d41c20e76', '104.192.74.19', 1498920816, 0x5f5f63695f6c6173745f726567656e65726174657c693a313439383932303831363b69735f6c6f676765645f696e7c623a303b),
('e32c1a1475d806f74c387ed79f89fedeb7caf72b', '104.192.74.19', 1498920817, 0x5f5f63695f6c6173745f726567656e65726174657c693a313439383932303831373b69735f6c6f676765645f696e7c623a303b),
('5213366ace8129869a7655f0d61fd8b45028791f', '192.99.100.93', 1498963204, 0x5f5f63695f6c6173745f726567656e65726174657c693a313439383936333230343b69735f6c6f676765645f696e7c623a303b),
('8a130734989f3c6271f4e35605b6accb26555cc4', '151.80.126.209', 1498967177, 0x5f5f63695f6c6173745f726567656e65726174657c693a313439383936373137373b69735f6c6f676765645f696e7c623a303b),
('008e8396d5ec8fba945067bdbc0c0f535f515dab', '104.192.74.19', 1498983883, 0x5f5f63695f6c6173745f726567656e65726174657c693a313439383938333838323b69735f6c6f676765645f696e7c623a303b),
('3442b26439b22ca85d064ab1528f3be74b1025b3', '104.192.74.19', 1498983883, 0x5f5f63695f6c6173745f726567656e65726174657c693a313439383938333838333b69735f6c6f676765645f696e7c623a303b),
('cca8829305d523ef8a2d99c408239c36aeebf6ee', '104.192.74.19', 1498983884, 0x5f5f63695f6c6173745f726567656e65726174657c693a313439383938333838343b69735f6c6f676765645f696e7c623a303b),
('4e0386dc0c7f1c04d28f18c4c9765a656c53fecf', '104.192.74.19', 1498983885, 0x5f5f63695f6c6173745f726567656e65726174657c693a313439383938333838353b69735f6c6f676765645f696e7c623a303b),
('69bf5546eea43a610150799c540a7894e387e1a1', '139.59.170.165', 1499053152, 0x5f5f63695f6c6173745f726567656e65726174657c693a313439393035333135323b69735f6c6f676765645f696e7c623a303b),
('a9489566943e7d0d908dce8b7492ea0ccfe532e2', '104.192.74.45', 1499080728, 0x5f5f63695f6c6173745f726567656e65726174657c693a313439393038303732383b69735f6c6f676765645f696e7c623a303b),
('ac312bb0cb82cdd8764f9191bfdb5869333677c8', '104.192.74.45', 1499080729, 0x5f5f63695f6c6173745f726567656e65726174657c693a313439393038303732393b69735f6c6f676765645f696e7c623a303b),
('640cf88e6a1a8d0112ad19e8afbb82b58bf89e82', '104.192.74.45', 1499080729, 0x5f5f63695f6c6173745f726567656e65726174657c693a313439393038303732393b69735f6c6f676765645f696e7c623a303b),
('6705820e7aa8c3154f20d305c1384ed3097a8186', '104.192.74.45', 1499080730, 0x5f5f63695f6c6173745f726567656e65726174657c693a313439393038303733303b69735f6c6f676765645f696e7c623a303b),
('8d879c743b4b27b32c3e7aed320b30e483ecc9dd', '195.154.217.211', 1499086316, 0x5f5f63695f6c6173745f726567656e65726174657c693a313439393038363331353b69735f6c6f676765645f696e7c623a303b),
('a3eb55b52da903c6fc452e89f9090ab359c313f4', '195.154.217.211', 1499086317, 0x5f5f63695f6c6173745f726567656e65726174657c693a313439393038363331373b69735f6c6f676765645f696e7c623a303b),
('fd44b63830a6298f59bbe897470411270368e619', '192.151.159.2', 1499110264, 0x5f5f63695f6c6173745f726567656e65726174657c693a313439393131303236343b69735f6c6f676765645f696e7c623a303b),
('fd856d8fb886d8c0cd042e94ff43cf0f8568230e', '69.30.255.186', 1499124628, 0x5f5f63695f6c6173745f726567656e65726174657c693a313439393132343632383b69735f6c6f676765645f696e7c623a303b),
('9c2e8145b9d8cb4a6ae2e99b7f84589b44fad5e6', '139.59.170.240', 1499139450, 0x5f5f63695f6c6173745f726567656e65726174657c693a313439393133393435303b69735f6c6f676765645f696e7c623a303b),
('8a80054bea10d125a3e06d28277d281efa120f8d', '104.192.74.13', 1499166275, 0x5f5f63695f6c6173745f726567656e65726174657c693a313439393136363237343b69735f6c6f676765645f696e7c623a303b),
('1eba672f0c36bb2deb3a0ca1c09ee0477bfe1b19', '104.192.74.13', 1499166275, 0x5f5f63695f6c6173745f726567656e65726174657c693a313439393136363237353b69735f6c6f676765645f696e7c623a303b),
('dd3395153639eb9f1fa884afa7046fdef21b86af', '104.192.74.13', 1499166276, 0x5f5f63695f6c6173745f726567656e65726174657c693a313439393136363237363b69735f6c6f676765645f696e7c623a303b),
('161d56703e878a2f52c25aa23b55295e1aa1b0b0', '104.192.74.13', 1499166276, 0x5f5f63695f6c6173745f726567656e65726174657c693a313439393136363237363b69735f6c6f676765645f696e7c623a303b),
('f9110d97ac11f4f0a579b910c3ac6839f4925c04', '180.191.139.88', 1499177090, 0x5f5f63695f6c6173745f726567656e65726174657c693a313439393137373039303b69735f6c6f676765645f696e7c623a303b),
('0522abb5fb34f90be6501b2198b5caa5b816a7ff', '13.76.241.210', 1499171300, 0x5f5f63695f6c6173745f726567656e65726174657c693a313439393137313330303b69735f6c6f676765645f696e7c623a303b),
('f48a9928eced594bbe5a34bc4551d4086a7dabf4', '13.76.241.210', 1499171300, 0x5f5f63695f6c6173745f726567656e65726174657c693a313439393137313330303b69735f6c6f676765645f696e7c623a303b),
('1fb5900a3b3f2c3320dd3abf0f8ce630268abbf9', '112.198.70.96', 1499171360, 0x5f5f63695f6c6173745f726567656e65726174657c693a313439393137313335393b69735f6c6f676765645f696e7c623a303b),
('f9ba85aff3a9ca1601e6e2a2998b5c622251af4a', '23.249.130.116', 1499175244, 0x5f5f63695f6c6173745f726567656e65726174657c693a313439393137353234343b69735f6c6f676765645f696e7c623a303b),
('f2c98c02fe6cb5a9e3096d1f04b929f33ec6ceb4', '23.249.130.116', 1499175245, 0x5f5f63695f6c6173745f726567656e65726174657c693a313439393137353234353b69735f6c6f676765645f696e7c623a303b),
('6d46a7e7c839c32d8500dfc604ea9223d033d546', '180.191.139.88', 1499178679, 0x5f5f63695f6c6173745f726567656e65726174657c693a313439393137383637393b69735f6c6f676765645f696e7c623a303b),
('8d396c2eed57a9eae6ca4f32992049dd1e88ffb5', '180.191.139.88', 1499179167, 0x5f5f63695f6c6173745f726567656e65726174657c693a313439393137393136373b69735f6c6f676765645f696e7c623a303b6d6573736167657c733a32323a223c703e496e636f7272656374204c6f67696e3c2f703e223b5f5f63695f766172737c613a313a7b733a373a226d657373616765223b733a333a226e6577223b7d),
('db0ebb97f66201aa3c2d57f4b70716dfbee6d51f', '180.191.139.88', 1499179481, 0x5f5f63695f6c6173745f726567656e65726174657c693a313439393137393438313b69735f6c6f676765645f696e7c623a303b6d6573736167657c733a32323a223c703e496e636f7272656374204c6f67696e3c2f703e223b5f5f63695f766172737c613a313a7b733a373a226d657373616765223b733a333a226f6c64223b7d),
('c565b73dff9065b785e09446642c0b9cb5a5bddd', '180.191.139.88', 1499180184, 0x5f5f63695f6c6173745f726567656e65726174657c693a313439393138303138343b69735f6c6f676765645f696e7c623a303b),
('2636136fd6123e9c2293360ff719402852666fe0', '180.191.139.88', 1499179880, 0x5f5f63695f6c6173745f726567656e65726174657c693a313439393137393838303b6964656e746974797c733a31313a22636872697370696e756775223b757365726e616d657c733a31313a22636872697370696e756775223b656d61696c7c733a303a22223b757365725f69647c733a323a223232223b6f6c645f6c6173745f6c6f67696e7c733a31303a2231343831383939333634223b69735f6c6f676765645f696e7c623a303b),
('2a6faf8eba7b3206ce24b2c42c99124e05f953df', '38.100.21.62', 1499179775, 0x5f5f63695f6c6173745f726567656e65726174657c693a313439393137393737353b69735f6c6f676765645f696e7c623a303b),
('a2dd2b4098f4328c3b4ed65605445d956fc5d6ac', '180.191.139.88', 1499180345, 0x5f5f63695f6c6173745f726567656e65726174657c693a313439393138303334353b6964656e746974797c733a31313a22636872697370696e756775223b757365726e616d657c733a31313a22636872697370696e756775223b656d61696c7c733a303a22223b757365725f69647c733a323a223232223b6f6c645f6c6173745f6c6f67696e7c733a31303a2231343939313739373538223b69735f6c6f676765645f696e7c623a303b),
('f318f79da4aee89d15d95de569847bd3257cd459', '180.191.139.88', 1499183947, 0x5f5f63695f6c6173745f726567656e65726174657c693a313439393138333934373b6d6573736167657c733a33303a223c703e4c6f67676564204f7574205375636365737366756c6c793c2f703e223b5f5f63695f766172737c613a313a7b733a373a226d657373616765223b733a333a226f6c64223b7d),
('a701c296e43dafdc8f7c202146664cec0161e526', '138.197.119.163', 1499182808, 0x5f5f63695f6c6173745f726567656e65726174657c693a313439393138323830383b69735f6c6f676765645f696e7c623a303b),
('84d072e97f2fde48951b25d2721be3491d97f823', '180.191.139.88', 1499183928, 0x5f5f63695f6c6173745f726567656e65726174657c693a313439393138333831353b6964656e746974797c733a31393a226b656e6e656479616e672d737570706c696572223b757365726e616d657c733a31393a226b656e6e656479616e672d737570706c696572223b656d61696c7c733a303a22223b757365725f69647c733a323a223139223b6f6c645f6c6173745f6c6f67696e7c733a31303a2231343939313830343033223b69735f6c6f676765645f696e7c623a303b),
('d39c66f77f7c97a4f51cfe5c780b6ac54d957984', '180.191.139.88', 1499184131, 0x5f5f63695f6c6173745f726567656e65726174657c693a313439393138343133313b),
('5510eb4bb9689ad35ed80255a39c9b448de1bfb7', '180.191.139.88', 1499184131, 0x5f5f63695f6c6173745f726567656e65726174657c693a313439393138343133313b),
('7ba59bca6719e92a481ba3224e20ed189aa0c5d2', '180.191.139.88', 1499184156, 0x5f5f63695f6c6173745f726567656e65726174657c693a313439393138343135363b6d6573736167657c733a33303a223c703e4c6f67676564204f7574205375636365737366756c6c793c2f703e223b5f5f63695f766172737c613a313a7b733a373a226d657373616765223b733a333a226f6c64223b7d),
('674ad06a395b5bf602b776fe0b588b18468ba0ef', '45.55.62.193', 1499186723, 0x5f5f63695f6c6173745f726567656e65726174657c693a313439393138363732333b69735f6c6f676765645f696e7c623a303b),
('c2e2492cbf5dbfaed5792061c3a070cf46317ab1', '138.197.4.127', 1499192728, 0x5f5f63695f6c6173745f726567656e65726174657c693a313439393139323732383b69735f6c6f676765645f696e7c623a303b),
('7d5bdd79091c622b9f5371322d5cc6292c99d2d1', '40.78.146.128', 1499212277, 0x5f5f63695f6c6173745f726567656e65726174657c693a313439393231323237373b69735f6c6f676765645f696e7c623a303b),
('efbab23ae95ba3701ce47f2309dc0afbcffe121b', '40.78.146.128', 1499212278, 0x5f5f63695f6c6173745f726567656e65726174657c693a313439393231323237383b69735f6c6f676765645f696e7c623a303b),
('427cd0266cb92347b7a0a1c31c5b126db481d530', '185.127.16.212', 1499231345, 0x5f5f63695f6c6173745f726567656e65726174657c693a313439393233313334353b69735f6c6f676765645f696e7c623a303b),
('2f5a0123b7d6c095b594537a40f57122db9959e6', '180.191.139.88', 1499254959, 0x5f5f63695f6c6173745f726567656e65726174657c693a313439393235343931323b69735f6c6f676765645f696e7c623a303b),
('1d53471c15a68dde048d5f80b5c0ed3a7ab90d13', '23.99.101.118', 1499254977, 0x5f5f63695f6c6173745f726567656e65726174657c693a313439393235343937373b69735f6c6f676765645f696e7c623a303b),
('d84ffc31e2d7aa36172fee30b17c5ed07c300bca', '110.54.202.121', 1499255383, 0x5f5f63695f6c6173745f726567656e65726174657c693a313439393235353338333b69735f6c6f676765645f696e7c623a303b),
('3e08352cb81f46e9bd097176313af0db53d732e3', '104.192.74.31', 1499255902, 0x5f5f63695f6c6173745f726567656e65726174657c693a313439393235353930313b69735f6c6f676765645f696e7c623a303b),
('4d0c285007bbc7153a31f6644ac84e0169442a6e', '104.192.74.31', 1499255902, 0x5f5f63695f6c6173745f726567656e65726174657c693a313439393235353930323b69735f6c6f676765645f696e7c623a303b),
('478bd621575c914d6a5985a81647bc971a522e59', '104.192.74.31', 1499255903, 0x5f5f63695f6c6173745f726567656e65726174657c693a313439393235353930333b69735f6c6f676765645f696e7c623a303b),
('a92a28c3c23e4542a600e2d1c43b98380ebeae41', '104.192.74.31', 1499255903, 0x5f5f63695f6c6173745f726567656e65726174657c693a313439393235353930333b69735f6c6f676765645f696e7c623a303b),
('4cc93378b8ac9f7aa2dd377b2575ca383de2f2e2', '120.29.112.92', 1499261149, 0x5f5f63695f6c6173745f726567656e65726174657c693a313439393236313033393b69735f6c6f676765645f696e7c623a303b6964656e746974797c733a31313a2272616c70686a6573793132223b757365726e616d657c733a31313a2272616c70686a6573793132223b656d61696c7c733a303a22223b757365725f69647c733a323a223234223b6f6c645f6c6173745f6c6f67696e7c733a31303a2231343939323631313239223b636f6d70616e795f69647c733a323a223339223b737570706c6965727c623a303b67726f7570737c613a313a7b693a303b733a313a2232223b7d636f6e746163745f69647c733a323a223532223b63617465676f72795f69647c733a313a2231223b636172745f69647c693a32373b),
('9e7051068c56621f1b472ae67cf57ccd32c6f4d0', '40.77.167.137', 1499266531, 0x5f5f63695f6c6173745f726567656e65726174657c693a313439393236363533313b69735f6c6f676765645f696e7c623a303b),
('13b2e8830281406a01bd29a0e72e15b7196fa352', '40.77.167.137', 1499266533, 0x5f5f63695f6c6173745f726567656e65726174657c693a313439393236363533333b69735f6c6f676765645f696e7c623a303b),
('70f8443cda286ce7aa2b7d436c34726178739092', '35.192.33.15', 1499282595, 0x5f5f63695f6c6173745f726567656e65726174657c693a313439393238323539353b69735f6c6f676765645f696e7c623a303b),
('ba0bf6ef7dd9239bfcc481b686e17f4683515034', '91.200.12.91', 1499318513, 0x5f5f63695f6c6173745f726567656e65726174657c693a313439393331383531333b69735f6c6f676765645f696e7c623a303b),
('75ea315f29d0cbe94bc6b211d5c780988128e1e4', '130.211.204.163', 1499337723, 0x5f5f63695f6c6173745f726567656e65726174657c693a313439393333373732323b69735f6c6f676765645f696e7c623a303b),
('2de4365d549c21ae2b11e6b39a11699bacb0bb2d', '104.192.74.19', 1499362482, 0x5f5f63695f6c6173745f726567656e65726174657c693a313439393336323438313b69735f6c6f676765645f696e7c623a303b),
('8a1971a44ddf2ed78443c932743d71e3c24eee12', '104.192.74.19', 1499362482, 0x5f5f63695f6c6173745f726567656e65726174657c693a313439393336323438323b69735f6c6f676765645f696e7c623a303b),
('8f747f65d70efbcf81f8233b5835f74df0e07dff', '104.192.74.19', 1499362483, 0x5f5f63695f6c6173745f726567656e65726174657c693a313439393336323438333b69735f6c6f676765645f696e7c623a303b),
('cb6d733e03095f7462be91167195922106b6e7e4', '104.192.74.19', 1499362484, 0x5f5f63695f6c6173745f726567656e65726174657c693a313439393336323438343b69735f6c6f676765645f696e7c623a303b),
('3021110116dc8c33887e82c48b9ae0b002c68fc8', '83.136.254.53', 1499398075, 0x5f5f63695f6c6173745f726567656e65726174657c693a313439393339383037343b69735f6c6f676765645f696e7c623a303b),
('1f4043a4854313874fc9b58ae93b4d836e8150ba', '157.55.39.247', 1499443831, 0x5f5f63695f6c6173745f726567656e65726174657c693a313439393434333833313b69735f6c6f676765645f696e7c623a303b),
('3b98f5e339be74d761af0a4c0c9cb5cd394cdaf1', '157.55.39.247', 1499443833, 0x5f5f63695f6c6173745f726567656e65726174657c693a313439393434333833333b69735f6c6f676765645f696e7c623a303b),
('f2158ea101d9b2dc54d98e622458fc7c39b345be', '138.197.20.231', 1499445196, 0x5f5f63695f6c6173745f726567656e65726174657c693a313439393434353139363b69735f6c6f676765645f696e7c623a303b),
('e228415dad6ab844f0dbe4d763526283da059442', '138.197.20.231', 1499445198, 0x5f5f63695f6c6173745f726567656e65726174657c693a313439393434353139383b69735f6c6f676765645f696e7c623a303b),
('ce5f466cc5cce3eb93d434846eb92a63de7d4ea5', '104.192.74.20', 1499448750, 0x5f5f63695f6c6173745f726567656e65726174657c693a313439393434383735303b69735f6c6f676765645f696e7c623a303b),
('16127a74c87d470eb128c066071d812a3d78119f', '104.192.74.20', 1499448751, 0x5f5f63695f6c6173745f726567656e65726174657c693a313439393434383735313b69735f6c6f676765645f696e7c623a303b),
('ea8fc78fa7286887b09d2a64c8bab931af68e45c', '104.192.74.20', 1499448751, 0x5f5f63695f6c6173745f726567656e65726174657c693a313439393434383735313b69735f6c6f676765645f696e7c623a303b),
('5b4ffe86e41e9c51aaae23fa6644aa0c6294fb6f', '104.192.74.20', 1499448752, 0x5f5f63695f6c6173745f726567656e65726174657c693a313439393434383735323b69735f6c6f676765645f696e7c623a303b),
('5d463c0207f25c4986b7725635869b0f7cf9364a', '138.197.90.175', 1499451065, 0x5f5f63695f6c6173745f726567656e65726174657c693a313439393435313036353b69735f6c6f676765645f696e7c623a303b),
('45202cc667e0a9abc96b362cd870d9c2bb37485d', '138.197.90.175', 1499451069, 0x5f5f63695f6c6173745f726567656e65726174657c693a313439393435313036393b69735f6c6f676765645f696e7c623a303b),
('9d5c05c62f6ef4f9080036f8a5aa58a861bf847a', '120.29.117.193', 1499492094, 0x5f5f63695f6c6173745f726567656e65726174657c693a313439393439323039343b),
('0bea8023bb9548009ab2f3828b109551bc00eedc', '110.54.146.212', 1499492094, 0x5f5f63695f6c6173745f726567656e65726174657c693a313439393439323039343b),
('0e4e4caa748fb0538940097c50f20d4ed026b687', '163.172.4.153', 1499531229, 0x5f5f63695f6c6173745f726567656e65726174657c693a313439393533313232393b69735f6c6f676765645f696e7c623a303b),
('15ac6c13ef3283e2a3e48033dc822817514e89df', '163.172.4.153', 1499531230, 0x5f5f63695f6c6173745f726567656e65726174657c693a313439393533313233303b69735f6c6f676765645f696e7c623a303b);

-- --------------------------------------------------------

--
-- Table structure for table `company`
--

CREATE TABLE `company` (
  `id` int(11) NOT NULL,
  `name` text NOT NULL,
  `vat` varchar(100) DEFAULT NULL,
  `businesstype_id` int(11) DEFAULT NULL,
  `businessregistration` varchar(100) DEFAULT NULL,
  `blacklisted_flag` char(1) NOT NULL DEFAULT 'n',
  `blacklistedremarks` text,
  `dateblacklisted` datetime DEFAULT NULL,
  `enabled_flag` char(1) NOT NULL DEFAULT 'y',
  `supplier_flag` char(1) NOT NULL DEFAULT 'n',
  `delete_flag` char(1) NOT NULL DEFAULT 'n'
) ENGINE=InnoDB DEFAULT CHARSET=latin1;

--
-- Dumping data for table `company`
--

INSERT INTO `company` (`id`, `name`, `vat`, `businesstype_id`, `businessregistration`, `blacklisted_flag`, `blacklistedremarks`, `dateblacklisted`, `enabled_flag`, `supplier_flag`, `delete_flag`) VALUES
(1, 'Test Company', NULL, NULL, NULL, 'n', NULL, NULL, 'y', 'n', 'n'),
(2, 'company name', 'vat', 0, 'test', 'n', NULL, NULL, 'y', 'n', 'n'),
(3, 'company name', 'vat', 0, 'test', 'n', NULL, NULL, 'y', 'n', 'n'),
(4, 'company name', 'vat', 0, 'test', 'n', NULL, NULL, 'y', 'n', 'n'),
(5, 'company name', 'vat', 0, 'test', 'n', NULL, NULL, 'y', 'n', 'n'),
(6, 'company name', 'vat', 0, 'test', 'n', NULL, NULL, 'y', 'n', 'n'),
(7, 'company name', 'vat', 0, 'test', 'n', NULL, NULL, 'y', 'n', 'n'),
(8, 'company name', 'vat', 0, 'test', 'n', NULL, NULL, 'y', 'n', 'n'),
(9, 'company name', 'vat', 0, 'test', 'n', NULL, NULL, 'y', 'n', 'n'),
(10, 'company name', 'vat', 0, 'test', 'n', NULL, NULL, 'y', 'n', 'n'),
(11, 'company name', 'vat', 0, 'test', 'n', NULL, NULL, 'y', 'n', 'n'),
(12, 'company name', 'vat', 0, 'test', 'n', NULL, NULL, 'y', 'n', 'n'),
(13, 'company name', 'vat', 0, 'test', 'n', NULL, NULL, 'y', 'n', 'n'),
(14, 'company name', 'vat', 0, 'test', 'n', NULL, NULL, 'y', 'n', 'n'),
(15, 'company name', 'vat', 0, 'test', 'n', NULL, NULL, 'y', 'n', 'n'),
(16, 'company name', 'vat', 0, 'test', 'n', NULL, NULL, 'y', 'n', 'n'),
(17, 'company name', 'vat', 0, 'test', 'n', NULL, NULL, 'y', 'n', 'n'),
(18, 'company name', 'vat', 0, 'test', 'n', NULL, NULL, 'y', 'n', 'n'),
(19, 'company name', 'vat', 0, 'test', 'n', NULL, NULL, 'y', 'n', 'n'),
(20, 'company name', 'vat', 0, 'test', 'n', NULL, NULL, 'y', 'n', 'n'),
(21, 'company name', 'vat', 0, 'test', 'n', NULL, NULL, 'y', 'n', 'n'),
(22, 'test', '', 0, '', 'n', NULL, NULL, 'y', 'y', 'n'),
(23, 'test', '', 0, '', 'n', NULL, NULL, 'y', 'y', 'n'),
(24, 'test', '', 0, '', 'n', NULL, NULL, 'y', 'y', 'n'),
(25, 'test', '', 0, '', 'n', NULL, NULL, 'y', 'y', 'n'),
(26, 'test', '', 0, '', 'n', NULL, NULL, 'y', 'n', 'n'),
(27, 'customer', 'customer', 0, 'customer', 'n', NULL, NULL, 'y', 'n', 'n'),
(28, 'Agile Videos', '12345678', 1, 'Registration1', 'n', NULL, NULL, 'y', 'n', 'n'),
(29, 'supplier', '', 0, '', 'n', NULL, NULL, 'y', 'y', 'n'),
(30, 'supplier2', '', 0, '', 'n', NULL, NULL, 'y', 'y', 'n'),
(31, 'Customer 2222', '', 1, '', 'n', NULL, NULL, 'y', 'n', 'n'),
(32, 'Company 3', '', 1, '', 'n', NULL, NULL, 'y', 'n', 'n'),
(33, 'Kennedy Ang Video', '', 1, '', 'n', NULL, NULL, 'y', 'y', 'n'),
(34, 'chris works', '', 1, '', 'n', NULL, NULL, 'y', 'n', 'n'),
(35, 'sfsd', 'safsa', 1, 'sfsdf', 'n', NULL, NULL, 'y', 'n', 'n'),
(36, 'chrispinugu company', '2-456-321', 2, '290678543', 'n', NULL, NULL, 'y', 'n', 'n'),
(37, 'colorado company', '', 1, '', 'n', NULL, NULL, 'y', 'n', 'n'),
(38, 'chris company', '', 1, '', 'n', NULL, NULL, 'y', 'n', 'n'),
(39, 'Company Name', 'VAT #', 1, 'Business Registration', 'n', NULL, NULL, 'y', 'n', 'n');

-- --------------------------------------------------------

--
-- Table structure for table `companyimage`
--

CREATE TABLE `companyimage` (
  `id` int(11) NOT NULL,
  `company_id` int(11) NOT NULL,
  `filename` varchar(100) NOT NULL,
  `domain` varchar(100) NOT NULL,
  `filelocation` varchar(150) NOT NULL,
  `imagetype_id` int(11) NOT NULL,
  `primaryimage_flag` char(1) NOT NULL,
  `delete_flag` char(1) NOT NULL
) ENGINE=InnoDB DEFAULT CHARSET=latin1;

-- --------------------------------------------------------

--
-- Table structure for table `company_product`
--

CREATE TABLE `company_product` (
  `id` int(11) NOT NULL,
  `company_id` int(11) NOT NULL,
  `product_id` int(11) NOT NULL,
  `retailprice` decimal(10,2) NOT NULL,
  `wholesaleprice` decimal(10,2) NOT NULL,
  `dateupdatedretailprice` datetime NOT NULL,
  `dateupdatedwholesaleprice` datetime NOT NULL,
  `enable_flag` char(1) NOT NULL DEFAULT 'y',
  `delete_flag` char(1) NOT NULL DEFAULT 'n'
) ENGINE=InnoDB DEFAULT CHARSET=latin1;

--
-- Dumping data for table `company_product`
--

INSERT INTO `company_product` (`id`, `company_id`, `product_id`, `retailprice`, `wholesaleprice`, `dateupdatedretailprice`, `dateupdatedwholesaleprice`, `enable_flag`, `delete_flag`) VALUES
(1, 29, 1, '150.00', '100.00', '2016-10-16 00:00:00', '2016-11-08 21:49:42', 'y', 'n'),
(2, 30, 1, '120.00', '120.00', '2016-10-16 00:00:00', '2016-10-16 00:00:00', 'y', 'n'),
(3, 33, 9, '300.00', '225.00', '2016-12-01 04:17:17', '2016-12-01 04:17:20', 'y', 'n'),
(4, 33, 1, '105.00', '95.00', '2017-02-11 08:59:12', '2017-02-11 08:59:01', 'y', 'n'),
(5, 33, 2, '150.00', '90.00', '2016-12-01 04:17:17', '2016-12-01 04:17:20', 'y', 'n'),
(6, 33, 7, '650.00', '540.00', '2016-12-01 04:17:17', '2016-12-01 04:17:20', 'y', 'n'),
(7, 33, 8, '550.00', '450.00', '2016-12-01 04:17:17', '2016-12-01 04:17:20', 'y', 'n');

-- --------------------------------------------------------

--
-- Table structure for table `contact`
--

CREATE TABLE `contact` (
  `id` int(11) NOT NULL,
  `company_id` int(11) NOT NULL,
  `name` varchar(150) NOT NULL,
  `lastname` varchar(100) DEFAULT NULL,
  `firstname` varchar(100) DEFAULT NULL,
  `middlename` varchar(100) DEFAULT NULL,
  `designation` varchar(100) NOT NULL,
  `primary_flag` char(1) NOT NULL DEFAULT 'n',
  `enable_flag` char(1) NOT NULL DEFAULT 'y',
  `delete_flag` char(1) NOT NULL DEFAULT 'n'
) ENGINE=InnoDB DEFAULT CHARSET=latin1;

--
-- Dumping data for table `contact`
--

INSERT INTO `contact` (`id`, `company_id`, `name`, `lastname`, `firstname`, `middlename`, `designation`, `primary_flag`, `enable_flag`, `delete_flag`) VALUES
(1, 4, 'primary name', NULL, NULL, NULL, 'primary designation', 'y', 'y', 'n'),
(2, 0, 'secondary name', NULL, NULL, NULL, 'secondary designation', 'n', 'y', 'n'),
(3, 5, 'primary name', NULL, NULL, NULL, 'primary designation', 'y', 'y', 'n'),
(4, 0, 'secondary name', NULL, NULL, NULL, 'secondary designation', 'n', 'y', 'n'),
(5, 6, 'primary name', NULL, NULL, NULL, 'primary designation', 'y', 'y', 'n'),
(6, 0, 'secondary name', NULL, NULL, NULL, 'secondary designation', 'n', 'y', 'n'),
(7, 7, 'primary name', NULL, NULL, NULL, 'primary designation', 'y', 'y', 'n'),
(8, 0, 'secondary name', NULL, NULL, NULL, 'secondary designation', 'n', 'y', 'n'),
(9, 9, 'primary name', NULL, NULL, NULL, 'primary designation', 'y', 'y', 'n'),
(10, 0, 'secondary name', NULL, NULL, NULL, 'secondary designation', 'n', 'y', 'n'),
(11, 10, 'primary name', NULL, NULL, NULL, 'primary designation', 'y', 'y', 'n'),
(12, 0, 'secondary name', NULL, NULL, NULL, 'secondary designation', 'n', 'y', 'n'),
(13, 11, 'primary name', NULL, NULL, NULL, 'primary designation', 'y', 'y', 'n'),
(14, 0, 'secondary name', NULL, NULL, NULL, 'secondary designation', 'n', 'y', 'n'),
(15, 12, 'primary name', NULL, NULL, NULL, 'primary designation', 'y', 'y', 'n'),
(16, 0, 'secondary name', NULL, NULL, NULL, 'secondary designation', 'n', 'y', 'n'),
(17, 13, 'primary name', NULL, NULL, NULL, 'primary designation', 'y', 'y', 'n'),
(18, 0, 'secondary name', NULL, NULL, NULL, 'secondary designation', 'n', 'y', 'n'),
(19, 14, 'primary name', NULL, NULL, NULL, 'primary designation', 'y', 'y', 'n'),
(20, 0, 'secondary name', NULL, NULL, NULL, 'secondary designation', 'n', 'y', 'n'),
(21, 15, 'primary name', NULL, NULL, NULL, 'primary designation', 'y', 'y', 'n'),
(22, 0, 'secondary name', NULL, NULL, NULL, 'secondary designation', 'n', 'y', 'n'),
(23, 16, 'primary name', NULL, NULL, NULL, 'primary designation', 'y', 'y', 'n'),
(24, 0, 'secondary name', NULL, NULL, NULL, 'secondary designation', 'n', 'y', 'n'),
(25, 18, 'primary name', NULL, NULL, NULL, 'primary designation', 'y', 'y', 'n'),
(26, 0, 'secondary name', NULL, NULL, NULL, 'secondary designation', 'n', 'y', 'n'),
(27, 19, 'primary name', NULL, NULL, NULL, 'primary designation', 'y', 'y', 'n'),
(28, 0, 'secondary name', NULL, NULL, NULL, 'secondary designation', 'n', 'y', 'n'),
(29, 20, 'primary name', NULL, NULL, NULL, 'primary designation', 'y', 'y', 'n'),
(30, 0, 'secondary name', NULL, NULL, NULL, 'secondary designation', 'n', 'y', 'n'),
(31, 21, 'primary name', NULL, NULL, NULL, 'primary designation', 'y', 'y', 'n'),
(32, 0, 'secondary name', NULL, NULL, NULL, 'secondary designation', 'n', 'y', 'n'),
(33, 22, 'test', NULL, NULL, NULL, 'test', 'y', 'y', 'n'),
(34, 23, 'test', NULL, NULL, NULL, 'test', 'y', 'y', 'n'),
(35, 24, 'test', NULL, NULL, NULL, 'test', 'y', 'y', 'n'),
(36, 25, 'test', NULL, NULL, NULL, 'test', 'y', 'y', 'n'),
(37, 26, 'test', NULL, NULL, NULL, 'test', 'y', 'y', 'n'),
(38, 27, 'customer', NULL, NULL, NULL, 'customer', 'y', 'y', 'n'),
(39, 0, 'customer', NULL, NULL, NULL, 'customer', 'n', 'y', 'n'),
(40, 28, 'kennedy ang', NULL, NULL, NULL, 'manager', 'y', 'y', 'n'),
(41, 29, 'supplier', NULL, NULL, NULL, 'supplier', 'y', 'y', 'n'),
(42, 30, 'supplier2', NULL, NULL, NULL, 'supplier2', 'y', 'y', 'n'),
(43, 31, 'Contact Name 2222', NULL, NULL, NULL, 'Designation 2', 'y', 'y', 'n'),
(44, 32, 'Contact Name 3', NULL, NULL, NULL, 'Designation 3', 'y', 'y', 'n'),
(45, 33, 'Ken Ang Sr', NULL, NULL, NULL, 'Manager', 'y', 'y', 'n'),
(46, 34, 'Christopher Pinugu', NULL, NULL, NULL, 'Manager', 'y', 'y', 'n'),
(47, 35, 'aDA', NULL, NULL, NULL, 'dfgiojo', 'y', 'y', 'n'),
(48, 0, 'saf', NULL, NULL, NULL, 'sfs', 'n', 'y', 'n'),
(49, 36, 'Christopher Pinugu', NULL, NULL, NULL, 'Manager', 'y', 'y', 'n'),
(50, 37, 'christopher yu', NULL, NULL, NULL, 'Supervisor', 'y', 'y', 'n'),
(51, 38, 'christopher pinugu', NULL, NULL, NULL, 'CEO', 'y', 'y', 'n'),
(52, 39, 'Contact Primary', NULL, NULL, NULL, 'Contact Designation', 'y', 'y', 'n');

-- --------------------------------------------------------

--
-- Table structure for table `contactdetails`
--

CREATE TABLE `contactdetails` (
  `id` int(11) NOT NULL,
  `contact_id` int(11) NOT NULL,
  `name` varchar(150) NOT NULL,
  `contacttype_id` int(11) NOT NULL,
  `delete_flag` char(1) NOT NULL DEFAULT 'n'
) ENGINE=InnoDB DEFAULT CHARSET=latin1;

--
-- Dumping data for table `contactdetails`
--

INSERT INTO `contactdetails` (`id`, `contact_id`, `name`, `contacttype_id`, `delete_flag`) VALUES
(1, 1, 'primary email', 1, 'n'),
(2, 1, 'primary contact number', 2, 'n'),
(3, 3, 'primary email', 1, 'n'),
(4, 3, 'primary contact number', 2, 'n'),
(5, 4, 'secondary email', 1, 'n'),
(6, 4, 'secondary contact number', 2, 'n'),
(7, 5, 'primary email', 1, 'n'),
(8, 5, 'primary contact number', 2, 'n'),
(9, 6, 'secondary email', 1, 'n'),
(10, 6, 'secondary contact number', 2, 'n'),
(11, 7, 'primary email', 1, 'n'),
(12, 7, 'primary contact number', 2, 'n'),
(13, 8, 'secondary email', 1, 'n'),
(14, 8, 'secondary contact number', 2, 'n'),
(15, 9, 'primary email', 1, 'n'),
(16, 9, 'primary contact number', 2, 'n'),
(17, 10, 'secondary email', 1, 'n'),
(18, 10, 'secondary contact number', 2, 'n'),
(19, 11, 'primary email', 1, 'n'),
(20, 11, 'primary contact number', 2, 'n'),
(21, 12, 'secondary email', 1, 'n'),
(22, 12, 'secondary contact number', 2, 'n'),
(23, 13, 'primary email', 1, 'n'),
(24, 13, 'primary contact number', 2, 'n'),
(25, 14, 'secondary email', 1, 'n'),
(26, 14, 'secondary contact number', 2, 'n'),
(27, 15, 'primary email', 1, 'n'),
(28, 15, 'primary contact number', 2, 'n'),
(29, 16, 'secondary email', 1, 'n'),
(30, 16, 'secondary contact number', 2, 'n'),
(31, 17, 'primary email', 1, 'n'),
(32, 17, 'primary contact number', 2, 'n'),
(33, 18, 'secondary email', 1, 'n'),
(34, 18, 'secondary contact number', 2, 'n'),
(35, 19, 'primary email', 1, 'n'),
(36, 19, 'primary contact number', 2, 'n'),
(37, 20, 'secondary email', 1, 'n'),
(38, 20, 'secondary contact number', 2, 'n'),
(39, 21, 'primary email', 1, 'n'),
(40, 21, 'primary contact number', 2, 'n'),
(41, 22, 'secondary email', 1, 'n'),
(42, 22, 'secondary contact number', 2, 'n'),
(43, 23, 'primary email', 1, 'n'),
(44, 23, 'primary contact number', 2, 'n'),
(45, 24, 'secondary email', 1, 'n'),
(46, 24, 'secondary contact number', 2, 'n'),
(47, 25, 'primary email', 1, 'n'),
(48, 25, 'primary contact number', 2, 'n'),
(49, 26, 'secondary email', 1, 'n'),
(50, 26, 'secondary contact number', 2, 'n'),
(51, 27, 'primary email', 1, 'n'),
(52, 27, 'primary contact number', 2, 'n'),
(53, 28, 'secondary email', 1, 'n'),
(54, 28, 'secondary contact number', 2, 'n'),
(55, 29, 'primary email', 1, 'n'),
(56, 29, 'primary contact number', 2, 'n'),
(57, 30, 'secondary email', 1, 'n'),
(58, 30, 'secondary contact number', 2, 'n'),
(59, 31, 'primary email', 1, 'n'),
(60, 31, 'primary contact number', 2, 'n'),
(61, 32, 'secondary email', 1, 'n'),
(62, 32, 'secondary contact number', 2, 'n'),
(63, 33, 'test', 1, 'n'),
(64, 33, 'test', 2, 'n'),
(65, 34, 'test', 1, 'n'),
(66, 34, 'test', 2, 'n'),
(67, 35, 'test', 1, 'n'),
(68, 35, 'test', 2, 'n'),
(69, 36, 'test', 1, 'n'),
(70, 36, 'test', 2, 'n'),
(71, 37, 'test', 1, 'n'),
(72, 37, 'test', 2, 'n'),
(73, 38, 'customer', 1, 'n'),
(74, 38, 'customer', 2, 'n'),
(75, 39, 'customer', 1, 'n'),
(76, 39, 'customer', 2, 'n'),
(77, 40, 'kennedyang@gmail.com', 1, 'n'),
(78, 40, '6461693', 2, 'n'),
(79, 41, 'supplier', 1, 'n'),
(80, 41, 'supplier', 2, 'n'),
(81, 42, 'supplier2', 1, 'n'),
(82, 42, 'supplier2', 2, 'n'),
(83, 43, 'customer2@gmail.com', 1, 'n'),
(84, 43, 'Contact Number  2', 2, 'n'),
(85, 44, 'customer3@gmail.com', 1, 'n'),
(86, 44, '1234567890', 2, 'n'),
(87, 45, 'chrispinugu@gmail.com', 1, 'n'),
(88, 45, '09172750205', 2, 'n'),
(89, 46, 'chrispinugu@gmail.com', 1, 'n'),
(90, 46, '09172750205', 2, 'n'),
(91, 47, 'ra@fsdhiuih.com', 1, 'n'),
(92, 47, '546345', 2, 'n'),
(93, 48, 'dgs@t.com', 1, 'n'),
(94, 48, '8687', 2, 'n'),
(95, 49, 'chrispinugu@yahoo.com', 1, 'n'),
(96, 49, '6461695', 2, 'n'),
(97, 50, 'chrispinugu@yahoo.com', 1, 'n'),
(98, 50, '665-234', 2, 'n'),
(99, 51, 'chrispinugu@yahoo.com', 1, 'n'),
(100, 51, '6461693', 2, 'n'),
(101, 52, 'contactemail@yahoo.com', 1, 'n'),
(102, 52, 'Contact Number', 2, 'n');

-- --------------------------------------------------------

--
-- Table structure for table `contacttype`
--

CREATE TABLE `contacttype` (
  `id` int(11) NOT NULL,
  `name` varchar(100) NOT NULL,
  `description` text,
  `delete_flag` char(1) NOT NULL DEFAULT 'n'
) ENGINE=InnoDB DEFAULT CHARSET=latin1;

--
-- Dumping data for table `contacttype`
--

INSERT INTO `contacttype` (`id`, `name`, `description`, `delete_flag`) VALUES
(1, 'email', NULL, 'n'),
(2, 'default_phone', NULL, 'n'),
(3, 'home_phone', NULL, 'n'),
(4, 'work_phone', NULL, 'n'),
(5, 'mobile_phone', NULL, 'n');

-- --------------------------------------------------------

--
-- Table structure for table `country`
--

CREATE TABLE `country` (
  `id` int(11) NOT NULL,
  `name` varchar(100) NOT NULL,
  `description` text,
  `delete_flag` char(1) NOT NULL DEFAULT 'n'
) ENGINE=InnoDB DEFAULT CHARSET=latin1;

--
-- Dumping data for table `country`
--

INSERT INTO `country` (`id`, `name`, `description`, `delete_flag`) VALUES
(1, 'Philippines', NULL, 'n'),
(2, 'China', NULL, 'n');

-- --------------------------------------------------------

--
-- Table structure for table `decisionlogic`
--

CREATE TABLE `decisionlogic` (
  `id` int(11) NOT NULL,
  `name` varchar(100) NOT NULL,
  `description` text,
  `numbertoselect` int(11) NOT NULL,
  `numberofsampling` int(11) NOT NULL,
  `minimumaveragerating` double NOT NULL,
  `minimumnumberofreviews` int(11) NOT NULL,
  `typeofselection` enum('top','random','t','r') NOT NULL DEFAULT 't',
  `sortedby` enum('name','id','reviewcount','averagerating') NOT NULL DEFAULT 'averagerating',
  `active_flag` char(1) NOT NULL DEFAULT 'n',
  `delete_flag` char(1) NOT NULL DEFAULT 'n'
) ENGINE=InnoDB DEFAULT CHARSET=latin1;

--
-- Dumping data for table `decisionlogic`
--

INSERT INTO `decisionlogic` (`id`, `name`, `description`, `numbertoselect`, `numberofsampling`, `minimumaveragerating`, `minimumnumberofreviews`, `typeofselection`, `sortedby`, `active_flag`, `delete_flag`) VALUES
(1, 'Default', 'Default', 5, 100, 0, 0, 'random', 'averagerating', 'y', 'n'),
(2, '4 Star and Up Rating', 'Select from 50 Suppliers that have at least 4 Star average rating reviews.', 3, 50, 4, 10, 'random', 'averagerating', 'n', 'n'),
(3, '4.5 Star and Up Rating', 'Select from 50 Suppliers that have atleast 4.5 Star average rating reviews.', 5, 50, 4.5, 10, 'random', 'averagerating', 'n', 'n'),
(4, '5 Star Rating Only', 'Select from 50 Suppliers that have at least 5 Star average rating reviews.', 5, 50, 5, 10, 'top', 'reviewcount', 'n', 'n');

-- --------------------------------------------------------

--
-- Table structure for table `decisionlogic_temp`
--

CREATE TABLE `decisionlogic_temp` (
  `id` int(11) NOT NULL,
  `name` varchar(100) NOT NULL,
  `description` text,
  `active_flag` char(1) NOT NULL DEFAULT 'y',
  `delete_flag` char(1) NOT NULL DEFAULT 'n'
) ENGINE=InnoDB DEFAULT CHARSET=latin1;

--
-- Dumping data for table `decisionlogic_temp`
--

INSERT INTO `decisionlogic_temp` (`id`, `name`, `description`, `active_flag`, `delete_flag`) VALUES
(1, 'Price', 'Select from Suppliers that have the cheapest price. If there are ties then choose randomly.', 'y', 'n'),
(2, 'Quality', 'Select from 50 Suppliers that have the highest 5 star reviews. \r\n\r\nSelect from 50 Suppliers the have the highest average star review\r\n\r\nSort from the highest number of reviews\r\n\r\n\r\nIf there are ties then choose randomly.', 'y', 'n'),
(3, 'Price then Quality', 'Select the Suppliers that have the Cheapest Price. Then sort it from who have the highest quality. If there are ties then choose randomly.', 'y', 'n'),
(4, 'Random', 'Price or Quality is not a factor. From a selected Suppliers, select randomly', 'y', 'n'),
(5, 'Quality then Price', 'Select the Suppliers that have the Highest Review. Sorted from the highest number of reviewers. If there is a tie then sort it based from price. If there are ties then choose randomly.', 'y', 'n'),
(6, 'Price and Quality', 'Select with the combination of factors for the Suppliers that have the Cheapest Price and the Highest Quality. If there are ties then choose randomly.', 'y', 'n');

-- --------------------------------------------------------

--
-- Table structure for table `designation`
--

CREATE TABLE `designation` (
  `id` int(11) NOT NULL,
  `name` varchar(100) NOT NULL,
  `description` text,
  `delete_flag` char(1) NOT NULL DEFAULT 'n'
) ENGINE=InnoDB DEFAULT CHARSET=latin1;

-- --------------------------------------------------------

--
-- Table structure for table `groups`
--

CREATE TABLE `groups` (
  `id` mediumint(8) UNSIGNED NOT NULL,
  `name` varchar(20) NOT NULL,
  `description` varchar(100) NOT NULL
) ENGINE=InnoDB DEFAULT CHARSET=utf8;

--
-- Dumping data for table `groups`
--

INSERT INTO `groups` (`id`, `name`, `description`) VALUES
(1, 'admin', 'Administrator'),
(2, 'customer', 'Customer'),
(3, 'Supplier', '');

-- --------------------------------------------------------

--
-- Table structure for table `imagerepository`
--

CREATE TABLE `imagerepository` (
  `id` int(11) NOT NULL,
  `name` varchar(100) NOT NULL,
  `description` text,
  `urlpath` varchar(200) NOT NULL,
  `delete_flag` char(1) NOT NULL DEFAULT 'n'
) ENGINE=InnoDB DEFAULT CHARSET=latin1;

-- --------------------------------------------------------

--
-- Table structure for table `imagetype`
--

CREATE TABLE `imagetype` (
  `id` int(11) NOT NULL,
  `name` varchar(100) NOT NULL,
  `description` text,
  `delete_flag` char(1) NOT NULL DEFAULT 'n'
) ENGINE=InnoDB DEFAULT CHARSET=latin1;

--
-- Dumping data for table `imagetype`
--

INSERT INTO `imagetype` (`id`, `name`, `description`, `delete_flag`) VALUES
(1, 'company location', 'image of location of the office of the company', 'n');

-- --------------------------------------------------------

--
-- Table structure for table `login_attempts`
--

CREATE TABLE `login_attempts` (
  `id` int(11) UNSIGNED NOT NULL,
  `ip_address` varchar(15) NOT NULL,
  `login` varchar(100) NOT NULL,
  `time` int(11) UNSIGNED DEFAULT NULL
) ENGINE=InnoDB DEFAULT CHARSET=utf8;

-- --------------------------------------------------------

--
-- Table structure for table `product`
--

CREATE TABLE `product` (
  `id` int(11) NOT NULL,
  `name` text NOT NULL,
  `category_id` int(11) NOT NULL,
  `description` text,
  `wholesalequantity` int(11) NOT NULL,
  `srp` decimal(10,2) NOT NULL,
  `enable_flag` char(1) NOT NULL DEFAULT 'n',
  `delete_flag` char(1) NOT NULL DEFAULT 'n'
) ENGINE=InnoDB DEFAULT CHARSET=latin1;

--
-- Dumping data for table `product`
--

INSERT INTO `product` (`id`, `name`, `category_id`, `description`, `wholesalequantity`, `srp`, `enable_flag`, `delete_flag`) VALUES
(1, 'Sledge Hammer', 14, NULL, 1000, '201.59', 'y', 'n'),
(2, 'Swinging Sledge Hammer', 14, NULL, 100, '100.00', 'y', 'n'),
(7, 'Claw Hammer', 14, NULL, 100, '100.00', 'y', 'n'),
(8, 'Chipping Hammer', 14, NULL, 100, '100.00', 'y', 'n'),
(9, 'Mallet', 14, NULL, 100, '100.00', 'y', 'n');

-- --------------------------------------------------------

--
-- Table structure for table `productimage`
--

CREATE TABLE `productimage` (
  `id` int(11) NOT NULL,
  `product_id` int(11) NOT NULL,
  `filename` varchar(100) NOT NULL,
  `domain` varchar(100) NOT NULL,
  `filelocation` varchar(150) NOT NULL,
  `imagetype_id` int(11) NOT NULL,
  `primaryimage_flag` char(1) NOT NULL DEFAULT 'n',
  `enable_flag` char(1) NOT NULL DEFAULT 'n',
  `delete_flag` char(1) NOT NULL DEFAULT 'n'
) ENGINE=InnoDB DEFAULT CHARSET=latin1;

-- --------------------------------------------------------

--
-- Table structure for table `quote`
--

CREATE TABLE `quote` (
  `id` int(11) NOT NULL,
  `cart_id` int(11) NOT NULL,
  `contact_id` int(11) NOT NULL,
  `company_id` int(11) NOT NULL,
  `instruction` text,
  `orderdate` datetime NOT NULL,
  `deliverydate` datetime NOT NULL,
  `totalquoteprice` decimal(20,2) NOT NULL,
  `expirydate` datetime NOT NULL,
  `title` varchar(150) DEFAULT NULL,
  `status_id` int(11) NOT NULL,
  `delete_flag` char(1) NOT NULL DEFAULT 'n'
) ENGINE=InnoDB DEFAULT CHARSET=latin1;

--
-- Dumping data for table `quote`
--

INSERT INTO `quote` (`id`, `cart_id`, `contact_id`, `company_id`, `instruction`, `orderdate`, `deliverydate`, `totalquoteprice`, `expirydate`, `title`, `status_id`, `delete_flag`) VALUES
(1, 3, 40, 28, 'This is a test', '0000-00-00 00:00:00', '0000-00-00 00:00:00', '2550.00', '0000-00-00 00:00:00', NULL, 1, 'n'),
(2, 3, 40, 28, 'This is a test', '0000-00-00 00:00:00', '2016-11-04 00:00:00', '2550.00', '0000-00-00 00:00:00', NULL, 1, 'n'),
(3, 3, 40, 28, 'This is a test', '0000-00-00 00:00:00', '2016-11-04 00:00:00', '2550.00', '0000-00-00 00:00:00', NULL, 1, 'n'),
(4, 4, 40, 28, '', '0000-00-00 00:00:00', '0000-00-00 00:00:00', '300.00', '0000-00-00 00:00:00', NULL, 1, 'n'),
(5, 5, 40, 28, '', '0000-00-00 00:00:00', '2016-10-29 00:00:00', '0.00', '0000-00-00 00:00:00', NULL, 1, 'n'),
(6, 6, 40, 28, '', '0000-00-00 00:00:00', '2016-10-29 00:00:00', '0.00', '0000-00-00 00:00:00', NULL, 1, 'n'),
(7, 7, 40, 28, '', '0000-00-00 00:00:00', '2016-10-29 00:00:00', '0.00', '0000-00-00 00:00:00', NULL, 1, 'n'),
(8, 8, 40, 28, '', '0000-00-00 00:00:00', '2016-10-29 00:00:00', '0.00', '0000-00-00 00:00:00', NULL, 1, 'n'),
(9, 9, 40, 28, '', '0000-00-00 00:00:00', '2016-10-29 00:00:00', '0.00', '0000-00-00 00:00:00', NULL, 1, 'n'),
(10, 10, 40, 28, '', '0000-00-00 00:00:00', '2016-10-29 00:00:00', '150.00', '0000-00-00 00:00:00', NULL, 1, 'n'),
(11, 11, 40, 28, '', '2016-10-26 16:14:46', '2016-10-29 00:00:00', '150.00', '0000-00-00 00:00:00', NULL, 1, 'n'),
(12, 12, 40, 28, '', '2016-10-26 16:16:18', '2016-10-29 00:00:00', '150.00', '0000-00-00 00:00:00', NULL, 1, 'n'),
(13, 13, 40, 28, '', '2016-10-26 16:17:13', '2016-10-29 00:00:00', '1500.00', '0000-00-00 00:00:00', NULL, 1, 'n'),
(14, 14, 40, 28, '', '2016-10-26 19:04:30', '2016-10-29 00:00:00', '0.00', '0000-00-00 00:00:00', NULL, 1, 'n'),
(15, 14, 40, 28, '', '2016-10-26 19:19:44', '2016-10-29 00:00:00', '0.00', '0000-00-00 00:00:00', NULL, 1, 'n'),
(16, 14, 40, 28, '', '2016-10-26 19:21:11', '2016-10-29 00:00:00', '0.00', '0000-00-00 00:00:00', NULL, 1, 'n'),
(17, 14, 40, 28, '', '2016-10-26 19:21:33', '2016-10-29 00:00:00', '0.00', '0000-00-00 00:00:00', NULL, 1, 'n'),
(18, 16, 43, 31, '', '2016-10-27 06:24:21', '2016-10-29 00:00:00', '300.00', '0000-00-00 00:00:00', NULL, 1, 'n'),
(19, 17, 43, 31, '', '2016-10-27 09:20:10', '2016-10-30 00:00:00', '0.00', '0000-00-00 00:00:00', NULL, 1, 'n'),
(20, 15, 40, 28, '', '2016-11-03 08:01:52', '0001-00-02 00:00:00', '150.00', '0000-00-00 00:00:00', NULL, 1, 'n'),
(21, 19, 40, 28, 'DELIVERY', '2016-11-03 20:01:23', '0001-00-02 00:00:00', '150.00', '0000-00-00 00:00:00', NULL, 1, 'n'),
(22, 24, 49, 36, 'Please call me first', '2016-12-16 15:06:24', '2016-12-18 00:00:00', '225000.00', '0000-00-00 00:00:00', NULL, 1, 'n'),
(23, 24, 49, 36, 'Please call me first', '2016-12-16 15:08:36', '2016-12-18 00:00:00', '225000.00', '0000-00-00 00:00:00', NULL, 1, 'n'),
(24, 24, 49, 36, 'Please call me first', '2016-12-16 15:09:02', '2016-12-18 00:00:00', '225000.00', '0000-00-00 00:00:00', NULL, 1, 'n'),
(25, 20, 40, 28, 'test instructions', '2017-01-19 18:20:33', '2017-01-22 00:00:00', '109000.00', '0000-00-00 00:00:00', NULL, 1, 'n'),
(26, 26, 40, 28, '', '2017-02-11 09:03:02', '2017-02-13 00:00:00', '104790.00', '0000-00-00 00:00:00', NULL, 1, 'n');

-- --------------------------------------------------------

--
-- Table structure for table `quotecustom`
--

CREATE TABLE `quotecustom` (
  `id` int(11) NOT NULL,
  `quote_id` int(11) NOT NULL,
  `cartcustom_id` int(11) NOT NULL,
  `category_id` int(11) NOT NULL,
  `quantity` int(20) NOT NULL,
  `customname` varchar(255) NOT NULL,
  `delete_flag` char(1) NOT NULL DEFAULT 'n'
) ENGINE=InnoDB DEFAULT CHARSET=latin1;

--
-- Dumping data for table `quotecustom`
--

INSERT INTO `quotecustom` (`id`, `quote_id`, `cartcustom_id`, `category_id`, `quantity`, `customname`, `delete_flag`) VALUES
(1, 17, 1, 12, 1, 'Test', 'n'),
(2, 17, 2, 9, 1, 'Test', 'n'),
(3, 18, 4, 9, 10, 'Custom 1', 'n'),
(4, 19, 5, 9, 100, 'Hey', 'n'),
(5, 20, 3, 9, 1, 'Test', 'n'),
(6, 25, 6, 10, 20, 'chris nail', 'n'),
(7, 25, 7, 11, 30, 'chris saw', 'n');

-- --------------------------------------------------------

--
-- Table structure for table `quotedetail`
--

CREATE TABLE `quotedetail` (
  `id` int(11) NOT NULL,
  `quote_id` int(11) NOT NULL,
  `cartdetail_id` int(11) NOT NULL,
  `product_id` int(11) NOT NULL,
  `quantity` int(20) NOT NULL,
  `unitprice` decimal(10,2) NOT NULL,
  `totalprice` decimal(20,2) NOT NULL,
  `delete_flag` char(1) NOT NULL DEFAULT 'n'
) ENGINE=InnoDB DEFAULT CHARSET=latin1;

--
-- Dumping data for table `quotedetail`
--

INSERT INTO `quotedetail` (`id`, `quote_id`, `cartdetail_id`, `product_id`, `quantity`, `unitprice`, `totalprice`, `delete_flag`) VALUES
(1, 1, 1, 1, 17, '150.00', '2550.00', 'n'),
(2, 1, 2, 2, 50, '0.00', '0.00', 'n'),
(3, 1, 4, 8, 100, '0.00', '0.00', 'n'),
(4, 1, 3, 9, 1222, '0.00', '0.00', 'n'),
(5, 2, 1, 1, 17, '150.00', '2550.00', 'n'),
(6, 2, 2, 2, 50, '0.00', '0.00', 'n'),
(7, 2, 4, 8, 100, '0.00', '0.00', 'n'),
(8, 2, 3, 9, 1222, '0.00', '0.00', 'n'),
(9, 3, 1, 1, 17, '150.00', '2550.00', 'n'),
(10, 3, 2, 2, 50, '0.00', '0.00', 'n'),
(11, 3, 4, 8, 100, '0.00', '0.00', 'n'),
(12, 3, 3, 9, 1222, '0.00', '0.00', 'n'),
(13, 4, 5, 1, 2, '150.00', '300.00', 'n'),
(14, 10, 6, 1, 1, '150.00', '150.00', 'n'),
(15, 11, 7, 1, 1, '150.00', '150.00', 'n'),
(16, 12, 8, 1, 1, '150.00', '150.00', 'n'),
(17, 13, 9, 1, 10, '150.00', '1500.00', 'n'),
(18, 18, 10, 1, 2, '150.00', '300.00', 'n'),
(19, 20, 11, 1, 1, '150.00', '150.00', 'n'),
(20, 20, 12, 8, 1, '0.00', '0.00', 'n'),
(21, 21, 13, 1, 1, '150.00', '150.00', 'n'),
(22, 23, 20, 8, 100, '450.00', '45000.00', 'n'),
(23, 24, 20, 8, 100, '450.00', '45000.00', 'n'),
(24, 25, 23, 2, 100, '90.00', '9000.00', 'n'),
(25, 25, 25, 1, 1000, '100.00', '100000.00', 'n'),
(26, 26, 26, 1, 998, '105.00', '104790.00', 'n');

-- --------------------------------------------------------

--
-- Table structure for table `quotestatus`
--

CREATE TABLE `quotestatus` (
  `id` int(11) NOT NULL,
  `name` varchar(100) NOT NULL,
  `description` text,
  `delete_flag` char(1) NOT NULL DEFAULT 'n'
) ENGINE=InnoDB DEFAULT CHARSET=latin1;

--
-- Dumping data for table `quotestatus`
--

INSERT INTO `quotestatus` (`id`, `name`, `description`, `delete_flag`) VALUES
(1, 'For Quotation', '', 'n'),
(2, 'Supplier Assigned', NULL, 'n'),
(3, 'Supplier Sent Quotation', NULL, 'n');

-- --------------------------------------------------------

--
-- Table structure for table `review`
--

CREATE TABLE `review` (
  `id` int(11) NOT NULL,
  `company_id` int(11) NOT NULL,
  `rating` int(11) NOT NULL,
  `date` datetime NOT NULL,
  `remark` text NOT NULL,
  `ratedbyuser_id` int(11) NOT NULL,
  `quote_id` int(11) NOT NULL,
  `delete_flag` char(1) NOT NULL DEFAULT 'n'
) ENGINE=InnoDB DEFAULT CHARSET=latin1;

--
-- Dumping data for table `review`
--

INSERT INTO `review` (`id`, `company_id`, `rating`, `date`, `remark`, `ratedbyuser_id`, `quote_id`, `delete_flag`) VALUES
(1, 29, 5, '2016-10-13 00:00:00', 'TEST', 14, 1, 'n'),
(2, 29, 3, '2016-11-04 00:00:00', 'HERE', 14, 4, 'n'),
(3, 29, 3, '2017-02-11 08:20:46', 'This supplier is average', 14, 1, 'n');

-- --------------------------------------------------------

--
-- Table structure for table `state`
--

CREATE TABLE `state` (
  `id` int(11) NOT NULL,
  `name` varchar(100) NOT NULL,
  `description` text,
  `country_id` int(11) NOT NULL,
  `delete_flag` char(1) NOT NULL DEFAULT 'n'
) ENGINE=InnoDB DEFAULT CHARSET=latin1;

-- --------------------------------------------------------

--
-- Table structure for table `supplier_quotecustom`
--

CREATE TABLE `supplier_quotecustom` (
  `id` int(11) NOT NULL,
  `quote_id` int(11) NOT NULL,
  `quotecustom_id` int(11) NOT NULL,
  `supplier_id` int(11) NOT NULL,
  `delete_flag` char(1) NOT NULL DEFAULT 'n'
) ENGINE=InnoDB DEFAULT CHARSET=latin1;

-- --------------------------------------------------------

--
-- Table structure for table `supplier_quotedetail`
--

CREATE TABLE `supplier_quotedetail` (
  `id` int(11) NOT NULL,
  `quote_id` int(11) NOT NULL,
  `quotedetail_id` int(11) NOT NULL,
  `supplier_id` int(11) NOT NULL,
  `delete_flag` char(1) NOT NULL DEFAULT 'n'
) ENGINE=InnoDB DEFAULT CHARSET=latin1;

--
-- Dumping data for table `supplier_quotedetail`
--

INSERT INTO `supplier_quotedetail` (`id`, `quote_id`, `quotedetail_id`, `supplier_id`, `delete_flag`) VALUES
(1, 1, 1, 29, 'n'),
(2, 1, 2, 30, 'n'),
(3, 2, 5, 29, 'n'),
(4, 2, 6, 30, 'n'),
(5, 25, 25, 29, 'n');

-- --------------------------------------------------------

--
-- Table structure for table `user`
--

CREATE TABLE `user` (
  `id` int(11) NOT NULL,
  `username` varchar(100) NOT NULL,
  `password` varchar(100) NOT NULL,
  `company_id` int(11) NOT NULL,
  `activationcode` varchar(100) DEFAULT NULL,
  `delete_flag` char(1) NOT NULL
) ENGINE=InnoDB DEFAULT CHARSET=latin1;

--
-- Dumping data for table `user`
--

INSERT INTO `user` (`id`, `username`, `password`, `company_id`, `activationcode`, `delete_flag`) VALUES
(1, 'username', '$2y$08$nvY.WH0O.cD6hCdoSrbh.ePKPF96hPUMZkCgvt780as95r141WRiy', 7, NULL, ''),
(3, 'username2', '$2y$08$otcuv3svuAsDMD4u0goxAuDPcOuhptWN.tVxxXw9SVl0.my72wd3i', 9, NULL, ''),
(4, 'username3', '$2y$08$l.abyS/PQYnNgiIzq300t.w9jxq8mx0n9ZsHkD5BGDQI27klk4jua', 10, NULL, ''),
(5, 'username4', '$2y$08$iMUAeADbMM9WmkIK1JCk5OE0/u08sJJ1eMZ5ADasRrOuK959C2Ko2', 11, NULL, ''),
(6, 'username5', '$2y$08$bwGDXamZtMcOEL.9wiVYYuoiOpG5U1.6Ha0l2yRNFlblQ1J/FYSxq', 12, NULL, ''),
(7, 'username6', '$2y$08$i4XiBXKQO0CNAO5A6tNXj.1nNe3ApGr6ZlDekHtRalpiZjXLk1Q6q', 13, NULL, ''),
(8, 'username7', '$2y$08$NmNpVHKZgO9vioClvY.uVeCO6ByZr5FS4cFFkK68.M.g7ELQy8fcu', 14, NULL, ''),
(9, 'username8', '$2y$08$gvkbJ/q9C1hmlMvNy42nP.A9WzRf7aPOnh6Z6Ij5yCv.hxs/X4eH2', 15, NULL, ''),
(10, 'username9', '$2y$08$Yz2PVZvWCv5kFsb7zGjPie48VVZibFrqwap2ScrFjFEOUtg0vXztO', 16, NULL, ''),
(12, 'username10', '$2y$08$FNqeVOjz93L/mO4VbJwsY.dtftdAtwsDsDc62Kz01Qs8w8StDhGw.', 18, NULL, ''),
(13, 'username11', '$2y$08$Oqwop0GiITppygxX7SLWV.6IY.fuBtsT4xYRNOKMT5xO2Ij0EQXea', 19, NULL, ''),
(14, 'username12', '$2y$08$twkBaBzl6kZDw.XcO7KowOxygdzD1bSyTr1Mtg0drx1n51gQr3Sb6', 20, NULL, ''),
(15, 'username13', '$2y$08$0KYETKjiSXDE8KXSOWpcxOnc5QH/ZHor/obLR5rcaAItgwzKIEZ6W', 21, NULL, ''),
(16, 'test', '$2y$08$n8SYeKH3D2CjeucFcVE/VOpZd3n4pRAPepTj4XUs7qSieUZbRUuJK', 22, NULL, ''),
(17, 'test2', '$2y$08$9hMNxM/OBi3M.6qrHV76BerEJwPqsLtXNt0pZ9DCWaTJ0RVzQW0XS', 23, NULL, ''),
(18, 'test3', '$2y$08$9F8CPAjlqWaITOeRaxV0T.WfStNjNRXltl4JuKm5F/rN9sUeCTHeS', 24, NULL, ''),
(19, 'test4', '$2y$08$mL2i7v7BM00.EippOVuO/ushWfW7mpg2NrwAY1qiKZMtdU8ppG9z.', 25, NULL, ''),
(20, 'test5', '$2y$08$NfGfBPpdBn/jhSPtJvmm0.5WVyuXVlIDR/7sNlU4SUuU/WhQfWKj2', 26, NULL, '');

-- --------------------------------------------------------

--
-- Table structure for table `users`
--

CREATE TABLE `users` (
  `id` int(11) UNSIGNED NOT NULL,
  `ip_address` varchar(45) NOT NULL,
  `username` varchar(100) DEFAULT NULL,
  `password` varchar(255) NOT NULL,
  `salt` varchar(255) DEFAULT NULL,
  `email` varchar(100) NOT NULL,
  `activation_code` varchar(40) DEFAULT NULL,
  `forgotten_password_code` varchar(40) DEFAULT NULL,
  `forgotten_password_time` int(11) UNSIGNED DEFAULT NULL,
  `remember_code` varchar(40) DEFAULT NULL,
  `created_on` int(11) UNSIGNED NOT NULL,
  `last_login` int(11) UNSIGNED DEFAULT NULL,
  `active` tinyint(1) UNSIGNED DEFAULT NULL,
  `first_name` varchar(50) DEFAULT NULL,
  `last_name` varchar(50) DEFAULT NULL,
  `company_id` int(11) DEFAULT NULL,
  `company` varchar(100) DEFAULT NULL,
  `phone` varchar(20) DEFAULT NULL
) ENGINE=InnoDB DEFAULT CHARSET=utf8;

--
-- Dumping data for table `users`
--

INSERT INTO `users` (`id`, `ip_address`, `username`, `password`, `salt`, `email`, `activation_code`, `forgotten_password_code`, `forgotten_password_time`, `remember_code`, `created_on`, `last_login`, `active`, `first_name`, `last_name`, `company_id`, `company`, `phone`) VALUES
(1, '127.0.0.1', 'administrator', '$2a$07$SeBknntpZror9uyftVopmu61qg0ms8Qv1yV6FG.kQOSM.9QhmTo36', '', 'admin@admin.com', '', NULL, NULL, 'eEhZIr/Ovrff6r2cUnOiVe', 1268889823, 1477637884, 1, 'Admin', 'istrator', NULL, 'ADMIN', '0'),
(2, '127.0.0.1', NULL, '$2y$08$GXUmLcHoDI3Cy0udfTQu/.A3.7.5ycY74MQqvXLqGGOUJHF1yX6Ci', NULL, 'primary email', NULL, NULL, NULL, NULL, 1476466559, NULL, 1, NULL, NULL, NULL, NULL, NULL),
(3, '127.0.0.1', NULL, '$2y$08$QOFJE9haguCZvF4EH5yQhOVJ1hRwWkpFpxe/YVDgu0GuhhVlqpdfO', NULL, 'primary email', NULL, NULL, NULL, NULL, 1476466645, NULL, 1, NULL, NULL, NULL, NULL, NULL),
(4, '127.0.0.1', 'username8', '$2y$08$3wTnIaenVot/7DA7PeEZuutFs0Q5px.luSpE3AeXQefQlgfZKEmiu', NULL, 'primary email', NULL, NULL, NULL, NULL, 1476467694, NULL, 1, NULL, NULL, NULL, NULL, NULL),
(5, '127.0.0.1', 'username10', '$2y$08$g/csVxDmzhf3oz.PgAe1tOQZlsDiRVHU8E7AHQcBaKt.5XbjAEz86', NULL, 'primary email', NULL, NULL, NULL, NULL, 1476467834, NULL, 1, NULL, NULL, NULL, NULL, NULL),
(6, '127.0.0.1', 'username11', '$2y$08$Wi2ObXls5KRTTMwuQUj/B.7edsuJ7g.pvgniASCNLQTacJ6fTO/zm', NULL, 'primary email', NULL, NULL, NULL, NULL, 1476467912, NULL, 1, NULL, NULL, NULL, NULL, NULL),
(7, '127.0.0.1', 'username12', '$2y$08$KqzC/sodL3.ckk65wS9gD.PJrjXAu1a4edKrZytzrg7D6q2AVUp8G', NULL, 'primary email', NULL, NULL, NULL, NULL, 1476480556, NULL, 1, NULL, NULL, NULL, NULL, NULL),
(8, '127.0.0.1', 'username13', '$2y$08$8nfNtgjshfFG8qh2/1yfrubK9eSJfdaZO/DfIW8PDhcfiz8QLA2/e', NULL, 'primary email', NULL, NULL, NULL, NULL, 1476481058, NULL, 1, NULL, NULL, NULL, NULL, NULL),
(9, '127.0.0.1', 'test', '$2y$08$MrlDS3fy27ocJjQDFg1B3eqH7ce3bERUAH8798sjBiAf6N4LpwLbi', NULL, 'test', NULL, NULL, NULL, NULL, 1476482972, NULL, 1, NULL, NULL, NULL, NULL, NULL),
(10, '127.0.0.1', 'test2', '$2y$08$EbJ/b/UBGjGlKA/slFICJOTYwEDWh/xO5cw7JfD6NaiFA5BKwq8TW', NULL, 'test', '', NULL, NULL, '', 1476483578, NULL, 1, NULL, NULL, NULL, NULL, NULL),
(11, '127.0.0.1', 'test3', '$2y$08$vTgNjgATkUbvvqU5QZxj/Obmxb12b91v96f8zBi.0gMjWmLCuDyHu', NULL, 'test', '', NULL, NULL, '', 1476485085, NULL, 1, NULL, NULL, NULL, NULL, NULL),
(12, '127.0.0.1', 'test4', '$2y$08$537FtmKy3nqakzPlCqAbVuKvtD0QxJdSszu8YV23jr.JfO8lieb9S', NULL, 'test', NULL, NULL, NULL, NULL, 1476486144, NULL, 1, NULL, NULL, NULL, NULL, NULL),
(13, '127.0.0.1', 'test5', '$2y$08$bjGC2AEObToRLRVQ5T5e0.JduEVFw/6zJEnzh8yHURcxpcWPwm8My', NULL, 'test', NULL, NULL, NULL, '7maidipQNDuXs9rjPKzRAO', 1476486852, 1476597520, 1, NULL, NULL, NULL, NULL, NULL),
(14, '127.0.0.1', 'kennedyang', '$2y$08$n0DK.36BUJnjjTM0XkJe8.38mppzsapglCN9Q15zWMQF9r9dIqgNO', NULL, 'chrispinugu@yahoo.com', NULL, NULL, NULL, NULL, 1476598366, 1499180366, 1, NULL, NULL, 28, NULL, NULL),
(15, '127.0.0.1', 'supplier', '$2y$08$/i69WzGIXL9eU0P32MpFte44jlsYjUxlwzsUlSIQw5jRABv29TMNG', NULL, '', NULL, NULL, NULL, NULL, 1476598527, 1486806903, 1, NULL, NULL, 29, NULL, NULL),
(16, '127.0.0.1', 'supplier2', '$2y$08$p78LNLhgWSwUXmQySVMUVOC4WwvHasLZvAPI7y/gDo/090oKIsiX6', NULL, '', NULL, NULL, NULL, NULL, 1476598690, 1483327965, 1, NULL, NULL, 30, NULL, NULL),
(17, '127.0.0.1', 'customer2', '$2y$08$q/FCJKGJFLEKjiUJZR2Q1unMk2HSpNiLNpZpSCzZnomYE17vd01yO', NULL, '', NULL, NULL, NULL, NULL, 1477574543, 1483337246, 1, NULL, NULL, 31, NULL, NULL),
(18, '127.0.0.1', 'customer3', '$2y$08$vY4FSOB4t/Dz8V322duXW.Ws7YxQoB8HwOvHV4DI57Eyi82bpEnVi', NULL, '', NULL, NULL, NULL, NULL, 1477582812, 1477582819, 1, NULL, NULL, 32, NULL, NULL),
(19, '180.190.90.194', 'kennedyang-supplier', '$2y$08$btXWzX2pRK4LDwQdQ66myuj/fnpeACPpIV9fklpj651ATo39qshQi', NULL, '', NULL, NULL, NULL, NULL, 1479525201, 1499183947, 1, NULL, NULL, 33, NULL, NULL),
(20, '180.190.90.194', 'chrispinugu3', '$2y$08$5Esok2qwWWBlqH3gWvZo7uqTepy3LYm4RaWn.1hBY87ib2bsD2kyO', NULL, '', NULL, NULL, NULL, NULL, 1479525465, NULL, 1, NULL, NULL, 34, NULL, NULL),
(21, '115.166.141.126', 'pooja', '$2y$08$H7lI85.wlKcle7R5k0SroO/Ih0bxuONf2hPKqz9UcyP5qjJnDFbpC', NULL, '', NULL, NULL, NULL, NULL, 1481284244, 1481284328, 1, NULL, NULL, 35, NULL, NULL),
(22, '180.191.139.154', 'chrispinugu', '$2y$08$LS1ZMX3IXIzdsJQlbQ/pm.lYB/1lDunAgh5CYn5GALWLXa35yd7Le', NULL, '', NULL, NULL, NULL, NULL, 1481896849, 1499180380, 1, NULL, NULL, 36, NULL, NULL),
(23, '180.191.139.154', 'chrispinugu2', '$2y$08$m5ozsPLti.TLy/ECKI9LuepWOq5R8OIHL.mVfhbAep1Cu66AEw6Bi', NULL, '', NULL, NULL, NULL, NULL, 1481898740, 1499180460, 1, NULL, NULL, 38, NULL, NULL),
(24, '120.29.112.92', 'ralphjesy12', '$2y$08$LG6IoBlggPhXqqROBYrpvubwMY3x0/EGAgEHxExkrkTGGve0FFZRC', NULL, '', NULL, NULL, NULL, NULL, 1499261121, 1499261129, 1, NULL, NULL, 39, NULL, NULL);

-- --------------------------------------------------------

--
-- Table structure for table `users_groups`
--

CREATE TABLE `users_groups` (
  `id` int(11) UNSIGNED NOT NULL,
  `user_id` int(11) UNSIGNED NOT NULL,
  `group_id` mediumint(8) UNSIGNED NOT NULL
) ENGINE=InnoDB DEFAULT CHARSET=utf8;

--
-- Dumping data for table `users_groups`
--

INSERT INTO `users_groups` (`id`, `user_id`, `group_id`) VALUES
(1, 1, 1),
(2, 1, 2),
(3, 2, 2),
(4, 3, 2),
(5, 4, 2),
(6, 5, 2),
(7, 6, 2),
(8, 7, 2),
(9, 8, 2),
(10, 9, 2),
(11, 10, 2),
(12, 11, 2),
(13, 12, 1),
(14, 13, 2),
(16, 14, 2),
(17, 15, 3),
(18, 16, 3),
(19, 17, 2),
(20, 18, 2),
(21, 19, 2),
(22, 20, 2),
(23, 21, 3),
(24, 22, 2),
(25, 23, 2),
(26, 24, 2);

-- --------------------------------------------------------

--
-- Table structure for table `zipcode`
--

CREATE TABLE `zipcode` (
  `id` int(11) NOT NULL,
  `name` varchar(100) NOT NULL,
  `description` text,
  `delete_flag` char(1) NOT NULL DEFAULT 'n'
) ENGINE=InnoDB DEFAULT CHARSET=latin1;

--
-- Indexes for dumped tables
--

--
-- Indexes for table `address`
--
ALTER TABLE `address`
  ADD PRIMARY KEY (`id`);

--
-- Indexes for table `adminuser`
--
ALTER TABLE `adminuser`
  ADD PRIMARY KEY (`id`),
  ADD UNIQUE KEY `username` (`username`);

--
-- Indexes for table `adminusertype`
--
ALTER TABLE `adminusertype`
  ADD PRIMARY KEY (`id`);

--
-- Indexes for table `blacklist`
--
ALTER TABLE `blacklist`
  ADD PRIMARY KEY (`id`);

--
-- Indexes for table `businesstype`
--
ALTER TABLE `businesstype`
  ADD PRIMARY KEY (`id`);

--
-- Indexes for table `cart`
--
ALTER TABLE `cart`
  ADD PRIMARY KEY (`id`);

--
-- Indexes for table `cartcustom`
--
ALTER TABLE `cartcustom`
  ADD PRIMARY KEY (`id`);

--
-- Indexes for table `cartdetail`
--
ALTER TABLE `cartdetail`
  ADD PRIMARY KEY (`id`);

--
-- Indexes for table `cartstatus`
--
ALTER TABLE `cartstatus`
  ADD PRIMARY KEY (`id`);

--
-- Indexes for table `category`
--
ALTER TABLE `category`
  ADD PRIMARY KEY (`id`);

--
-- Indexes for table `categoryimage`
--
ALTER TABLE `categoryimage`
  ADD PRIMARY KEY (`id`);

--
-- Indexes for table `categorylevel`
--
ALTER TABLE `categorylevel`
  ADD PRIMARY KEY (`id`);

--
-- Indexes for table `city`
--
ALTER TABLE `city`
  ADD PRIMARY KEY (`id`);

--
-- Indexes for table `ci_sessions`
--
ALTER TABLE `ci_sessions`
  ADD KEY `ci_sessions_timestamp` (`timestamp`);

--
-- Indexes for table `company`
--
ALTER TABLE `company`
  ADD PRIMARY KEY (`id`);

--
-- Indexes for table `companyimage`
--
ALTER TABLE `companyimage`
  ADD PRIMARY KEY (`id`);

--
-- Indexes for table `company_product`
--
ALTER TABLE `company_product`
  ADD PRIMARY KEY (`id`);

--
-- Indexes for table `contact`
--
ALTER TABLE `contact`
  ADD PRIMARY KEY (`id`);

--
-- Indexes for table `contactdetails`
--
ALTER TABLE `contactdetails`
  ADD PRIMARY KEY (`id`);

--
-- Indexes for table `contacttype`
--
ALTER TABLE `contacttype`
  ADD PRIMARY KEY (`id`);

--
-- Indexes for table `country`
--
ALTER TABLE `country`
  ADD PRIMARY KEY (`id`);

--
-- Indexes for table `decisionlogic_temp`
--
ALTER TABLE `decisionlogic_temp`
  ADD PRIMARY KEY (`id`);

--
-- Indexes for table `designation`
--
ALTER TABLE `designation`
  ADD PRIMARY KEY (`id`);

--
-- Indexes for table `groups`
--
ALTER TABLE `groups`
  ADD PRIMARY KEY (`id`);

--
-- Indexes for table `imagerepository`
--
ALTER TABLE `imagerepository`
  ADD PRIMARY KEY (`id`);

--
-- Indexes for table `imagetype`
--
ALTER TABLE `imagetype`
  ADD PRIMARY KEY (`id`);

--
-- Indexes for table `login_attempts`
--
ALTER TABLE `login_attempts`
  ADD PRIMARY KEY (`id`);

--
-- Indexes for table `product`
--
ALTER TABLE `product`
  ADD PRIMARY KEY (`id`),
  ADD UNIQUE KEY `name` (`name`(255));

--
-- Indexes for table `productimage`
--
ALTER TABLE `productimage`
  ADD PRIMARY KEY (`id`);

--
-- Indexes for table `quote`
--
ALTER TABLE `quote`
  ADD PRIMARY KEY (`id`);

--
-- Indexes for table `quotecustom`
--
ALTER TABLE `quotecustom`
  ADD PRIMARY KEY (`id`);

--
-- Indexes for table `quotedetail`
--
ALTER TABLE `quotedetail`
  ADD PRIMARY KEY (`id`);

--
-- Indexes for table `quotestatus`
--
ALTER TABLE `quotestatus`
  ADD PRIMARY KEY (`id`);

--
-- Indexes for table `review`
--
ALTER TABLE `review`
  ADD PRIMARY KEY (`id`);

--
-- Indexes for table `state`
--
ALTER TABLE `state`
  ADD PRIMARY KEY (`id`);

--
-- Indexes for table `supplier_quotecustom`
--
ALTER TABLE `supplier_quotecustom`
  ADD PRIMARY KEY (`id`);

--
-- Indexes for table `supplier_quotedetail`
--
ALTER TABLE `supplier_quotedetail`
  ADD PRIMARY KEY (`id`);

--
-- Indexes for table `user`
--
ALTER TABLE `user`
  ADD PRIMARY KEY (`id`),
  ADD UNIQUE KEY `username` (`username`);

--
-- Indexes for table `users`
--
ALTER TABLE `users`
  ADD PRIMARY KEY (`id`);

--
-- Indexes for table `users_groups`
--
ALTER TABLE `users_groups`
  ADD PRIMARY KEY (`id`),
  ADD UNIQUE KEY `uc_users_groups` (`user_id`,`group_id`),
  ADD KEY `fk_users_groups_users1_idx` (`user_id`),
  ADD KEY `fk_users_groups_groups1_idx` (`group_id`);

--
-- Indexes for table `zipcode`
--
ALTER TABLE `zipcode`
  ADD PRIMARY KEY (`id`);

--
-- AUTO_INCREMENT for dumped tables
--

--
-- AUTO_INCREMENT for table `address`
--
ALTER TABLE `address`
  MODIFY `id` int(11) NOT NULL AUTO_INCREMENT, AUTO_INCREMENT=36;
--
-- AUTO_INCREMENT for table `adminuser`
--
ALTER TABLE `adminuser`
  MODIFY `id` int(11) NOT NULL AUTO_INCREMENT, AUTO_INCREMENT=3;
--
-- AUTO_INCREMENT for table `adminusertype`
--
ALTER TABLE `adminusertype`
  MODIFY `id` int(11) NOT NULL AUTO_INCREMENT;
--
-- AUTO_INCREMENT for table `blacklist`
--
ALTER TABLE `blacklist`
  MODIFY `id` int(11) NOT NULL AUTO_INCREMENT;
--
-- AUTO_INCREMENT for table `businesstype`
--
ALTER TABLE `businesstype`
  MODIFY `id` int(11) NOT NULL AUTO_INCREMENT, AUTO_INCREMENT=3;
--
-- AUTO_INCREMENT for table `cart`
--
ALTER TABLE `cart`
  MODIFY `id` int(11) NOT NULL AUTO_INCREMENT, AUTO_INCREMENT=28;
--
-- AUTO_INCREMENT for table `cartcustom`
--
ALTER TABLE `cartcustom`
  MODIFY `id` int(11) NOT NULL AUTO_INCREMENT, AUTO_INCREMENT=8;
--
-- AUTO_INCREMENT for table `cartdetail`
--
ALTER TABLE `cartdetail`
  MODIFY `id` int(11) NOT NULL AUTO_INCREMENT, AUTO_INCREMENT=27;
--
-- AUTO_INCREMENT for table `cartstatus`
--
ALTER TABLE `cartstatus`
  MODIFY `id` int(11) NOT NULL AUTO_INCREMENT, AUTO_INCREMENT=3;
--
-- AUTO_INCREMENT for table `category`
--
ALTER TABLE `category`
  MODIFY `id` int(11) NOT NULL AUTO_INCREMENT, AUTO_INCREMENT=55;
--
-- AUTO_INCREMENT for table `categoryimage`
--
ALTER TABLE `categoryimage`
  MODIFY `id` int(11) NOT NULL AUTO_INCREMENT;
--
-- AUTO_INCREMENT for table `categorylevel`
--
ALTER TABLE `categorylevel`
  MODIFY `id` int(11) NOT NULL AUTO_INCREMENT, AUTO_INCREMENT=12;
--
-- AUTO_INCREMENT for table `city`
--
ALTER TABLE `city`
  MODIFY `id` int(11) NOT NULL AUTO_INCREMENT;
--
-- AUTO_INCREMENT for table `company`
--
ALTER TABLE `company`
  MODIFY `id` int(11) NOT NULL AUTO_INCREMENT, AUTO_INCREMENT=40;
--
-- AUTO_INCREMENT for table `companyimage`
--
ALTER TABLE `companyimage`
  MODIFY `id` int(11) NOT NULL AUTO_INCREMENT;
--
-- AUTO_INCREMENT for table `company_product`
--
ALTER TABLE `company_product`
  MODIFY `id` int(11) NOT NULL AUTO_INCREMENT, AUTO_INCREMENT=8;
--
-- AUTO_INCREMENT for table `contact`
--
ALTER TABLE `contact`
  MODIFY `id` int(11) NOT NULL AUTO_INCREMENT, AUTO_INCREMENT=53;
--
-- AUTO_INCREMENT for table `contactdetails`
--
ALTER TABLE `contactdetails`
  MODIFY `id` int(11) NOT NULL AUTO_INCREMENT, AUTO_INCREMENT=103;
--
-- AUTO_INCREMENT for table `contacttype`
--
ALTER TABLE `contacttype`
  MODIFY `id` int(11) NOT NULL AUTO_INCREMENT, AUTO_INCREMENT=6;
--
-- AUTO_INCREMENT for table `country`
--
ALTER TABLE `country`
  MODIFY `id` int(11) NOT NULL AUTO_INCREMENT, AUTO_INCREMENT=3;
--
-- AUTO_INCREMENT for table `decisionlogic_temp`
--
ALTER TABLE `decisionlogic_temp`
  MODIFY `id` int(11) NOT NULL AUTO_INCREMENT, AUTO_INCREMENT=7;
--
-- AUTO_INCREMENT for table `designation`
--
ALTER TABLE `designation`
  MODIFY `id` int(11) NOT NULL AUTO_INCREMENT;
--
-- AUTO_INCREMENT for table `groups`
--
ALTER TABLE `groups`
  MODIFY `id` mediumint(8) UNSIGNED NOT NULL AUTO_INCREMENT, AUTO_INCREMENT=4;
--
-- AUTO_INCREMENT for table `imagerepository`
--
ALTER TABLE `imagerepository`
  MODIFY `id` int(11) NOT NULL AUTO_INCREMENT;
--
-- AUTO_INCREMENT for table `imagetype`
--
ALTER TABLE `imagetype`
  MODIFY `id` int(11) NOT NULL AUTO_INCREMENT, AUTO_INCREMENT=2;
--
-- AUTO_INCREMENT for table `login_attempts`
--
ALTER TABLE `login_attempts`
  MODIFY `id` int(11) UNSIGNED NOT NULL AUTO_INCREMENT;
--
-- AUTO_INCREMENT for table `product`
--
ALTER TABLE `product`
  MODIFY `id` int(11) NOT NULL AUTO_INCREMENT, AUTO_INCREMENT=10;
--
-- AUTO_INCREMENT for table `productimage`
--
ALTER TABLE `productimage`
  MODIFY `id` int(11) NOT NULL AUTO_INCREMENT;
--
-- AUTO_INCREMENT for table `quote`
--
ALTER TABLE `quote`
  MODIFY `id` int(11) NOT NULL AUTO_INCREMENT, AUTO_INCREMENT=27;
--
-- AUTO_INCREMENT for table `quotecustom`
--
ALTER TABLE `quotecustom`
  MODIFY `id` int(11) NOT NULL AUTO_INCREMENT, AUTO_INCREMENT=8;
--
-- AUTO_INCREMENT for table `quotedetail`
--
ALTER TABLE `quotedetail`
  MODIFY `id` int(11) NOT NULL AUTO_INCREMENT, AUTO_INCREMENT=27;
--
-- AUTO_INCREMENT for table `quotestatus`
--
ALTER TABLE `quotestatus`
  MODIFY `id` int(11) NOT NULL AUTO_INCREMENT, AUTO_INCREMENT=4;
--
-- AUTO_INCREMENT for table `review`
--
ALTER TABLE `review`
  MODIFY `id` int(11) NOT NULL AUTO_INCREMENT, AUTO_INCREMENT=4;
--
-- AUTO_INCREMENT for table `state`
--
ALTER TABLE `state`
  MODIFY `id` int(11) NOT NULL AUTO_INCREMENT;
--
-- AUTO_INCREMENT for table `supplier_quotecustom`
--
ALTER TABLE `supplier_quotecustom`
  MODIFY `id` int(11) NOT NULL AUTO_INCREMENT;
--
-- AUTO_INCREMENT for table `supplier_quotedetail`
--
ALTER TABLE `supplier_quotedetail`
  MODIFY `id` int(11) NOT NULL AUTO_INCREMENT, AUTO_INCREMENT=6;
--
-- AUTO_INCREMENT for table `user`
--
ALTER TABLE `user`
  MODIFY `id` int(11) NOT NULL AUTO_INCREMENT, AUTO_INCREMENT=21;
--
-- AUTO_INCREMENT for table `users`
--
ALTER TABLE `users`
  MODIFY `id` int(11) UNSIGNED NOT NULL AUTO_INCREMENT, AUTO_INCREMENT=25;
--
-- AUTO_INCREMENT for table `users_groups`
--
ALTER TABLE `users_groups`
  MODIFY `id` int(11) UNSIGNED NOT NULL AUTO_INCREMENT, AUTO_INCREMENT=27;
--
-- AUTO_INCREMENT for table `zipcode`
--
ALTER TABLE `zipcode`
  MODIFY `id` int(11) NOT NULL AUTO_INCREMENT;
--
-- Constraints for dumped tables
--

--
-- Constraints for table `users_groups`
--
ALTER TABLE `users_groups`
  ADD CONSTRAINT `fk_users_groups_groups1` FOREIGN KEY (`group_id`) REFERENCES `groups` (`id`) ON DELETE CASCADE ON UPDATE NO ACTION,
  ADD CONSTRAINT `fk_users_groups_users1` FOREIGN KEY (`user_id`) REFERENCES `users` (`id`) ON DELETE CASCADE ON UPDATE NO ACTION;

/*!40101 SET CHARACTER_SET_CLIENT=@OLD_CHARACTER_SET_CLIENT */;
/*!40101 SET CHARACTER_SET_RESULTS=@OLD_CHARACTER_SET_RESULTS */;
/*!40101 SET COLLATION_CONNECTION=@OLD_COLLATION_CONNECTION */;
